frame,preset,distance,bytes,msgs_384,msgs_300,bpp,mac_cjxl_s,mac_peak_rss_kb
cool_s-1_r0,1600x900,1.5,103474,360,460,0.5749,0.505,37296
cool_s-1_r0,1600x900,1.75,92080,320,410,0.5116,0.678,35648
cool_s-1_r0,1600x900,2.0,84047,292,374,0.4669,0.503,35072
cool_s-1_r0,1600x900,2.25,77782,271,346,0.4321,0.455,34864
cool_s-1_r0,1600x900,2.5,72727,253,324,0.404,0.46,35552
cool_s-1_r0,1600x900,2.75,67908,236,302,0.3773,0.465,35888
cool_s-1_r0,1600x900,3.0,64287,224,286,0.3572,0.465,36656
cool_s-1_r0,1600x900,3.25,61142,213,272,0.3397,0.467,30896
cool_s-1_r0,1600x900,3.5,58017,202,258,0.3223,0.462,31648
cool_s-1_r0,1600x900,3.75,55517,193,247,0.3084,0.467,31760
cool_s-1_r0,1600x900,4.0,53271,185,237,0.2959,0.453,32496
cool_s-1_r0,1600x900,4.25,51319,179,229,0.2851,0.446,34208
cool_s-1_r0,1600x900,4.5,49602,173,221,0.2756,0.454,31056
cool_s-1_r0,1600x900,4.75,47899,167,213,0.2661,0.453,38864
cool_s-1_r0,1600x900,5.0,46406,162,207,0.2578,0.461,36048
cool_s-1_r0,1600x900,5.25,44715,156,199,0.2484,0.46,37632
cool_s-1_r0,1600x900,5.5,43562,152,194,0.242,0.605,38416
cool_s-1_r0,1600x900,5.75,42287,147,188,0.2349,0.504,37296
cool_s-1_r0,1600x900,6.0,41207,144,184,0.2289,0.541,38896
cool_s-1_r0,1600x900,6.25,40087,140,179,0.2227,0.442,39840
cool_s-1_r0,1600x900,6.5,39300,137,175,0.2183,0.506,37776
cool_s-1_r0,1600x900,6.75,38296,133,171,0.2128,0.456,40304
cool_s-1_r0,1600x900,7.0,37295,130,166,0.2072,0.47,39936
cool_s-1_r0,1600x900,7.25,36472,127,163,0.2026,0.512,38224
cool_s-1_r0,1600x900,7.5,35578,124,159,0.1977,0.466,41056
cool_s-1_r0,1600x900,7.75,35029,122,156,0.1946,0.456,37920
cool_s-1_r0,1600x900,8.0,34140,119,152,0.1897,0.453,35888
cool_s-1_r0,1600x900,8.25,33515,117,149,0.1862,0.497,36000
cool_s-1_r0,1600x900,8.5,32916,115,147,0.1829,0.43,40016
cool_s-1_r0,1600x900,8.75,32338,113,144,0.1797,0.45,39648
cool_s-1_r0,1600x900,9.0,31807,111,142,0.1767,0.448,40224
cool_s-1_r0,2000x1124,1.5,150952,525,671,0.5372,0.677,53872
cool_s-1_r0,2000x1124,1.75,133566,464,594,0.4753,0.704,56832
cool_s-1_r0,2000x1124,2.0,121348,422,540,0.4318,0.704,56624
cool_s-1_r0,2000x1124,2.25,112006,389,498,0.3986,0.678,57440
cool_s-1_r0,2000x1124,2.5,104398,363,464,0.3715,0.767,55040
cool_s-1_r0,2000x1124,2.75,97257,338,433,0.3461,0.684,54816
cool_s-1_r0,2000x1124,3.0,91815,319,409,0.3267,0.697,51360
cool_s-1_r0,2000x1124,3.25,87126,303,388,0.3101,0.735,54944
cool_s-1_r0,2000x1124,3.5,82392,287,367,0.2932,0.687,58224
cool_s-1_r0,2000x1124,3.75,78643,274,350,0.2799,0.703,55872
cool_s-1_r0,2000x1124,4.0,75226,262,335,0.2677,0.674,52528
cool_s-1_r0,2000x1124,4.25,72270,251,322,0.2572,0.681,54544
cool_s-1_r0,2000x1124,4.5,69754,243,311,0.2482,0.702,56000
cool_s-1_r0,2000x1124,4.75,67233,234,299,0.2393,0.688,56592
cool_s-1_r0,2000x1124,5.0,65039,226,290,0.2315,0.685,54064
cool_s-1_r0,2000x1124,5.25,62604,218,279,0.2228,0.703,55136
cool_s-1_r0,2000x1124,5.5,60954,212,271,0.2169,0.683,55984
cool_s-1_r0,2000x1124,5.75,59159,206,263,0.2105,0.697,54336
cool_s-1_r0,2000x1124,6.0,57523,200,256,0.2047,0.708,58096
cool_s-1_r0,2000x1124,6.25,55949,195,249,0.1991,0.686,58192
cool_s-1_r0,2000x1124,6.5,54763,191,244,0.1949,0.679,53536
cool_s-1_r0,2000x1124,6.75,53214,185,237,0.1894,0.702,57888
cool_s-1_r0,2000x1124,7.0,51768,180,231,0.1842,0.69,56928
cool_s-1_r0,2000x1124,7.25,50635,176,226,0.1802,0.698,57312
cool_s-1_r0,2000x1124,7.5,49453,172,220,0.176,0.688,56288
cool_s-1_r0,2000x1124,7.75,48603,169,217,0.173,0.692,57536
cool_s-1_r0,2000x1124,8.0,47368,165,211,0.1686,0.687,52144
cool_s-1_r0,2000x1124,8.25,46519,162,207,0.1655,0.689,57552
cool_s-1_r0,2000x1124,8.5,45564,159,203,0.1621,0.69,52688
cool_s-1_r0,2000x1124,8.75,44707,156,199,0.1591,0.697,52944
cool_s-1_r0,2000x1124,9.0,44030,153,196,0.1567,0.696,55568
cool_s-1_r0,2400x1350,1.5,216095,751,961,0.5336,1.03,120768
cool_s-1_r0,2400x1350,1.75,194047,674,863,0.4791,0.98,112192
cool_s-1_r0,2400x1350,2.0,172793,600,768,0.4266,0.975,136176
cool_s-1_r0,2400x1350,2.25,159345,554,709,0.3934,1.094,124368
cool_s-1_r0,2400x1350,2.5,148198,515,659,0.3659,0.944,96224
cool_s-1_r0,2400x1350,2.75,137735,479,613,0.3401,0.99,108464
cool_s-1_r0,2400x1350,3.0,129853,451,578,0.3206,0.992,95360
cool_s-1_r0,2400x1350,3.25,123164,428,548,0.3041,0.982,122464
cool_s-1_r0,2400x1350,3.5,116076,404,516,0.2866,0.926,94128
cool_s-1_r0,2400x1350,3.75,110734,385,493,0.2734,0.983,130032
cool_s-1_r0,2400x1350,4.0,105845,368,471,0.2613,0.978,124128
cool_s-1_r0,2400x1350,4.25,101646,353,452,0.251,0.986,107712
cool_s-1_r0,2400x1350,4.5,97984,341,436,0.2419,0.978,107456
cool_s-1_r0,2400x1350,4.75,94186,328,419,0.2326,0.944,107680
cool_s-1_r0,2400x1350,5.0,91079,317,405,0.2249,1.0,129424
cool_s-1_r0,2400x1350,5.25,87552,304,390,0.2162,0.979,118240
cool_s-1_r0,2400x1350,5.5,85150,296,379,0.2102,0.995,133440
cool_s-1_r0,2400x1350,5.75,82591,287,368,0.2039,1.003,128800
cool_s-1_r0,2400x1350,6.0,80326,279,358,0.1983,0.993,120944
cool_s-1_r0,2400x1350,6.25,77997,271,347,0.1926,1.008,133568
cool_s-1_r0,2400x1350,6.5,76391,266,340,0.1886,0.931,112528
cool_s-1_r0,2400x1350,6.75,74215,258,330,0.1832,0.992,103840
cool_s-1_r0,2400x1350,7.0,72144,251,321,0.1781,0.976,117232
cool_s-1_r0,2400x1350,7.25,70439,245,314,0.1739,0.96,126896
cool_s-1_r0,2400x1350,7.5,68720,239,306,0.1697,0.962,120112
cool_s-1_r0,2400x1350,7.75,67400,235,300,0.1664,0.987,109584
cool_s-1_r0,2400x1350,8.0,65619,228,292,0.162,0.991,116432
cool_s-1_r0,2400x1350,8.25,64283,224,286,0.1587,0.969,119488
cool_s-1_r0,2400x1350,8.5,62915,219,280,0.1553,0.977,124464
cool_s-1_r0,2400x1350,8.75,61720,215,275,0.1524,0.941,107680
cool_s-1_r0,2400x1350,9.0,60606,211,270,0.1496,0.978,112272
cool_s+0_r0,1600x900,1.5,111798,389,497,0.6211,0.584,66192
cool_s+0_r0,1600x900,1.75,100665,350,448,0.5593,0.586,64640
cool_s+0_r0,1600x900,2.0,92327,321,411,0.5129,0.572,67648
cool_s+0_r0,1600x900,2.25,85916,299,382,0.4773,0.586,69808
cool_s+0_r0,1600x900,2.5,80465,280,358,0.447,0.583,59680
cool_s+0_r0,1600x900,2.75,75591,263,336,0.4199,0.583,58960
cool_s+0_r0,1600x900,3.0,71700,249,319,0.3983,0.526,55216
cool_s+0_r0,1600x900,3.25,68286,238,304,0.3794,0.483,63808
cool_s+0_r0,1600x900,3.5,64904,226,289,0.3606,0.58,58544
cool_s+0_r0,1600x900,3.75,62235,217,277,0.3458,0.595,61568
cool_s+0_r0,1600x900,4.0,59828,208,266,0.3324,0.585,59536
cool_s+0_r0,1600x900,4.25,57697,201,257,0.3205,0.525,60784
cool_s+0_r0,1600x900,4.5,55994,195,249,0.3111,0.578,79392
cool_s+0_r0,1600x900,4.75,54302,189,242,0.3017,0.588,58976
cool_s+0_r0,1600x900,5.0,52733,184,235,0.293,0.546,52816
cool_s+0_r0,1600x900,5.25,50924,177,227,0.2829,0.584,59968
cool_s+0_r0,1600x900,5.5,49647,173,221,0.2758,0.589,58096
cool_s+0_r0,1600x900,5.75,48315,168,215,0.2684,0.48,68144
cool_s+0_r0,1600x900,6.0,47209,164,210,0.2623,0.591,67120
cool_s+0_r0,1600x900,6.25,46004,160,205,0.2556,0.542,66080
cool_s+0_r0,1600x900,6.5,45085,157,201,0.2505,0.584,77728
cool_s+0_r0,1600x900,6.75,43924,153,196,0.244,0.592,67216
cool_s+0_r0,1600x900,7.0,42825,149,191,0.2379,0.468,60272
cool_s+0_r0,1600x900,7.25,41941,146,187,0.233,0.559,69712
cool_s+0_r0,1600x900,7.5,41057,143,183,0.2281,0.58,67136
cool_s+0_r0,1600x900,7.75,40377,141,180,0.2243,0.552,61360
cool_s+0_r0,1600x900,8.0,39406,137,176,0.2189,0.578,69936
cool_s+0_r0,1600x900,8.25,38712,135,173,0.2151,0.577,67312
cool_s+0_r0,1600x900,8.5,37992,132,169,0.2111,0.533,71648
cool_s+0_r0,1600x900,8.75,37371,130,167,0.2076,0.559,62832
cool_s+0_r0,1600x900,9.0,36692,128,164,0.2038,0.528,59584
cool_s+0_r0,2000x1124,1.5,170083,591,756,0.6053,0.755,90464
cool_s+0_r0,2000x1124,1.75,151878,528,676,0.5405,0.763,94928
cool_s+0_r0,2000x1124,2.0,138277,481,615,0.4921,0.815,89232
cool_s+0_r0,2000x1124,2.25,127849,444,569,0.455,0.799,80816
cool_s+0_r0,2000x1124,2.5,119016,414,529,0.4235,0.772,85840
cool_s+0_r0,2000x1124,2.75,111186,387,495,0.3957,0.809,85744
cool_s+0_r0,2000x1124,3.0,105145,366,468,0.3742,0.77,92064
cool_s+0_r0,2000x1124,3.25,99863,347,444,0.3554,0.808,89808
cool_s+0_r0,2000x1124,3.5,94527,329,421,0.3364,0.764,111456
cool_s+0_r0,2000x1124,3.75,90512,315,403,0.3221,0.817,95344
cool_s+0_r0,2000x1124,4.0,86658,301,386,0.3084,0.769,85408
cool_s+0_r0,2000x1124,4.25,83424,290,371,0.2969,0.711,109776
cool_s+0_r0,2000x1124,4.5,80685,281,359,0.2871,0.754,85728
cool_s+0_r0,2000x1124,4.75,78038,271,347,0.2777,0.816,99216
cool_s+0_r0,2000x1124,5.0,75562,263,336,0.2689,0.821,91248
cool_s+0_r0,2000x1124,5.25,72695,253,324,0.2587,0.809,97872
cool_s+0_r0,2000x1124,5.5,70789,246,315,0.2519,0.807,99520
cool_s+0_r0,2000x1124,5.75,68717,239,306,0.2445,0.82,92864
cool_s+0_r0,2000x1124,6.0,66920,233,298,0.2381,0.819,97728
cool_s+0_r0,2000x1124,6.25,65118,227,290,0.2317,0.818,106704
cool_s+0_r0,2000x1124,6.5,63670,222,283,0.2266,0.829,110432
cool_s+0_r0,2000x1124,6.75,61927,216,276,0.2204,0.803,93024
cool_s+0_r0,2000x1124,7.0,60286,210,268,0.2145,0.815,94304
cool_s+0_r0,2000x1124,7.25,58977,205,263,0.2099,0.82,100048
cool_s+0_r0,2000x1124,7.5,57698,201,257,0.2053,0.827,97248
cool_s+0_r0,2000x1124,7.75,56737,198,253,0.2019,0.808,104704
cool_s+0_r0,2000x1124,8.0,55317,193,246,0.1969,0.814,98928
cool_s+0_r0,2000x1124,8.25,54239,189,242,0.193,0.805,110160
cool_s+0_r0,2000x1124,8.5,53191,185,237,0.1893,0.821,105984
cool_s+0_r0,2000x1124,8.75,52309,182,233,0.1862,0.823,89888
cool_s+0_r0,2000x1124,9.0,51299,179,228,0.1826,0.83,101760
cool_s+0_r0,2400x1350,1.5,251010,872,1116,0.6198,1.061,120960
cool_s+0_r0,2400x1350,1.75,223311,776,993,0.5514,1.05,114304
cool_s+0_r0,2400x1350,2.0,202092,702,899,0.499,1.053,120928
cool_s+0_r0,2400x1350,2.25,186412,648,829,0.4603,1.035,126928
cool_s+0_r0,2400x1350,2.5,173179,602,770,0.4276,1.061,121984
cool_s+0_r0,2400x1350,2.75,160914,559,716,0.3973,1.028,140080
cool_s+0_r0,2400x1350,3.0,151621,527,674,0.3744,1.074,130832
cool_s+0_r0,2400x1350,3.25,143890,500,640,0.3553,1.042,142000
cool_s+0_r0,2400x1350,3.5,135946,473,605,0.3357,1.058,129008
cool_s+0_r0,2400x1350,3.75,129866,451,578,0.3207,1.014,105424
cool_s+0_r0,2400x1350,4.0,124067,431,552,0.3063,1.042,121568
cool_s+0_r0,2400x1350,4.25,119152,414,530,0.2942,1.023,138240
cool_s+0_r0,2400x1350,4.5,114818,399,511,0.2835,1.039,117760
cool_s+0_r0,2400x1350,4.75,110741,385,493,0.2734,1.031,131760
cool_s+0_r0,2400x1350,5.0,107195,373,477,0.2647,1.051,129216
cool_s+0_r0,2400x1350,5.25,103020,358,458,0.2544,1.037,137504
cool_s+0_r0,2400x1350,5.5,100179,348,446,0.2474,1.055,109552
cool_s+0_r0,2400x1350,5.75,97105,338,432,0.2398,1.05,109536
cool_s+0_r0,2400x1350,6.0,94499,329,420,0.2333,1.067,126176
cool_s+0_r0,2400x1350,6.25,91838,319,409,0.2268,1.033,134224
cool_s+0_r0,2400x1350,6.5,89818,312,400,0.2218,1.037,126480
cool_s+0_r0,2400x1350,6.75,87311,304,389,0.2156,1.055,124496
cool_s+0_r0,2400x1350,7.0,84891,295,378,0.2096,1.051,129152
cool_s+0_r0,2400x1350,7.25,83011,289,369,0.205,1.032,121216
cool_s+0_r0,2400x1350,7.5,81173,282,361,0.2004,1.067,134688
cool_s+0_r0,2400x1350,7.75,79687,277,355,0.1968,1.045,127888
cool_s+0_r0,2400x1350,8.0,77626,270,346,0.1917,1.063,134176
cool_s+0_r0,2400x1350,8.25,76044,265,338,0.1878,1.05,138448
cool_s+0_r0,2400x1350,8.5,74377,259,331,0.1836,1.048,123312
cool_s+0_r0,2400x1350,8.75,73056,254,325,0.1804,1.035,130576
cool_s+0_r0,2400x1350,9.0,71660,249,319,0.1769,1.053,114032
cool_s+1_r0,1600x900,1.5,98527,343,438,0.5474,0.702,94304
cool_s+1_r0,1600x900,1.75,89518,311,398,0.4973,0.693,90288
cool_s+1_r0,1600x900,2.0,82304,286,366,0.4572,0.7,92720
cool_s+1_r0,1600x900,2.25,77005,268,343,0.4278,0.694,91072
cool_s+1_r0,1600x900,2.5,72251,251,322,0.4014,0.699,84624
cool_s+1_r0,1600x900,2.75,67957,236,303,0.3775,0.702,97696
cool_s+1_r0,1600x900,3.0,64598,225,288,0.3589,0.701,93984
cool_s+1_r0,1600x900,3.25,61776,215,275,0.3432,0.688,96560
cool_s+1_r0,1600x900,3.5,58848,205,262,0.3269,0.703,96512
cool_s+1_r0,1600x900,3.75,56457,197,251,0.3136,0.696,93808
cool_s+1_r0,1600x900,4.0,54240,189,242,0.3013,0.694,96512
cool_s+1_r0,1600x900,4.25,52306,182,233,0.2906,0.682,90176
cool_s+1_r0,1600x900,4.5,50486,176,225,0.2805,0.7,97856
cool_s+1_r0,1600x900,4.75,48870,170,218,0.2715,0.696,88960
cool_s+1_r0,1600x900,5.0,47451,165,211,0.2636,0.699,87712
cool_s+1_r0,1600x900,5.25,45889,160,204,0.2549,0.709,79008
cool_s+1_r0,1600x900,5.5,44747,156,199,0.2486,0.7,89504
cool_s+1_r0,1600x900,5.75,43686,152,195,0.2427,0.691,80192
cool_s+1_r0,1600x900,6.0,42573,148,190,0.2365,0.697,87936
cool_s+1_r0,1600x900,6.25,41566,145,185,0.2309,0.715,79840
cool_s+1_r0,1600x900,6.5,40725,142,181,0.2263,0.693,89952
cool_s+1_r0,1600x900,6.75,39719,138,177,0.2207,0.681,91936
cool_s+1_r0,1600x900,7.0,38808,135,173,0.2156,0.7,94672
cool_s+1_r0,1600x900,7.25,37991,132,169,0.2111,0.701,79104
cool_s+1_r0,1600x900,7.5,37108,129,165,0.2062,0.706,84752
cool_s+1_r0,1600x900,7.75,36492,127,163,0.2027,0.685,86560
cool_s+1_r0,1600x900,8.0,35647,124,159,0.198,0.699,86720
cool_s+1_r0,1600x900,8.25,34990,122,156,0.1944,0.682,72704
cool_s+1_r0,1600x900,8.5,34287,120,153,0.1905,0.697,89136
cool_s+1_r0,1600x900,8.75,33690,117,150,0.1872,0.693,89344
cool_s+1_r0,1600x900,9.0,33081,115,148,0.1838,0.686,80080
cool_s+1_r0,2000x1124,1.5,161870,563,720,0.576,0.939,118880
cool_s+1_r0,2000x1124,1.75,145412,505,647,0.5175,0.926,119104
cool_s+1_r0,2000x1124,2.0,132313,460,589,0.4709,0.949,118752
cool_s+1_r0,2000x1124,2.25,122697,427,546,0.4366,0.855,113472
cool_s+1_r0,2000x1124,2.5,114307,397,509,0.4068,0.888,121712
cool_s+1_r0,2000x1124,2.75,106642,371,474,0.3795,0.897,109312
cool_s+1_r0,2000x1124,3.0,100681,350,448,0.3583,0.897,112048
cool_s+1_r0,2000x1124,3.25,95731,333,426,0.3407,0.932,114912
cool_s+1_r0,2000x1124,3.5,90640,315,403,0.3226,0.937,112176
cool_s+1_r0,2000x1124,3.75,86783,302,386,0.3088,0.913,118464
cool_s+1_r0,2000x1124,4.0,83061,289,370,0.2956,0.911,121536
cool_s+1_r0,2000x1124,4.25,79944,278,356,0.2845,0.906,120576
cool_s+1_r0,2000x1124,4.5,76999,268,343,0.274,0.872,113664
cool_s+1_r0,2000x1124,4.75,74340,259,331,0.2646,0.919,107120
cool_s+1_r0,2000x1124,5.0,71987,250,320,0.2562,0.868,120864
cool_s+1_r0,2000x1124,5.25,69312,241,309,0.2467,0.917,121584
cool_s+1_r0,2000x1124,5.5,67421,235,300,0.2399,0.882,122976
cool_s+1_r0,2000x1124,5.75,65527,228,292,0.2332,0.933,116672
cool_s+1_r0,2000x1124,6.0,63742,222,284,0.2268,0.936,120048
cool_s+1_r0,2000x1124,6.25,62036,216,276,0.2208,0.878,119696
cool_s+1_r0,2000x1124,6.5,60729,211,270,0.2161,0.926,112272
cool_s+1_r0,2000x1124,6.75,59056,206,263,0.2102,0.917,112528
cool_s+1_r0,2000x1124,7.0,57489,200,256,0.2046,0.865,114784
cool_s+1_r0,2000x1124,7.25,56231,196,250,0.2001,0.862,115264
cool_s+1_r0,2000x1124,7.5,54943,191,245,0.1955,0.915,107424
cool_s+1_r0,2000x1124,7.75,53963,188,240,0.192,0.917,109120
cool_s+1_r0,2000x1124,8.0,52570,183,234,0.1871,0.923,113008
cool_s+1_r0,2000x1124,8.25,51525,179,229,0.1834,0.915,103312
cool_s+1_r0,2000x1124,8.5,50466,176,225,0.1796,0.921,114912
cool_s+1_r0,2000x1124,8.75,49541,173,221,0.1763,0.923,106656
cool_s+1_r0,2000x1124,9.0,48669,169,217,0.1732,0.921,117040
cool_s+1_r0,2400x1350,1.5,260468,905,1158,0.6431,1.153,141824
cool_s+1_r0,2400x1350,1.75,232099,806,1032,0.5731,1.164,137120
cool_s+1_r0,2400x1350,2.0,210212,730,935,0.519,1.152,140128
cool_s+1_r0,2400x1350,2.25,193712,673,861,0.4783,1.179,144288
cool_s+1_r0,2400x1350,2.5,179544,624,798,0.4433,1.17,146512
cool_s+1_r0,2400x1350,2.75,166422,578,740,0.4109,1.172,127952
cool_s+1_r0,2400x1350,3.0,156462,544,696,0.3863,1.215,151952
cool_s+1_r0,2400x1350,3.25,148075,515,659,0.3656,1.157,139104
cool_s+1_r0,2400x1350,3.5,139476,485,620,0.3444,1.171,133792
cool_s+1_r0,2400x1350,3.75,132893,462,591,0.3281,1.178,146928
cool_s+1_r0,2400x1350,4.0,126804,441,564,0.3131,1.165,136528
cool_s+1_r0,2400x1350,4.25,121673,423,541,0.3004,1.146,148064
cool_s+1_r0,2400x1350,4.5,117169,407,521,0.2893,1.159,150592
cool_s+1_r0,2400x1350,4.75,112797,392,502,0.2785,1.139,145984
cool_s+1_r0,2400x1350,5.0,108983,379,485,0.2691,1.14,136432
cool_s+1_r0,2400x1350,5.25,104605,364,465,0.2583,1.173,149856
cool_s+1_r0,2400x1350,5.5,101650,353,452,0.251,1.147,147312
cool_s+1_r0,2400x1350,5.75,98683,343,439,0.2437,1.149,124192
cool_s+1_r0,2400x1350,6.0,95778,333,426,0.2365,1.173,142112
cool_s+1_r0,2400x1350,6.25,93112,324,414,0.2299,1.187,134768
cool_s+1_r0,2400x1350,6.5,90950,316,405,0.2246,1.142,147088
cool_s+1_r0,2400x1350,6.75,88530,308,394,0.2186,1.199,133968
cool_s+1_r0,2400x1350,7.0,86125,300,383,0.2127,1.178,148736
cool_s+1_r0,2400x1350,7.25,84153,293,375,0.2078,1.176,134864
cool_s+1_r0,2400x1350,7.5,82198,286,366,0.203,1.144,138800
cool_s+1_r0,2400x1350,7.75,80679,281,359,0.1992,1.147,137408
cool_s+1_r0,2400x1350,8.0,78592,273,350,0.1941,1.181,153920
cool_s+1_r0,2400x1350,8.25,77050,268,343,0.1902,1.176,123040
cool_s+1_r0,2400x1350,8.5,75411,262,336,0.1862,1.173,133456
cool_s+1_r0,2400x1350,8.75,73969,257,329,0.1826,1.159,151728
cool_s+1_r0,2400x1350,9.0,72623,253,323,0.1793,1.132,130464
warm_s-1_r0,1600x900,1.5,103740,361,462,0.5763,0.482,29296
warm_s-1_r0,1600x900,1.75,92167,321,410,0.512,0.489,37392
warm_s-1_r0,1600x900,2.0,83922,292,373,0.4662,0.48,34848
warm_s-1_r0,1600x900,2.25,77539,270,345,0.4308,0.485,31440
warm_s-1_r0,1600x900,2.5,72312,252,322,0.4017,0.458,31728
warm_s-1_r0,1600x900,2.75,67612,235,301,0.3756,0.469,34112
warm_s-1_r0,1600x900,3.0,63900,222,284,0.355,0.472,32912
warm_s-1_r0,1600x900,3.25,60780,212,271,0.3377,0.47,33696
warm_s-1_r0,1600x900,3.5,57576,200,256,0.3199,0.474,34992
warm_s-1_r0,1600x900,3.75,55179,192,246,0.3065,0.472,30784
warm_s-1_r0,1600x900,4.0,52994,185,236,0.2944,0.465,37024
warm_s-1_r0,1600x900,4.25,50982,178,227,0.2832,0.47,30864
warm_s-1_r0,1600x900,4.5,49342,172,220,0.2741,0.473,34864
warm_s-1_r0,1600x900,4.75,47626,166,212,0.2646,0.479,31856
warm_s-1_r0,1600x900,5.0,46112,161,205,0.2562,0.475,30704
warm_s-1_r0,1600x900,5.25,44430,155,198,0.2468,0.468,35216
warm_s-1_r0,1600x900,5.5,43212,151,193,0.2401,0.477,32448
warm_s-1_r0,1600x900,5.75,41985,146,187,0.2333,0.47,34480
warm_s-1_r0,1600x900,6.0,40934,143,182,0.2274,0.473,31328
warm_s-1_r0,1600x900,6.25,39799,139,177,0.2211,0.479,31056
warm_s-1_r0,1600x900,6.5,38930,136,174,0.2163,0.48,30640
warm_s-1_r0,1600x900,6.75,37847,132,169,0.2103,0.482,31840
warm_s-1_r0,1600x900,7.0,36841,128,164,0.2047,0.465,35216
warm_s-1_r0,1600x900,7.25,36039,126,161,0.2002,0.481,31584
warm_s-1_r0,1600x900,7.5,35157,123,157,0.1953,0.463,35376
warm_s-1_r0,1600x900,7.75,34585,121,154,0.1921,0.481,35200
warm_s-1_r0,1600x900,8.0,33696,117,150,0.1872,0.471,31248
warm_s-1_r0,1600x900,8.25,33080,115,148,0.1838,0.469,36032
warm_s-1_r0,1600x900,8.5,32386,113,144,0.1799,0.46,31408
warm_s-1_r0,1600x900,8.75,31847,111,142,0.1769,0.464,32208
warm_s-1_r0,1600x900,9.0,31279,109,140,0.1738,0.475,35360
warm_s-1_r0,2000x1124,1.5,151666,527,675,0.5397,0.685,68272
warm_s-1_r0,2000x1124,1.75,133972,466,596,0.4768,0.706,57904
warm_s-1_r0,2000x1124,2.0,121480,422,540,0.4323,0.69,57968
warm_s-1_r0,2000x1124,2.25,111888,389,498,0.3982,0.689,58224
warm_s-1_r0,2000x1124,2.5,104103,362,463,0.3705,0.697,73504
warm_s-1_r0,2000x1124,2.75,96923,337,431,0.3449,0.701,58496
warm_s-1_r0,2000x1124,3.0,91367,318,407,0.3251,0.692,83088
warm_s-1_r0,2000x1124,3.25,86722,302,386,0.3086,0.77,76496
warm_s-1_r0,2000x1124,3.5,81981,285,365,0.2917,0.699,80720
warm_s-1_r0,2000x1124,3.75,78406,273,349,0.279,0.696,72192
warm_s-1_r0,2000x1124,4.0,74979,261,334,0.2668,0.691,83264
warm_s-1_r0,2000x1124,4.25,72016,251,321,0.2563,0.704,67152
warm_s-1_r0,2000x1124,4.5,69525,242,309,0.2474,0.705,62720
warm_s-1_r0,2000x1124,4.75,66972,233,298,0.2383,0.706,73056
warm_s-1_r0,2000x1124,5.0,64733,225,288,0.2304,0.711,86960
warm_s-1_r0,2000x1124,5.25,62198,216,277,0.2213,0.719,72768
warm_s-1_r0,2000x1124,5.5,60389,210,269,0.2149,0.704,58336
warm_s-1_r0,2000x1124,5.75,58640,204,261,0.2087,0.7,86672
warm_s-1_r0,2000x1124,6.0,57054,199,254,0.203,0.817,92448
warm_s-1_r0,2000x1124,6.25,55416,193,247,0.1972,0.708,58592
warm_s-1_r0,2000x1124,6.5,54224,189,241,0.193,0.694,71536
warm_s-1_r0,2000x1124,6.75,52661,183,235,0.1874,0.693,80080
warm_s-1_r0,2000x1124,7.0,51223,178,228,0.1823,0.706,74224
warm_s-1_r0,2000x1124,7.25,50204,175,224,0.1787,0.715,79168
warm_s-1_r0,2000x1124,7.5,48973,171,218,0.1743,0.703,70880
warm_s-1_r0,2000x1124,7.75,48064,167,214,0.171,0.697,72912
warm_s-1_r0,2000x1124,8.0,46798,163,208,0.1665,0.702,71984
warm_s-1_r0,2000x1124,8.25,45888,160,204,0.1633,0.673,93808
warm_s-1_r0,2000x1124,8.5,44896,156,200,0.1598,0.711,72048
warm_s-1_r0,2000x1124,8.75,44129,154,197,0.157,0.673,72272
warm_s-1_r0,2000x1124,9.0,43287,151,193,0.154,0.674,72256
warm_s-1_r0,2400x1350,1.5,217292,755,966,0.5365,0.991,131712
warm_s-1_r0,2400x1350,1.75,191690,666,852,0.4733,0.976,122368
warm_s-1_r0,2400x1350,2.0,173348,602,771,0.428,0.99,136704
warm_s-1_r0,2400x1350,2.25,159465,554,709,0.3937,0.98,115376
warm_s-1_r0,2400x1350,2.5,148034,515,658,0.3655,0.992,130992
warm_s-1_r0,2400x1350,2.75,137314,477,611,0.339,0.998,141472
warm_s-1_r0,2400x1350,3.0,129374,450,575,0.3194,0.985,104624
warm_s-1_r0,2400x1350,3.25,122585,426,545,0.3027,0.974,126960
warm_s-1_r0,2400x1350,3.5,115635,402,514,0.2855,0.973,120144
warm_s-1_r0,2400x1350,3.75,110260,383,491,0.2722,0.977,120544
warm_s-1_r0,2400x1350,4.0,105293,366,468,0.26,0.99,108848
warm_s-1_r0,2400x1350,4.25,100995,351,449,0.2494,1.082,124272
warm_s-1_r0,2400x1350,4.5,97300,338,433,0.2402,0.993,126768
warm_s-1_r0,2400x1350,4.75,93604,326,417,0.2311,0.926,122400
warm_s-1_r0,2400x1350,5.0,90520,315,403,0.2235,1.006,107088
warm_s-1_r0,2400x1350,5.25,86909,302,387,0.2146,0.972,108400
warm_s-1_r0,2400x1350,5.5,84421,294,376,0.2084,0.949,105712
warm_s-1_r0,2400x1350,5.75,81920,285,365,0.2023,0.988,127600
warm_s-1_r0,2400x1350,6.0,79682,277,355,0.1967,0.975,108768
warm_s-1_r0,2400x1350,6.25,77328,269,344,0.1909,0.957,108832
warm_s-1_r0,2400x1350,6.5,75601,263,337,0.1867,0.992,108976
warm_s-1_r0,2400x1350,6.75,73338,255,326,0.1811,0.989,111248
warm_s-1_r0,2400x1350,7.0,71292,248,317,0.176,0.992,128672
warm_s-1_r0,2400x1350,7.25,69632,242,310,0.1719,1.0,138640
warm_s-1_r0,2400x1350,7.5,68003,237,303,0.1679,0.985,124176
warm_s-1_r0,2400x1350,7.75,66674,232,297,0.1646,1.0,124672
warm_s-1_r0,2400x1350,8.0,64865,226,289,0.1602,0.946,131104
warm_s-1_r0,2400x1350,8.25,63630,221,283,0.1571,0.993,131040
warm_s-1_r0,2400x1350,8.5,62217,217,277,0.1536,0.985,126784
warm_s-1_r0,2400x1350,8.75,61161,213,272,0.151,0.989,134032
warm_s-1_r0,2400x1350,9.0,60019,209,267,0.1482,0.971,102784
warm_s+0_r0,1600x900,1.5,111485,388,496,0.6194,0.589,70448
warm_s+0_r0,1600x900,1.75,100299,349,446,0.5572,0.586,68240
warm_s+0_r0,1600x900,2.0,91911,320,409,0.5106,0.595,73568
warm_s+0_r0,1600x900,2.25,85346,297,380,0.4741,0.585,65280
warm_s+0_r0,1600x900,2.5,79957,278,356,0.4442,0.544,50672
warm_s+0_r0,1600x900,2.75,75004,261,334,0.4167,0.6,71392
warm_s+0_r0,1600x900,3.0,71028,247,316,0.3946,0.581,68000
warm_s+0_r0,1600x900,3.25,67761,236,302,0.3765,0.6,59728
warm_s+0_r0,1600x900,3.5,64438,224,287,0.358,0.59,75920
warm_s+0_r0,1600x900,3.75,61761,215,275,0.3431,0.589,60224
warm_s+0_r0,1600x900,4.0,59383,207,264,0.3299,0.586,67248
warm_s+0_r0,1600x900,4.25,57372,200,255,0.3187,0.59,72288
warm_s+0_r0,1600x900,4.5,55596,194,248,0.3089,0.48,60672
warm_s+0_r0,1600x900,4.75,53788,187,240,0.2988,0.593,51456
warm_s+0_r0,1600x900,5.0,52295,182,233,0.2905,0.59,68224
warm_s+0_r0,1600x900,5.25,50610,176,225,0.2812,0.53,59776
warm_s+0_r0,1600x900,5.5,49336,172,220,0.2741,0.605,70832
warm_s+0_r0,1600x900,5.75,48024,167,214,0.2668,0.528,62608
warm_s+0_r0,1600x900,6.0,46815,163,209,0.2601,0.6,69632
warm_s+0_r0,1600x900,6.25,45592,159,203,0.2533,0.589,75248
warm_s+0_r0,1600x900,6.5,44644,156,199,0.248,0.538,65936
warm_s+0_r0,1600x900,6.75,43601,152,194,0.2422,0.49,62560
warm_s+0_r0,1600x900,7.0,42508,148,189,0.2362,0.582,60912
warm_s+0_r0,1600x900,7.25,41641,145,186,0.2313,0.548,84528
warm_s+0_r0,1600x900,7.5,40749,142,182,0.2264,0.585,67696
warm_s+0_r0,1600x900,7.75,40047,140,178,0.2225,0.593,63872
warm_s+0_r0,1600x900,8.0,39095,136,174,0.2172,0.538,59616
warm_s+0_r0,1600x900,8.25,38340,134,171,0.213,0.579,73616
warm_s+0_r0,1600x900,8.5,37622,131,168,0.209,0.514,62000
warm_s+0_r0,1600x900,8.75,37033,129,165,0.2057,0.532,59504
warm_s+0_r0,1600x900,9.0,36361,127,162,0.202,0.591,67440
warm_s+0_r0,2000x1124,1.5,170011,591,756,0.605,0.835,109456
warm_s+0_r0,2000x1124,1.75,151660,527,675,0.5397,0.828,106256
warm_s+0_r0,2000x1124,2.0,138112,480,614,0.4915,0.834,85648
warm_s+0_r0,2000x1124,2.25,127503,443,567,0.4537,0.813,90160
warm_s+0_r0,2000x1124,2.5,118658,413,528,0.4223,0.757,99344
warm_s+0_r0,2000x1124,2.75,110657,385,492,0.3938,0.814,108272
warm_s+0_r0,2000x1124,3.0,104427,363,465,0.3716,0.776,90656
warm_s+0_r0,2000x1124,3.25,99268,345,442,0.3533,0.764,104880
warm_s+0_r0,2000x1124,3.5,94006,327,418,0.3345,0.761,94416
warm_s+0_r0,2000x1124,3.75,89956,313,400,0.3201,0.701,85744
warm_s+0_r0,2000x1124,4.0,86126,300,383,0.3065,0.798,95664
warm_s+0_r0,2000x1124,4.25,82798,288,368,0.2947,0.765,98208
warm_s+0_r0,2000x1124,4.5,79984,278,356,0.2846,0.812,90352
warm_s+0_r0,2000x1124,4.75,77223,269,344,0.2748,0.748,97584
warm_s+0_r0,2000x1124,5.0,74831,260,333,0.2663,0.811,89712
warm_s+0_r0,2000x1124,5.25,72148,251,321,0.2568,0.754,96064
warm_s+0_r0,2000x1124,5.5,70189,244,312,0.2498,0.712,94624
warm_s+0_r0,2000x1124,5.75,68195,237,304,0.2427,0.808,101216
warm_s+0_r0,2000x1124,6.0,66312,231,295,0.236,0.816,99504
warm_s+0_r0,2000x1124,6.25,64506,224,287,0.2296,0.745,104784
warm_s+0_r0,2000x1124,6.5,63101,220,281,0.2246,0.719,90880
warm_s+0_r0,2000x1124,6.75,61392,214,273,0.2185,0.765,95264
warm_s+0_r0,2000x1124,7.0,59729,208,266,0.2126,0.757,86256
warm_s+0_r0,2000x1124,7.25,58453,203,260,0.208,0.818,102704
warm_s+0_r0,2000x1124,7.5,57178,199,255,0.2035,0.76,119040
warm_s+0_r0,2000x1124,7.75,56214,196,250,0.2,0.827,96064
warm_s+0_r0,2000x1124,8.0,54811,191,244,0.1951,0.759,85872
warm_s+0_r0,2000x1124,8.25,53751,187,239,0.1913,0.808,115376
warm_s+0_r0,2000x1124,8.5,52661,183,235,0.1874,0.814,104048
warm_s+0_r0,2000x1124,8.75,51786,180,231,0.1843,0.818,94032
warm_s+0_r0,2000x1124,9.0,50850,177,226,0.181,0.829,118048
warm_s+0_r0,2400x1350,1.5,251927,875,1120,0.622,1.036,137472
warm_s+0_r0,2400x1350,1.75,223810,778,995,0.5526,1.043,141568
warm_s+0_r0,2400x1350,2.0,202444,703,900,0.4999,1.038,126880
warm_s+0_r0,2400x1350,2.25,189405,658,842,0.4677,1.041,133968
warm_s+0_r0,2400x1350,2.5,172902,601,769,0.4269,1.054,122288
warm_s+0_r0,2400x1350,2.75,160687,558,715,0.3968,1.066,130928
warm_s+0_r0,2400x1350,3.0,151287,526,673,0.3735,1.097,123584
warm_s+0_r0,2400x1350,3.25,143417,498,638,0.3541,1.05,121696
warm_s+0_r0,2400x1350,3.5,135407,471,602,0.3343,1.054,134080
warm_s+0_r0,2400x1350,3.75,129314,450,575,0.3193,1.048,126112
warm_s+0_r0,2400x1350,4.0,123467,429,549,0.3049,1.039,126864
warm_s+0_r0,2400x1350,4.25,118612,412,528,0.2929,1.035,125872
warm_s+0_r0,2400x1350,4.5,114436,398,509,0.2826,1.055,92016
warm_s+0_r0,2400x1350,4.75,110323,384,491,0.2724,1.044,110768
warm_s+0_r0,2400x1350,5.0,106692,371,475,0.2634,1.037,125376
warm_s+0_r0,2400x1350,5.25,102571,357,456,0.2533,1.059,116144
warm_s+0_r0,2400x1350,5.5,99664,347,443,0.2461,1.036,132992
warm_s+0_r0,2400x1350,5.75,96590,336,430,0.2385,1.06,139264
warm_s+0_r0,2400x1350,6.0,93919,327,418,0.2319,1.059,122176
warm_s+0_r0,2400x1350,6.25,91273,317,406,0.2254,1.037,124288
warm_s+0_r0,2400x1350,6.5,89294,311,397,0.2205,1.026,123520
warm_s+0_r0,2400x1350,6.75,86792,302,386,0.2143,1.041,118592
warm_s+0_r0,2400x1350,7.0,84383,293,376,0.2084,1.039,134816
warm_s+0_r0,2400x1350,7.25,82502,287,367,0.2037,1.047,146208
warm_s+0_r0,2400x1350,7.5,80644,281,359,0.1991,1.048,132928
warm_s+0_r0,2400x1350,7.75,79176,275,352,0.1955,1.048,129664
warm_s+0_r0,2400x1350,8.0,77069,268,343,0.1903,1.044,132560
warm_s+0_r0,2400x1350,8.25,75552,263,336,0.1865,1.09,114368
warm_s+0_r0,2400x1350,8.5,73980,257,329,0.1827,1.059,130576
warm_s+0_r0,2400x1350,8.75,72661,253,323,0.1794,1.091,141280
warm_s+0_r0,2400x1350,9.0,71332,248,318,0.1761,1.063,130032
warm_s+1_r0,1600x900,1.5,96996,337,432,0.5389,0.667,82576
warm_s+1_r0,1600x900,1.75,87890,306,391,0.4883,0.639,95232
warm_s+1_r0,1600x900,2.0,80772,281,359,0.4487,0.649,83856
warm_s+1_r0,1600x900,2.25,75446,262,336,0.4191,0.649,86048
warm_s+1_r0,1600x900,2.5,70807,246,315,0.3934,0.642,94064
warm_s+1_r0,1600x900,2.75,66458,231,296,0.3692,0.65,87872
warm_s+1_r0,1600x900,3.0,63087,220,281,0.3505,0.65,88112
warm_s+1_r0,1600x900,3.25,60313,210,269,0.3351,0.636,92080
warm_s+1_r0,1600x900,3.5,57410,200,256,0.3189,0.663,83328
warm_s+1_r0,1600x900,3.75,55093,192,245,0.3061,0.653,80048
warm_s+1_r0,1600x900,4.0,52865,184,235,0.2937,0.661,90192
warm_s+1_r0,1600x900,4.25,50893,177,227,0.2827,0.66,81840
warm_s+1_r0,1600x900,4.5,49253,172,219,0.2736,0.662,77408
warm_s+1_r0,1600x900,4.75,47642,166,212,0.2647,0.646,87008
warm_s+1_r0,1600x900,5.0,46188,161,206,0.2566,0.646,93696
warm_s+1_r0,1600x900,5.25,44663,156,199,0.2481,0.634,88848
warm_s+1_r0,1600x900,5.5,43595,152,194,0.2422,0.64,79536
warm_s+1_r0,1600x900,5.75,42490,148,189,0.2361,0.635,84480
warm_s+1_r0,1600x900,6.0,41422,144,185,0.2301,0.649,88608
warm_s+1_r0,1600x900,6.25,40377,141,180,0.2243,0.657,89200
warm_s+1_r0,1600x900,6.5,39512,138,176,0.2195,0.639,89744
warm_s+1_r0,1600x900,6.75,38618,135,172,0.2145,0.646,90944
warm_s+1_r0,1600x900,7.0,37697,131,168,0.2094,0.639,89936
warm_s+1_r0,1600x900,7.25,36897,129,164,0.205,0.633,92400
warm_s+1_r0,1600x900,7.5,36089,126,161,0.2005,0.634,94592
warm_s+1_r0,1600x900,7.75,35470,124,158,0.1971,0.641,88448
warm_s+1_r0,1600x900,8.0,34630,121,154,0.1924,0.629,88688
warm_s+1_r0,1600x900,8.25,33971,118,151,0.1887,0.649,86992
warm_s+1_r0,1600x900,8.5,33257,116,148,0.1848,0.63,89328
warm_s+1_r0,1600x900,8.75,32630,114,146,0.1813,0.647,95808
warm_s+1_r0,1600x900,9.0,32029,112,143,0.1779,0.643,89056
warm_s+1_r0,2000x1124,1.5,159553,555,710,0.5678,0.866,118432
warm_s+1_r0,2000x1124,1.75,142808,496,635,0.5082,0.869,119696
warm_s+1_r0,2000x1124,2.0,129963,452,578,0.4625,0.884,115008
warm_s+1_r0,2000x1124,2.25,120064,417,534,0.4273,0.85,117296
warm_s+1_r0,2000x1124,2.5,112110,390,499,0.399,0.87,115216
warm_s+1_r0,2000x1124,2.75,104380,363,464,0.3715,0.874,107776
warm_s+1_r0,2000x1124,3.0,98536,343,438,0.3507,0.875,111056
warm_s+1_r0,2000x1124,3.25,93662,326,417,0.3333,0.88,121632
warm_s+1_r0,2000x1124,3.5,88644,308,394,0.3155,0.889,116560
warm_s+1_r0,2000x1124,3.75,84715,295,377,0.3015,0.876,103504
warm_s+1_r0,2000x1124,4.0,80971,282,360,0.2882,0.867,118368
warm_s+1_r0,2000x1124,4.25,77785,271,346,0.2768,0.855,123680
warm_s+1_r0,2000x1124,4.5,75129,261,334,0.2674,0.893,115424
warm_s+1_r0,2000x1124,4.75,72527,252,323,0.2581,0.856,111504
warm_s+1_r0,2000x1124,5.0,70167,244,312,0.2497,0.885,123232
warm_s+1_r0,2000x1124,5.25,67442,235,300,0.24,0.881,111744
warm_s+1_r0,2000x1124,5.5,65654,228,292,0.2336,0.884,134048
warm_s+1_r0,2000x1124,5.75,63842,222,284,0.2272,0.885,123088
warm_s+1_r0,2000x1124,6.0,62073,216,276,0.2209,0.878,112976
warm_s+1_r0,2000x1124,6.25,60461,210,269,0.2152,0.877,109968
warm_s+1_r0,2000x1124,6.5,59030,205,263,0.2101,0.87,118912
warm_s+1_r0,2000x1124,6.75,57517,200,256,0.2047,0.876,117424
warm_s+1_r0,2000x1124,7.0,56001,195,249,0.1993,0.891,122016
warm_s+1_r0,2000x1124,7.25,54716,190,244,0.1947,0.865,108848
warm_s+1_r0,2000x1124,7.5,53395,186,238,0.19,0.874,117232
warm_s+1_r0,2000x1124,7.75,52456,183,234,0.1867,0.861,119104
warm_s+1_r0,2000x1124,8.0,51098,178,228,0.1818,0.877,110848
warm_s+1_r0,2000x1124,8.25,50093,174,223,0.1783,0.861,124896
warm_s+1_r0,2000x1124,8.5,49094,171,219,0.1747,0.884,119712
warm_s+1_r0,2000x1124,8.75,48172,168,215,0.1714,0.864,121456
warm_s+1_r0,2000x1124,9.0,47274,165,211,0.1682,0.868,111696
warm_s+1_r0,2400x1350,1.5,257174,893,1143,0.635,1.114,138944
warm_s+1_r0,2400x1350,1.75,228669,794,1017,0.5646,1.121,161488
warm_s+1_r0,2400x1350,2.0,206763,718,919,0.5105,1.095,147264
warm_s+1_r0,2400x1350,2.25,190419,662,847,0.4702,1.104,155664
warm_s+1_r0,2400x1350,2.5,176644,614,786,0.4362,1.103,150192
warm_s+1_r0,2400x1350,2.75,163709,569,728,0.4042,1.114,150480
warm_s+1_r0,2400x1350,3.0,153724,534,684,0.3796,1.125,143584
warm_s+1_r0,2400x1350,3.25,145520,506,647,0.3593,1.113,135424
warm_s+1_r0,2400x1350,3.5,137150,477,610,0.3386,1.131,149984
warm_s+1_r0,2400x1350,3.75,130609,454,581,0.3225,1.076,141136
warm_s+1_r0,2400x1350,4.0,124525,433,554,0.3075,1.082,144832
warm_s+1_r0,2400x1350,4.25,119376,415,531,0.2948,1.092,124960
warm_s+1_r0,2400x1350,4.5,114837,399,511,0.2835,1.103,138864
warm_s+1_r0,2400x1350,4.75,110533,384,492,0.2729,1.092,133840
warm_s+1_r0,2400x1350,5.0,106871,372,475,0.2639,1.12,143968
warm_s+1_r0,2400x1350,5.25,102598,357,456,0.2533,1.102,129968
warm_s+1_r0,2400x1350,5.5,99701,347,444,0.2462,1.106,146592
warm_s+1_r0,2400x1350,5.75,96690,336,430,0.2387,1.097,145792
warm_s+1_r0,2400x1350,6.0,93824,326,417,0.2317,1.11,136128
warm_s+1_r0,2400x1350,6.25,91188,317,406,0.2252,1.099,133440
warm_s+1_r0,2400x1350,6.5,89052,310,396,0.2199,1.113,150960
warm_s+1_r0,2400x1350,6.75,86635,301,386,0.2139,1.119,135536
warm_s+1_r0,2400x1350,7.0,84330,293,375,0.2082,1.113,143056
warm_s+1_r0,2400x1350,7.25,82370,287,367,0.2034,1.116,148416
warm_s+1_r0,2400x1350,7.5,80572,280,359,0.1989,1.089,133344
warm_s+1_r0,2400x1350,7.75,78901,274,351,0.1948,1.078,147056
warm_s+1_r0,2400x1350,8.0,76897,268,342,0.1899,1.096,119296
warm_s+1_r0,2400x1350,8.25,75362,262,335,0.1861,1.094,125216
warm_s+1_r0,2400x1350,8.5,73750,257,328,0.1821,1.135,143472
warm_s+1_r0,2400x1350,8.75,72268,251,322,0.1784,1.119,134560
warm_s+1_r0,2400x1350,9.0,70944,247,316,0.1752,1.102,125728
