spotter,wake_utc,notecard_pct_first,notecard_pct_max,notecard_pct_last,queue_full_lines,console_file
SPOT-31593C,2026-10-05T1500,4,16,3,1,runs/s28_ladder_20261004/console/wake_SPOT-31593C_2026-10-05T1500.txt
SPOT-31593C,2026-10-05T1600,6,21,3,7,runs/s28_ladder_20261004/console/wake_SPOT-31593C_2026-10-05T1600.txt
SPOT-31593C,2026-10-05T1700,6,21,3,0,runs/s28_ladder_20261004/console/wake_SPOT-31593C_2026-10-05T1700.txt
SPOT-31593C,2026-10-05T1800,6,13,3,45,runs/s28_ladder_20261004/console/wake_SPOT-31593C_2026-10-05T1800.txt
SPOT-31593C,2026-10-05T1900,6,12,4,94,runs/s28_ladder_20261004/console/wake_SPOT-31593C_2026-10-05T1900.txt
SPOT-31593C,2026-10-05T2000,6,21,3,50,runs/s28_ladder_20261004/console/wake_SPOT-31593C_2026-10-05T2000.txt
SPOT-31593C,2026-10-05T2100,5,19,19,1,runs/s28_ladder_20261004/console/wake_SPOT-31593C_2026-10-05T2100.txt
SPOT-31593C,2026-10-05T2200,26,34,34,145,runs/s28_ladder_20261004/console/wake_SPOT-31593C_2026-10-05T2200.txt
SPOT-31593C,2026-10-05T2300,5,12,3,46,runs/s28_ladder_20261004/console/wake_SPOT-31593C_2026-10-05T2300.txt
SPOT-33507C,2026-10-05T1700,5,16,9,99,runs/s28_ladder_20261004/console/wake_SPOT-33507C_2026-10-05T1700.txt
SPOT-33507C,2026-10-05T1800,5,20,3,10,runs/s28_ladder_20261004/console/wake_SPOT-33507C_2026-10-05T1800.txt
SPOT-33507C,2026-10-05T1900,5,20,2,21,runs/s28_ladder_20261004/console/wake_SPOT-33507C_2026-10-05T1900.txt
SPOT-33507C,2026-10-05T2000,5,30,2,20,runs/s28_ladder_20261004/console/wake_SPOT-33507C_2026-10-05T2000.txt
SPOT-33507C,2026-10-05T2100,5,18,2,8,runs/s28_ladder_20261004/console/wake_SPOT-33507C_2026-10-05T2100.txt
SPOT-33507C,2026-10-05T2200,5,30,2,15,runs/s28_ladder_20261004/console/wake_SPOT-33507C_2026-10-05T2200.txt
SPOT-33507C,2026-10-05T2300,5,18,2,8,runs/s28_ladder_20261004/console/wake_SPOT-33507C_2026-10-05T2300.txt
