spotter,sync_start,kind,spotter_msgs,waiting_for_tx,tx_wait_s,nc_before,nc_after,queue_full_in_sync,hdr_slot_hold_s
SPOT-33507C,2026-10-06T12:10:00Z,report,LEGACY:50 CELLULAR_ONLY:6129(HDR),True,48.2,23.0,2.0,0,118.3
SPOT-33507C,2026-10-06T13:10:03Z,report,LEGACY:50 CELLULAR_ONLY:6129(HDR),True,42.6,19.0,2.0,0,153.4
SPOT-33507C,2026-10-06T14:03:34Z,health,LEGACY:37,True,42.6,15.0,3.0,31,-
SPOT-33507C,2026-10-06T14:10:01Z,report,LEGACY:50 CELLULAR_ONLY:6129(HDR),True,41.4,13.0,3.0,0,47.4
SPOT-33507C,2026-10-06T15:03:33Z,health,LEGACY:37,True,45.7,15.0,2.0,33,-
SPOT-33507C,2026-10-06T15:10:01Z,report,LEGACY:50 CELLULAR_ONLY:6129(HDR),True,42.0,10.0,2.0,0,45.4
SPOT-33507C,2026-10-06T15:41:34Z,report,LEGACY:340 LEGACY:209,True,5.1,7.0,2.0,0,-
SPOT-33507C,2026-10-06T15:43:11Z,other,-,True,5.1,3.0,2.0,0,-
SPOT-33507C,2026-10-06T16:03:32Z,health,LEGACY:37,True,42.4,5.0,4.0,0,-
SPOT-33507C,2026-10-06T16:10:10Z,report,LEGACY:50 CELLULAR_ONLY:3573,True,46.4,14.0,5.0,35,-
SPOT-33507C,2026-10-06T17:03:35Z,health,LEGACY:37,True,32.8,21.0,3.0,0,-
SPOT-33507C,2026-10-06T17:10:13Z,other,-,True,33.6,14.0,5.0,24,-
SPOT-33507C,2026-10-06T18:10:21Z,other,-,True,31.8,35.0,4.0,23,-
SPOT-33507C,2026-10-06T19:04:05Z,report,LEGACY:340 LEGACY:209,True,45.6,22.0,2.0,0,-
SPOT-33507C,2026-10-06T19:05:15Z,other,-,True,7.9,3.0,2.0,0,-
SPOT-33507C,2026-10-06T19:10:01Z,report,LEGACY:50,True,43.3,2.0,2.0,0,-
SPOT-33507C,2026-10-06T20:10:04Z,report,LEGACY:50 CELLULAR_ONLY:6129(HDR),True,31.7,18.0,2.0,0,98.6
SPOT-33507C,2026-10-06T21:10:01Z,report,LEGACY:50 CELLULAR_ONLY:6129(HDR),True,42.6,20.0,2.0,0,210.3
SPOT-33507C,2026-10-06T21:13:41Z,other,-,True,41.7,3.0,3.0,0,-
SPOT-33507C,2026-10-06T22:10:01Z,report,LEGACY:50 CELLULAR_ONLY:6129(HDR),True,43.8,34.0,2.0,0,44.3
SPOT-33507C,2026-10-06T23:10:01Z,report,LEGACY:50 CELLULAR_ONLY:6129(HDR),True,47.4,23.0,2.0,0,111.9
SPOT-33507C,2026-10-07T00:10:01Z,report,LEGACY:50 CELLULAR_ONLY:6070,True,42.9,14.0,3.0,0,56.3
SPOT-33507C,2026-10-07T00:17:35Z,report,LEGACY:340 LEGACY:209,True,44.2,4.0,2.0,8,-
SPOT-33507C,2026-10-07T00:18:22Z,other,-,True,5.1,3.0,2.0,2,-
SPOT-33507C,2026-10-07T01:10:01Z,report,LEGACY:50 CELLULAR_ONLY:6129(HDR),True,46.1,20.0,2.0,0,307.9
SPOT-33507C,2026-10-07T02:10:01Z,report,LEGACY:50 CELLULAR_ONLY:6129(HDR),True,49.0,28.0,2.0,0,139.5
SPOT-33507C,2026-10-07T03:03:37Z,other,-,True,46.3,13.0,3.0,34,-
SPOT-33507C,2026-10-07T03:10:01Z,report,LEGACY:50 CELLULAR_ONLY:6062,True,42.2,10.0,3.0,0,45.7
