crop,row,distance,fits,quality,bytes,msgs,ssimulacra2,butteraugli_3norm,d_s2,b3_ratio,pass,sig,whole_ssimulacra2,whole_jpeg_sameFOV_ssimulacra2,whole_jpeg_sameFOV_q,tg7_box_xywh,scale_to_imx
1600x900,jpeg_central,,,70,54814,191,54.089,2.051,,,,,,54.089,70,,
1600x900,rgbwa,3.139,True,,53974,188,67.898,1.486,13.809,0.725,True,True,67.898,54.089,,"[1310, 1116, 1394, 784]",1.1478
1600x900,bayer,7.783,True,,54428,189,49.466,2.984,-4.623,1.455,False,False,49.466,54.089,,"[1310, 1116, 1394, 784]",1.1478
1920x1080,jpeg_central,,,70,54831,191,54.111,2.052,,,,,,33.041,60,,
1920x1080,rgbwa,5.559,True,,54456,190,51.373,2.14,-2.738,1.043,False,False,48.617,33.041,,"[1170, 1038, 1672, 940]",1.1483
1920x1080,bayer,14.215,True,,54436,190,20.663,4.347,-33.448,2.118,False,False,20.685,33.041,,"[1170, 1038, 1672, 940]",1.1483
2304x1296,jpeg_central,,,70,54996,191,53.96,2.041,,,,,,8.29,50,,
2304x1296,rgbwa,9.425,True,,54457,190,31.186,3.149,-22.774,1.543,False,False,22.856,8.29,,"[1002, 942, 2008, 1130]",1.1474
2304x1296,bayer,15.0,False,,76177,265,17.833,4.496,-36.127,2.203,False,False,13.172,8.29,,"[1002, 942, 2008, 1130]",1.1474
2880x1620,jpeg_central,,,70,54856,191,54.14,2.044,,,,,,-21.1,40,,
2880x1620,rgbwa,17.813,True,,54355,189,-1.496,5.329,-55.636,2.607,False,False,-14.879,-21.1,,"[752, 802, 2508, 1410]",1.1483
2880x1620,bayer,15.0,False,,118239,411,22.543,4.508,-31.597,2.205,False,False,10.454,-21.1,,"[752, 802, 2508, 1410]",1.1483
3200x1800,jpeg_central,,,70,54856,191,54.168,2.04,,,,,,-29.674,40,,
3200x1800,rgbwa,20.003,True,,48985,171,-7.444,5.191,-61.612,2.545,False,False,-26.479,-29.674,,"[612, 724, 2788, 1568]",1.1478
3200x1800,bayer,15.0,False,,142853,497,18.604,4.527,-35.564,2.219,False,False,9.796,-29.674,,"[612, 724, 2788, 1568]",1.1478
4608x2592,jpeg_central,,,70,54918,191,54.159,2.041,,,,,,-51.707,40,,
4608x2592,rgbwa,25.0,False,,74714,260,-16.612,5.911,-70.771,2.896,False,False,-33.017,-51.707,,"[0, 378, 4014, 2258]",1.148
4608x2592,bayer,15.0,False,,260104,904,18.303,4.517,-35.856,2.213,False,False,9.452,-51.707,,"[0, 378, 4014, 2258]",1.148
