key,value,mean_luma,sd_luma,mean_sat,bytes,rc
base,1,107.9,60.2,84.9,1980883,0
contrast,0.25,125.3,22.8,22.4,1419638,0
contrast,0.5,119.5,34.6,38.5,1668296,0
contrast,0.75,113.7,47.2,58.0,1843464,0
contrast,1,107.9,60.2,84.5,1998052,0
contrast,1.5,97.8,77.4,121.2,2080079,0
contrast,2,92.5,84.6,130.6,2021770,0
contrast,3,87.7,91.8,151.7,1946933,0
contrast,4,84.0,95.9,162.6,1818421,0
contrast,6,84.1,101.3,170.3,1830360,0
contrast,8,82.7,103.4,170.2,1759655,0
saturation,0.25,108.5,60.2,25.4,1869160,0
saturation,0.5,108.3,60.0,45.8,1919637,0
saturation,1,107.5,59.5,82.3,1940536,0
saturation,2,105.3,56.5,132.2,2143465,0
saturation,3,89.9,44.0,240.2,2261956,0
saturation,4,48.1,35.9,253.2,2105322,0
saturation,6,1.3,1.8,253.3,313797,0
saturation,8,1.0,0.6,254.9,207364,0
saturation,12,1.0,0.5,254.8,202070,0
saturation,16,1.0,0.5,254.8,199106,0
brightness,-0.75,9.6,27.9,237.2,1433372,0
brightness,-0.5,19.6,37.3,201.4,1644328,0
brightness,-0.25,55.8,52.4,129.2,2187704,0
brightness,-0.1,88.1,56.0,99.9,2249967,0
brightness,0,112.7,56.1,74.6,2233224,0
brightness,0.1,137.6,54.5,57.0,2148998,0
brightness,0.25,172.3,48.3,41.5,1879811,0
brightness,0.5,222.8,31.9,27.1,1334868,0
brightness,0.75,249.3,10.1,11.1,672519,0
base,2,112.8,56.2,74.2,2238175,0
