start_utc,arm,shape
2026-10-06T16:05:03Z,b-settle,steady
2026-10-06T16:09:30Z,a-overlap,steady
2026-10-06T16:25:00Z,clear-steady,steady
2026-10-06T16:35:00Z,clear-pair,pair
2026-10-06T16:45:00Z,clear-steady,steady
2026-10-06T16:55:00Z,clear-pair,pair
2026-10-06T17:05:03Z,b-settle,steady
2026-10-06T17:09:30Z,a-overlap,steady
2026-10-06T17:25:00Z,clear-steady,steady
2026-10-06T17:35:00Z,clear-pair,pair
2026-10-06T17:45:00Z,clear-steady,steady
2026-10-06T17:55:00Z,clear-pair,pair
2026-10-06T18:05:03Z,b-settle,steady
2026-10-06T18:09:30Z,a-overlap,steady
2026-10-06T18:25:00Z,clear-steady,steady
2026-10-06T18:35:00Z,clear-pair,pair
2026-10-06T18:45:00Z,clear-steady,steady
2026-10-06T18:55:00Z,clear-pair,pair
