spot,window,bus_on,bus_off,pi_on,pi_off,wake_to_halt_s,start_len,end_sent,burst_s,queue_full,heal_cmds,wifi
SPOT-33507C,2026-10-07T06:00,2026-10-07T05:59:59Z,2026-10-07T06:09:59Z,2026-10-07T06:00:07,2026-10-07T06:07:37,458,104,104,107.0,22,0,yes:Ford:78
SPOT-33507C,2026-10-07T07:00,2026-10-07T06:59:59Z,,2026-10-07T07:00:07,2026-10-07T07:05:07,308,102,102,105.0,13,0,yes:Ford:80
SPOT-33507C,2026-10-07T08:00,2026-10-07T07:59:59Z,2026-10-07T08:09:59Z,2026-10-07T08:00:07,2026-10-07T08:05:17,318,110,110,113.1,0,0,yes:Ford:80
SPOT-33507C,2026-10-07T09:00,2026-10-07T08:59:59Z,2026-10-07T09:09:59Z,2026-10-07T09:00:07,2026-10-07T09:08:17,498,110,110,113.1,8,0,yes:Ford:78
SPOT-33507C,2026-10-07T10:00,2026-10-07T09:59:58Z,2026-10-07T10:09:58Z,2026-10-07T10:00:06,2026-10-07T10:08:16,498,105,105,108.0,6,0,yes:Ford:79
SPOT-33507C,2026-10-07T11:00,2026-10-07T10:59:58Z,2026-10-07T11:09:58Z,2026-10-07T11:00:06,2026-10-07T11:05:06,308,106,106,109.0,11,0,yes:Ford:80
SPOT-33507C,2026-10-07T12:00,2026-10-07T11:59:58Z,2026-10-07T12:09:58Z,2026-10-07T12:00:06,2026-10-07T12:05:06,308,103,103,106.0,13,0,yes:Ford:79
SPOT-33507C,2026-10-07T13:00,2026-10-07T12:59:59Z,2026-10-07T13:09:59Z,2026-10-07T13:00:06,2026-10-07T13:08:16,497,106,106,109.1,33,0,yes:Ford:80
SPOT-33507C,2026-10-07T14:00,2026-10-07T13:59:59Z,2026-10-07T14:09:59Z,2026-10-07T14:00:06,2026-10-07T14:08:16,497,132,132,135.6,15,0,yes:Ford:77
SPOT-33507C,2026-10-07T15:00,2026-10-07T14:59:59Z,2026-10-07T15:09:59Z,2026-10-07T15:00:05,2026-10-07T15:06:15,376,173,173,177.3,1,0,yes:Ford:79
