heal_id,device,spotter,chunks,keys,media_ids,send_outcome,sent_status,t_alloc,t_202,t_spotter_rx,t_camera_ok,t_hl_requested,t_hl_sent,hl_sent_actions,t_complete,send_to_spotter_s,send_to_camera_ok_s,send_to_hl_sent_s,send_to_complete_s
100079,BMCAM_003,SPOT-33507C,38,"0e1zb5:30-37,40-47,96-103;0e1yjd:26-30,58-65,69",55936;55933,sent,202,2026-10-01T06:00:28.365892+00:00,2026-10-01T06:00:28.721138+00:00,2026-10-01T06:02:02.710000+00:00,2026-10-01T06:06:21+00:00,2026-10-01T06:06:22+00:00,2026-10-01T06:17:15+00:00,"0e1yjd:sent/ok,0e1zb5:sent/ok,0e1yjd:requested/ok,0e1zb5:requested/ok",2026-10-01T06:25:52.628113+00:00,94.0,352.3,1006.3,1523.9
100080,BMCAM_003,SPOT-33507C,8,0e20qj:147-154,55944,sent,202,2026-10-01T06:30:29.688054+00:00,2026-10-01T06:30:30.056775+00:00,2026-10-01T06:42:55.210000+00:00,2026-10-01T06:42:55+00:00,,2026-10-01T06:47:13+00:00,0e20qj:sent/ok,2026-10-01T06:55:16.973649+00:00,745.2,744.9,1002.9,1486.9
100081,BMCAM_003,SPOT-33507C,8,0e225c:64-71,55952,sent,202,2026-10-01T07:00:38.480637+00:00,2026-10-01T07:00:38.875150+00:00,2026-10-01T07:03:22.750000+00:00,2026-10-01T07:07:30+00:00,2026-10-01T07:07:31+00:00,2026-10-01T07:17:44+00:00,"0e225c:sent/ok,0e225c:requested/ok",2026-10-01T07:25:25.631425+00:00,163.9,411.1,1025.1,1486.8
100073,BMCAM_004,SPOT-31593C,8,0e225d:53-60,55951,sent,202,2026-10-01T07:00:38.926429+00:00,2026-10-01T07:00:39.277871+00:00,2026-10-01T07:03:26.695000+00:00,2026-10-01T07:07:26+00:00,2026-10-01T07:07:28+00:00,2026-10-01T07:17:40+00:00,"0e225d:sent/ok,0e225d:requested/ok",2026-10-01T07:25:20.899920+00:00,167.4,406.7,1020.7,1481.6
100082,BMCAM_003,SPOT-33507C,24,"0e24z0:51-58,108-115,118-125",55968,sent,202,2026-10-01T07:55:38.083666+00:00,2026-10-01T07:55:38.503518+00:00,2026-10-01T07:59:26.273000+00:00,2026-10-01T07:59:26+00:00,,2026-10-01T07:59:59+00:00,0e24z0:sent/ok,2026-10-01T08:15:38.453748+00:00,227.8,227.5,260.5,1200.0
100074,BMCAM_004,SPOT-31593C,8,0e24z0:168-175,55967,sent,202,2026-10-01T07:55:38.531413+00:00,2026-10-01T07:55:38.860140+00:00,2026-10-01T08:00:08.660000+00:00,2026-10-01T08:00:08+00:00,,2026-10-01T08:00:20+00:00,0e24z0:sent/ok,2026-10-01T08:15:31.267179+00:00,269.8,269.1,281.1,1192.4
100083,BMCAM_003,SPOT-33507C,16,"0e26dt:74-81,136-143",55976,sent,202,2026-10-01T08:25:48.669899+00:00,2026-10-01T08:25:49.041305+00:00,2026-10-01T08:29:47.425000+00:00,2026-10-01T08:29:47+00:00,,2026-10-01T08:30:10+00:00,0e26dt:sent/ok,2026-10-01T09:25:32.594709+00:00,238.4,238.0,261.0,3583.6
100075,BMCAM_004,SPOT-31593C,8,0e27sy:161-168,55983,sent,202,2026-10-01T08:55:34.161656+00:00,2026-10-01T08:55:34.633172+00:00,2026-10-01T09:01:32.871000+00:00,2026-10-01T09:01:32+00:00,,2026-10-01T09:01:45+00:00,0e27sy:sent/ok,2026-10-01T09:15:21.275340+00:00,358.2,357.4,370.4,1186.6
100084,BMCAM_003,SPOT-33507C,6,"0e27sn:30,34,44;0e26dt:141-143",55984;55976,sent,202,2026-10-01T09:01:49.078850+00:00,2026-10-01T09:01:49.492511+00:00,2026-10-01T09:05:22.972000+00:00,2026-10-01T09:09:25+00:00,2026-10-01T09:09:27+00:00,2026-10-01T09:19:38+00:00,"0e26dt:sent/ok,0e27sn:sent/ok,0e26dt:requested/ok,0e27sn:requested/ok",2026-10-01T09:25:34.394748+00:00,213.5,455.5,1068.5,1424.9
100085,BMCAM_003,SPOT-33507C,8,0e297h:171-178,55992,sent,202,2026-10-01T09:35:18.790650+00:00,2026-10-01T09:35:19.181771+00:00,2026-10-01T09:36:03.726000+00:00,2026-10-01T09:40:02+00:00,,2026-10-01T09:50:16+00:00,0e297h:sent/ok,2026-10-01T10:40:20.688479+00:00,44.5,282.8,896.8,3901.5
100076,BMCAM_004,SPOT-31593C,8,0e297r:54-61,55991,sent,202,2026-10-01T09:35:19.209364+00:00,2026-10-01T09:35:19.552010+00:00,2026-10-01T09:51:19.960000+00:00,2026-10-01T09:51:19+00:00,,2026-10-01T09:51:32+00:00,0e297r:sent/ok,2026-10-01T10:00:17.718161+00:00,960.4,959.4,972.4,1498.2
100086,BMCAM_003,SPOT-33507C,4,"0e2amk:30-31,37,161",56001,sent,202,2026-10-01T10:05:33.667686+00:00,2026-10-01T10:05:34.092929+00:00,2026-10-01T10:06:48.121000+00:00,2026-10-01T10:10:28+00:00,2026-10-01T10:10:30+00:00,2026-10-01T10:20:37+00:00,"0e2amk:sent/ok,0e2amk:requested/ok",2026-10-01T10:30:46.014094+00:00,74.0,293.9,902.9,1511.9
100087,BMCAM_003,SPOT-33507C,2,0e297h:173-174,55992,sent,202,2026-10-01T10:20:33.967680+00:00,2026-10-01T10:20:34.309912+00:00,2026-10-01T10:27:06.800000+00:00,2026-10-01T10:27:06+00:00,,2026-10-01T10:30:41+00:00,0e297h:sent/ok,2026-10-01T10:40:20.688479+00:00,392.5,391.7,606.7,1186.4
100077,BMCAM_004,SPOT-31593C,16,"0e2c1f:49-56,95-102",56008,sent,202,2026-10-01T10:30:49.819190+00:00,2026-10-01T10:30:50.242837+00:00,2026-10-01T10:31:43.027000+00:00,2026-10-01T10:31:42+00:00,,2026-10-01T10:32:05+00:00,0e2c1f:sent/ok,2026-10-01T10:50:14.049167+00:00,52.8,51.8,74.8,1163.8
100088,BMCAM_003,SPOT-33507C,15,"0e2c1e:30-36,149-156",56009,sent,202,2026-10-01T10:40:24.450591+00:00,2026-10-01T10:40:24.858383+00:00,2026-10-01T10:52:36.835000+00:00,2026-10-01T10:52:36+00:00,,2026-10-01T10:52:58+00:00,0e2c1e:sent/ok,2026-10-01T11:00:21.551038+00:00,732.0,731.1,753.1,1196.7
100089,BMCAM_003,SPOT-33507C,5,0e2dg8:163-167,56017,sent,202,2026-10-01T11:00:25.191287+00:00,2026-10-01T11:00:25.592202+00:00,2026-10-01T11:04:29.042000+00:00,2026-10-01T11:04:28+00:00,,2026-10-01T11:04:37+00:00,0e2dg8:sent/ok,2026-10-01T11:20:33.254051+00:00,243.4,242.4,251.4,1207.7
100078,BMCAM_004,SPOT-31593C,8,0e2dg8:39-46,56016,sent,202,2026-10-01T11:00:25.627547+00:00,2026-10-01T11:00:25.945289+00:00,2026-10-01T11:02:23.703000+00:00,2026-10-01T11:02:23+00:00,,2026-10-01T11:02:35+00:00,0e2dg8:sent/ok,2026-10-01T11:20:26.868395+00:00,117.8,117.1,129.1,1200.9
100090,BMCAM_003,SPOT-33507C,27,"0e2ev2:36-43,92-99,141-142,147,164-171",56025,sent,202,2026-10-01T11:30:49.764425+00:00,2026-10-01T11:30:50.007515+00:00,2026-10-01T11:33:06.718000+00:00,2026-10-01T11:33:06+00:00,,2026-10-01T11:33:44+00:00,0e2ev2:sent/ok,2026-10-01T11:50:44.078200+00:00,136.7,136.0,174.0,1194.1
100079,BMCAM_004,SPOT-31593C,8,0e2evc:49-56,56024,sent,202,2026-10-01T11:30:50.036064+00:00,2026-10-01T11:30:50.477131+00:00,2026-10-01T11:32:50.617000+00:00,2026-10-01T11:32:49+00:00,,,,2026-10-01T13:30:32.717995+00:00,120.1,118.5,,7182.2
100091,BMCAM_003,SPOT-33507C,13,"0e2ga5:109-113,160-167",56033,sent,202,2026-10-01T12:05:31.379089+00:00,2026-10-01T12:05:31.682180+00:00,2026-10-01T12:08:44.507000+00:00,2026-10-01T12:12:46+00:00,2026-10-01T12:12:48+00:00,2026-10-01T12:23:07+00:00,"0e2ga5:sent/ok,0e2ga5:requested/ok",2026-10-01T12:30:40.957744+00:00,192.8,434.3,1055.3,1509.3
100092,BMCAM_003,SPOT-33507C,9,"0e2hoz:157-164,169",56041,sent,202,2026-10-01T12:30:44.747212+00:00,2026-10-01T12:30:45.081925+00:00,2026-10-01T12:34:31.347000+00:00,2026-10-01T12:34:30+00:00,,2026-10-01T12:34:44+00:00,0e2hoz:sent/ok,2026-10-01T12:50:38.162007+00:00,226.3,224.9,238.9,1193.1
100080,BMCAM_004,SPOT-31593C,16,"0e2hoz:55-62,111-118",56040,sent,202,2026-10-01T12:30:45.113147+00:00,2026-10-01T12:30:45.439997+00:00,2026-10-01T12:33:56.843000+00:00,2026-10-01T12:33:56+00:00,,2026-10-01T12:34:19+00:00,0e2hoz:sent/ok,2026-10-01T12:40:31.012583+00:00,191.4,190.6,213.6,585.6
100093,BMCAM_003,SPOT-33507C,16,"0e2j3t:62-69,159-166",56049,sent,202,2026-10-01T13:05:47.260056+00:00,2026-10-01T13:05:47.661958+00:00,2026-10-01T13:09:41.535000+00:00,2026-10-01T13:13:52+00:00,2026-10-01T13:13:54+00:00,2026-10-01T13:24:16+00:00,"0e2j3t:sent/ok,0e2j3t:requested/ok",2026-10-01T13:30:42.391221+00:00,233.9,484.3,1108.3,1494.7
100081,BMCAM_004,SPOT-31593C,14,0e2j43:132-139;0e2evc:51-56,56048;56024,sent,202,2026-10-01T13:05:47.689214+00:00,2026-10-01T13:05:48.094550+00:00,2026-10-01T13:10:40.109000+00:00,2026-10-01T13:13:51+00:00,2026-10-01T13:13:53+00:00,2026-10-01T13:24:15+00:00,"0e2evc:sent/ok,0e2j43:sent/ok,0e2evc:requested/ok,0e2j43:requested/ok",2026-10-01T13:30:34.807938+00:00,292.0,482.9,1106.9,1486.7
100082,BMCAM_004,SPOT-31593C,40,"0e2kix:30-61,102-109",56056,sent,202,2026-10-01T13:30:44.691392+00:00,2026-10-01T13:30:45.072115+00:00,2026-10-01T13:35:30.730000+00:00,2026-10-01T13:35:29+00:00,,2026-10-01T13:36:25+00:00,0e2kix:sent/ok,2026-10-01T13:45:37.530802+00:00,285.7,283.9,339.9,892.5
100094,BMCAM_003,SPOT-33507C,40,"0e2lxq:39-46,119-150",56064,sent,202,2026-10-01T14:00:28.793792+00:00,2026-10-01T14:00:29.201180+00:00,2026-10-01T14:03:26.949000+00:00,2026-10-01T14:03:26+00:00,,2026-10-01T14:04:21+00:00,0e2lxq:sent/ok,2026-10-01T14:35:24.554093+00:00,177.7,176.8,231.8,2095.4
100083,BMCAM_004,SPOT-31593C,34,"0e2lxr:60-90,92-94",56063,sent,202,2026-10-01T14:00:29.231368+00:00,2026-10-01T14:00:29.549292+00:00,2026-10-01T14:05:49.441000+00:00,2026-10-01T14:05:48+00:00,,2026-10-01T14:06:35+00:00,0e2lxr:sent/ok,2026-10-01T14:25:26.200531+00:00,319.9,318.5,365.5,1496.7
100095,BMCAM_003,SPOT-33507C,2,0e2lxq:151-152,56064,sent,202,2026-10-01T14:25:36.988632+00:00,2026-10-01T14:25:37.444547+00:00,2026-10-01T14:26:41.308000+00:00,2026-10-01T14:26:40+00:00,,2026-10-01T14:26:45+00:00,0e2lxq:sent/ok,2026-10-01T14:35:24.554093+00:00,63.9,62.6,67.6,587.1
100096,BMCAM_003,SPOT-33507C,9,"0e2ncu:32-39,121",56074,sent,202,2026-10-01T14:45:30.813028+00:00,2026-10-01T14:45:31.213366+00:00,2026-10-01T14:51:49.269000+00:00,2026-10-01T14:51:48+00:00,,,,2026-10-01T16:35:32.861718+00:00,378.1,376.8,,6601.6
100097,BMCAM_003,SPOT-33507C,9,"0e2q6r:38-45,178",56090,sent,202,2026-10-01T15:35:38.878049+00:00,2026-10-01T15:35:39.329458+00:00,2026-10-01T15:37:46.968000+00:00,2026-10-01T15:37:46+00:00,,2026-10-01T15:38:00+00:00,0e2q6r:sent/ok,2026-10-01T15:55:36.019204+00:00,127.6,126.7,140.7,1196.7
100084,BMCAM_004,SPOT-31593C,3,0e2rlv:128-130,56097,sent,202,2026-10-01T16:05:30.667122+00:00,2026-10-01T16:05:30.990715+00:00,2026-10-01T16:08:15.535000+00:00,2026-10-01T16:08:14+00:00,,2026-10-01T16:08:21+00:00,0e2rlv:sent/ok,2026-10-01T16:25:41.432189+00:00,164.5,163.0,170.0,1210.4
100098,BMCAM_003,SPOT-33507C,5,"0e2ncu:36-39,121",56074,sent,202,2026-10-01T16:15:33.078289+00:00,2026-10-01T16:15:33.542966+00:00,2026-10-01T16:23:49.128000+00:00,2026-10-01T16:23:48+00:00,,2026-10-01T16:27:45+00:00,0e2ncu:sent/ok,2026-10-01T16:35:32.861718+00:00,495.6,494.5,731.5,1199.3
100099,BMCAM_003,SPOT-33507C,9,0e2t0z:30-38,56103,sent,202,2026-10-01T16:40:38.567480+00:00,2026-10-01T16:40:38.859036+00:00,2026-10-01T16:44:09.519000+00:00,2026-10-01T16:48:15+00:00,2026-10-01T16:48:17+00:00,2026-10-01T16:58:31+00:00,"0e2t0z:sent/ok,0e2t0z:requested/ok",2026-10-01T17:05:37.252501+00:00,210.7,456.1,1072.1,1498.4
100100,BMCAM_003,SPOT-33507C,33,0e2vuw:134-166,56120,sent,202,2026-10-01T17:35:38.366134+00:00,2026-10-01T17:35:38.777152+00:00,2026-10-01T17:40:13.664000+00:00,2026-10-01T17:40:13+00:00,,2026-10-01T17:40:58+00:00,0e2vuw:sent/ok,2026-10-01T18:25:39.443188+00:00,274.9,274.2,319.2,3000.7
100101,BMCAM_003,SPOT-33507C,3,0e2vuw:136-138,56120,sent,202,2026-10-01T18:05:39.660777+00:00,2026-10-01T18:05:39.998874+00:00,2026-10-01T18:10:57.359000+00:00,2026-10-01T18:10:56+00:00,,2026-10-01T18:11:03+00:00,0e2vuw:sent/ok,2026-10-01T18:25:39.443188+00:00,317.4,316.0,323.0,1199.4
100102,BMCAM_003,SPOT-33507C,16,"0e2yp3:33-40,171-178",56137,sent,202,2026-10-01T18:40:27.548952+00:00,2026-10-01T18:40:27.890102+00:00,2026-10-01T18:41:44.605000+00:00,2026-10-01T18:41:43+00:00,,2026-10-01T18:42:07+00:00,0e2yp3:sent/ok,2026-10-01T18:45:27.771177+00:00,76.7,75.1,99.1,299.9
100103,BMCAM_003,SPOT-33507C,8,0e31j1:140-147,56155,sent,202,2026-10-01T19:45:44.662732+00:00,2026-10-01T19:45:45.053163+00:00,2026-10-01T19:47:46.050000+00:00,2026-10-01T19:51:57+00:00,2026-10-01T19:51:59+00:00,2026-10-01T20:02:12+00:00,"0e31j1:sent/ok,0e31j1:requested/ok",2026-10-01T20:10:20.978599+00:00,121.0,371.9,986.9,1475.9
100104,BMCAM_003,SPOT-33507C,9,"0e32y4:69,72-79",56163,sent,202,2026-10-01T20:15:39.671757+00:00,2026-10-01T20:15:40.085913+00:00,2026-10-01T20:18:35.359000+00:00,2026-10-01T20:22:30+00:00,2026-10-01T20:22:33+00:00,2026-10-01T20:32:46+00:00,"0e32y4:sent/ok,0e32y4:requested/ok",2026-10-01T20:40:21.582786+00:00,175.3,409.9,1025.9,1481.5
100105,BMCAM_003,SPOT-33507C,18,"0e34d8:30-31,134-141,170-177",56171,sent,202,2026-10-01T20:45:37.004674+00:00,2026-10-01T20:45:37.405041+00:00,2026-10-01T20:49:13.730000+00:00,2026-10-01T20:53:05+00:00,2026-10-01T20:53:07+00:00,2026-10-01T21:03:33+00:00,"0e34d8:sent/ok,0e34d8:requested/ok",2026-10-01T21:10:50.241265+00:00,216.3,447.6,1075.6,1512.8
100106,BMCAM_003,SPOT-33507C,18,"0e35sc:2-9,30-31,112-119",56179,sent,202,2026-10-01T21:15:55.685869+00:00,2026-10-01T21:15:56.091505+00:00,2026-10-01T21:20:00.273000+00:00,2026-10-01T21:23:44+00:00,,2026-10-01T21:34:11+00:00,0e35sc:sent/ok,2026-10-01T21:40:43.015876+00:00,244.2,467.9,1094.9,1486.9
100107,BMCAM_003,SPOT-33507C,36,"0e3775:26-45,50-57,142-149",56187,sent,202,2026-10-01T21:40:46.714404+00:00,2026-10-01T21:40:47.157045+00:00,2026-10-01T21:45:41.769000+00:00,2026-10-01T21:45:40+00:00,,2026-10-01T21:46:30+00:00,0e3775:sent/ok,2026-10-01T22:00:58.717311+00:00,294.6,292.8,342.8,1211.6
100108,BMCAM_003,SPOT-33507C,8,0e38m9:66-73,56195,sent,202,2026-10-01T22:15:24.184975+00:00,2026-10-01T22:15:24.622383+00:00,2026-10-01T22:20:56.652000+00:00,2026-10-01T22:24:53+00:00,2026-10-01T22:24:56+00:00,2026-10-01T22:35:08+00:00,"0e38m9:sent/ok,0e38m9:requested/ok",2026-10-01T22:40:33.680307+00:00,332.0,568.4,1183.4,1509.1
100109,BMCAM_003,SPOT-33507C,12,"0e3a13:30-33,73-80",56203,sent,202,2026-10-01T22:50:29.359124+00:00,2026-10-01T22:50:29.686771+00:00,2026-10-01T22:51:31.957000+00:00,2026-10-01T22:55:31+00:00,2026-10-01T22:55:34+00:00,2026-10-01T23:05:51+00:00,"0e3a13:sent/ok,0e3a13:requested/ok",2026-10-01T23:45:30.320384+00:00,62.3,301.3,921.3,3300.6
100085,BMCAM_004,SPOT-31593C,30,"0e3a1d:76-102,104-106",56201,sent,202,2026-10-01T22:50:29.711232+00:00,2026-10-01T22:50:30.024798+00:00,2026-10-01T22:51:19.175000+00:00,2026-10-01T22:55:35+00:00,2026-10-01T22:55:39+00:00,,0e3a1d:requested/ok,2026-10-02T00:45:24.907722+00:00,49.2,305.0,,6894.9
100110,BMCAM_003,SPOT-33507C,24,"0e3bg6:9-16,73-80,124-131",56211,sent,202,2026-10-01T23:16:06.665003+00:00,2026-10-01T23:16:07.075560+00:00,2026-10-01T23:17:18.382000+00:00,2026-10-01T23:17:17+00:00,,2026-10-01T23:17:51+00:00,0e3bg6:sent/ok,2026-10-01T23:35:48.987155+00:00,71.3,69.9,103.9,1181.9
100111,BMCAM_003,SPOT-33507C,8,"0e3a13:32-33,73-78",56203,sent,202,2026-10-01T23:35:52.767138+00:00,2026-10-01T23:35:53.261402+00:00,2026-10-01T23:37:34.738000+00:00,2026-10-01T23:37:33+00:00,,2026-10-01T23:37:47+00:00,0e3a13:sent/ok,2026-10-01T23:45:30.320384+00:00,101.5,99.7,113.7,577.1
100086,BMCAM_004,SPOT-31593C,16,"0e3cvb:54-61,146-153",56218,sent,202,2026-10-01T23:45:32.455170+00:00,2026-10-01T23:45:32.779565+00:00,2026-10-01T23:47:24.644000+00:00,2026-10-01T23:47:21+00:00,,2026-10-01T23:47:47+00:00,0e3cvb:sent/ok,2026-10-02T00:05:27.095333+00:00,111.9,108.2,134.2,1194.3
100087,BMCAM_004,SPOT-31593C,3,0e3a1d:104-106,56201,sent,202,2026-10-02T00:21:31.158391+00:00,2026-10-02T00:21:31.553892+00:00,2026-10-02T00:22:58.628000+00:00,2026-10-02T00:27:20+00:00,2026-10-02T00:27:24+00:00,2026-10-02T00:37:30+00:00,"0e3a1d:sent/ok,0e3a1d:requested/ok",2026-10-02T00:45:24.907722+00:00,87.1,348.4,958.4,1433.4
100112,BMCAM_003,SPOT-33507C,8,0e3foy:63-70,56236,sent,202,2026-10-02T00:45:34.477353+00:00,2026-10-02T00:45:34.856263+00:00,2026-10-02T00:47:30.343000+00:00,2026-10-02T00:47:29+00:00,,,,2026-10-02T01:05:26.693226+00:00,115.5,114.1,,1191.8
100088,BMCAM_004,SPOT-31593C,16,"0e3fp8:40-47,86-93",56235,sent,202,2026-10-02T00:45:34.911966+00:00,2026-10-02T00:45:35.305354+00:00,2026-10-02T00:48:45.363000+00:00,2026-10-02T00:48:42+00:00,,2026-10-02T00:49:08+00:00,0e3fp8:sent/ok,2026-10-02T01:05:18.971784+00:00,190.1,186.7,212.7,1183.7
100113,BMCAM_003,SPOT-33507C,8,0e3h41:35-42,56244,sent,202,2026-10-02T01:15:36.375113+00:00,2026-10-02T01:15:36.791421+00:00,2026-10-02T01:19:23.183000+00:00,2026-10-02T01:19:22+00:00,,2026-10-02T01:19:35+00:00,0e3h41:sent/ok,2026-10-02T01:35:40.885824+00:00,226.4,225.2,238.2,1204.1
100114,BMCAM_003,SPOT-33507C,8,0e3iiv:164-171,56251,sent,202,2026-10-02T01:50:42.679049+00:00,2026-10-02T01:50:43.179498+00:00,2026-10-02T01:52:31.765000+00:00,2026-10-02T01:52:30+00:00,,2026-10-02T01:52:43+00:00,0e3iiv:sent/ok,2026-10-02T02:05:17.885310+00:00,108.6,106.8,119.8,874.7
100115,BMCAM_003,SPOT-33507C,5,0e3jxz:33-37,56257,sent,202,2026-10-02T02:15:31.059103+00:00,2026-10-02T02:15:31.357865+00:00,2026-10-02T02:20:23.578000+00:00,2026-10-02T02:20:22+00:00,,2026-10-02T02:20:31+00:00,0e3jxz:sent/ok,2026-10-02T02:35:55.775532+00:00,292.2,290.6,299.6,1224.4
100116,BMCAM_003,SPOT-33507C,8,0e3lcs:66-73,56264,sent,202,2026-10-02T02:46:08.056097+00:00,2026-10-02T02:46:08.406931+00:00,2026-10-02T02:50:56.417000+00:00,2026-10-02T02:50:55+00:00,,2026-10-02T02:51:08+00:00,0e3lcs:sent/ok,2026-10-02T03:00:45.664232+00:00,288.0,286.6,299.6,877.3
100117,BMCAM_003,SPOT-33507C,40,"0e3mrw:26-59,131-136",56270,sent,202,2026-10-02T03:20:38.758033+00:00,2026-10-02T03:20:39.141850+00:00,2026-10-02T03:21:33.699000+00:00,2026-10-02T03:21:32+00:00,,2026-10-02T03:22:28+00:00,0e3mrw:sent/ok,2026-10-02T04:20:37.678637+00:00,54.6,52.9,108.9,3598.5
100118,BMCAM_003,SPOT-33507C,10,0e3o70:120-127;0e3mrw:137-138,56279;56270,sent,202,2026-10-02T03:55:41.161075+00:00,2026-10-02T03:55:41.554008+00:00,2026-10-02T03:57:18.273000+00:00,2026-10-02T04:01:24+00:00,2026-10-02T04:01:27+00:00,2026-10-02T04:11:43+00:00,"0e3mrw:sent/ok,0e3o70:sent/ok,0e3mrw:requested/ok,0e3o70:requested/ok",2026-10-02T04:20:39.161473+00:00,96.7,342.4,961.4,1497.6
100119,BMCAM_003,SPOT-33507C,8,0e3pm3:95-102,56285,sent,202,2026-10-02T04:15:36.368969+00:00,2026-10-02T04:15:36.743836+00:00,2026-10-02T04:23:16.285000+00:00,2026-10-02T04:23:15+00:00,,2026-10-02T04:23:28+00:00,0e3pm3:sent/ok,2026-10-02T04:40:30.136976+00:00,459.5,458.3,471.3,1493.4
100120,BMCAM_003,SPOT-33507C,30,"0e3r17:44-51,118-122,131-138,141-148,158",56294,sent,202,2026-10-02T04:55:38.567485+00:00,2026-10-02T04:55:38.964041+00:00,2026-10-02T04:58:39.742000+00:00,2026-10-02T05:02:36+00:00,2026-10-02T05:02:39+00:00,2026-10-02T05:13:20+00:00,"0e3r17:sent/ok,0e3r17:requested/ok",2026-10-02T05:20:39.345516+00:00,180.8,417.0,1061.0,1500.4
100089,BMCAM_004,SPOT-31593C,8,0e3r0y:39-46,56293,sent,202,2026-10-02T04:55:38.992456+00:00,2026-10-02T04:55:39.332766+00:00,2026-10-02T04:58:14.203000+00:00,2026-10-02T05:02:33+00:00,2026-10-02T05:02:33+00:00,2026-10-02T05:12:46+00:00,"0e3r0y:sent/ok,0e3r0y:requested/ok",2026-10-02T05:20:34.404163+00:00,154.9,413.7,1026.7,1495.1
100121,BMCAM_003,SPOT-33507C,18,"0e3sg1:5-12,30-31,120-127",56302,sent,202,2026-10-02T05:20:42.984981+00:00,2026-10-02T05:20:43.379905+00:00,2026-10-02T05:24:49.855000+00:00,2026-10-02T05:24:48+00:00,,,,,246.5,244.6,,
