scene,demosaic,jpeg_q,jpeg_bytes,jpeg_msgs,jpeg_ssimulacra2,jpeg_b3,174_d,174_s2,174_b3,174_pass,195_d,195_s2,195_b3,195_pass,230_d,230_s2,230_b3,230_pass,260_d,260_s2,260_b3,260_pass,300_d,300_s2,300_b3,300_pass,350_d,350_s2,350_b3,350_pass,smallest_pass_msgs
study_cool_s+0_r0,bilinear,80,49343,172,68.692,1.529,5.414,59.843,2.321,False,4.476,65.18,2.089,False,3.404,70.366,1.723,False,2.785,73.093,1.613,False,2.24,76.324,1.339,True,1.753,79.165,1.189,True,300
study_cool_s+0_r0,ea,80,50374,175,66.196,1.723,5.414,57.283,2.552,False,4.476,62.67,2.228,False,3.404,68.258,1.869,False,2.785,70.865,1.692,True,2.24,74.046,1.457,True,1.753,76.611,1.315,True,260
study_cool_s+1_r0,bilinear,80,50854,177,65.949,1.803,4.559,60.761,2.61,False,3.796,66.008,2.093,False,2.869,72.719,1.718,True,2.363,75.992,1.536,True,1.869,79.534,1.302,True,1.447,82.572,1.12,True,230
study_cool_s+1_r0,ea,80,51742,180,62.791,2.176,4.559,59.219,2.694,False,3.796,64.551,2.174,True,2.869,70.993,1.828,True,2.363,74.157,1.638,True,1.869,77.263,1.447,True,1.447,80.037,1.266,True,195
study_cool_s-1_r0,bilinear,80,46361,161,71.423,1.369,4.417,62.771,2.038,False,3.705,66.496,1.889,False,2.851,71.983,1.499,False,2.388,74.582,1.358,True,1.934,77.184,1.218,True,1.549,79.497,1.094,True,260
study_cool_s-1_r0,ea,80,47103,164,70.039,1.464,4.417,60.735,2.181,False,3.705,64.487,1.979,False,2.851,69.885,1.622,False,2.388,72.591,1.487,False,1.934,75.361,1.314,True,1.549,77.517,1.2,True,300
study_warm_s+0_r0,bilinear,80,50235,175,68.851,1.512,5.357,59.018,2.637,False,4.406,62.868,2.16,False,3.349,67.27,1.784,False,2.764,71.618,1.569,False,2.2,75.001,1.411,True,1.753,78.122,1.219,True,300
study_warm_s+0_r0,ea,80,51498,179,66.059,1.7,5.357,56.301,2.791,False,4.406,60.255,2.345,False,3.349,64.688,1.928,False,2.764,69.001,1.728,False,2.2,72.441,1.545,True,1.753,75.327,1.368,True,300
study_warm_s+1_r0,bilinear,70,47582,166,60.452,2.157,4.377,57.655,2.918,False,3.643,62.828,2.321,False,2.768,69.12,1.98,True,2.279,72.711,1.709,True,1.804,76.335,1.482,True,1.406,79.667,1.263,True,230
study_warm_s+1_r0,ea,70,48425,169,57.817,2.409,4.377,56.311,2.932,False,3.643,61.421,2.393,True,2.768,67.572,1.995,True,2.279,70.735,1.77,True,1.804,74.314,1.576,True,1.406,77.287,1.434,True,195
study_warm_s-1_r0,bilinear,80,46928,163,71.293,1.373,4.395,60.97,2.142,False,3.665,64.661,1.951,False,2.847,69.964,1.617,False,2.363,72.854,1.443,False,1.934,75.793,1.267,True,1.552,78.662,1.126,True,300
study_warm_s-1_r0,ea,80,47746,166,69.636,1.493,4.395,58.77,2.277,False,3.665,62.278,2.084,False,2.847,67.945,1.723,False,2.363,70.708,1.564,False,1.934,73.854,1.377,True,1.552,76.601,1.238,True,300
