scene,band_m,depth_m,crop,row,fits,distance,bytes,msgs,ssimulacra2,butteraugli_3norm,jpeg_q,jpeg_ssimulacra2,jpeg_butteraugli_3norm,d_s2,b3_ratio,pass,sig,whole_ssimulacra2,whole_jpeg_sameFOV_ssimulacra2
tg7_P9160597,2-5,4.2,1600x900,rgbwa,True,1.813,54120,188,74.347,1.051,80,57.122,1.914,17.225,0.549,True,True,74.347,57.122
tg7_P9160597,2-5,4.2,1600x900,bayer,True,2.618,54239,189,68.409,1.552,80,57.122,1.914,11.287,0.811,True,True,68.409,57.122
tg7_P9160597,2-5,4.2,1920x1080,rgbwa,True,2.446,54257,189,69.774,1.197,80,57.197,1.92,12.577,0.623,True,True,68.913,52.989
tg7_P9160597,2-5,4.2,1920x1080,bayer,True,3.825,54310,189,60.199,1.907,80,57.197,1.92,3.002,0.993,True,False,61.387,52.989
tg7_P9160597,2-5,4.2,2304x1296,rgbwa,True,3.443,54178,189,64.171,1.396,80,57.052,1.912,7.119,0.73,True,True,62.027,47.684
tg7_P9160597,2-5,4.2,2304x1296,bayer,True,5.688,54469,190,53.072,2.254,80,57.052,1.912,-3.98,1.179,False,False,53.847,47.684
tg7_P9160597,2-5,4.2,2880x1620,rgbwa,True,6.508,54450,190,53.609,1.903,80,57.23,1.929,-3.621,0.987,False,False,48.919,32.196
tg7_P9160597,2-5,4.2,2880x1620,bayer,True,11.973,54449,190,39.553,3.406,80,57.23,1.929,-17.677,1.766,False,False,34.295,32.196
tg7_P9160597,2-5,4.2,3200x1800,rgbwa,True,8.793,54347,189,46.759,2.173,80,57.25,1.924,-10.491,1.129,False,False,39.718,26.099
tg7_P9160597,2-5,4.2,3200x1800,bayer,False,15.0,59182,206,29.707,3.821,80,57.25,1.924,-27.543,1.986,False,False,26.023,26.099
tg7_P9160597,2-5,4.2,4608x2592,rgbwa,True,20.003,44872,156,31.919,3.273,80,57.282,1.91,-25.363,1.714,False,False,-0.554,3.568
tg7_P9160597,2-5,4.2,4608x2592,bayer,False,15.0,104719,364,29.656,4.023,80,57.282,1.91,-27.626,2.106,False,False,9.697,3.568
tg7_P9150419,2-5,4.3,1600x900,rgbwa,True,1.96,54331,189,69.155,1.278,70,48.28,2.359,20.875,0.542,True,True,69.155,48.28
tg7_P9150419,2-5,4.3,1600x900,bayer,True,2.938,54300,189,60.396,2.004,70,48.28,2.359,12.116,0.85,True,True,60.396,48.28
tg7_P9150419,2-5,4.3,1920x1080,rgbwa,True,2.786,54456,190,63.784,1.52,70,48.068,2.365,15.716,0.643,True,True,63.125,44.467
tg7_P9150419,2-5,4.3,1920x1080,bayer,True,4.566,54194,189,49.186,2.459,70,48.068,2.365,1.118,1.04,False,False,51.646,44.467
tg7_P9150419,2-5,4.3,2304x1296,rgbwa,True,4.258,54403,189,54.957,1.845,70,47.931,2.352,7.026,0.784,True,True,53.825,41.196
tg7_P9150419,2-5,4.3,2304x1296,bayer,True,7.449,54425,189,37.584,3.39,70,47.931,2.352,-10.347,1.441,False,False,37.747,41.196
tg7_P9150419,2-5,4.3,2880x1620,rgbwa,True,7.251,54404,189,43.914,2.49,70,48.053,2.463,-4.139,1.011,False,False,37.784,31.895
tg7_P9150419,2-5,4.3,2880x1620,bayer,True,14.011,54415,189,25.442,5.061,70,48.053,2.463,-22.611,2.055,False,False,14.472,31.895
tg7_P9150419,2-5,4.3,3200x1800,rgbwa,True,9.694,54399,189,35.804,2.986,70,47.72,2.366,-11.916,1.262,False,False,24.001,18.92
tg7_P9150419,2-5,4.3,3200x1800,bayer,False,15.0,65445,228,20.516,5.222,70,47.72,2.366,-27.204,2.207,False,False,7.687,18.92
tg7_P9150419,2-5,4.3,4608x2592,rgbwa,True,22.825,54455,190,16.428,4.343,70,48.084,2.382,-31.656,1.823,False,False,-24.107,-21.731
tg7_P9150419,2-5,4.3,4608x2592,bayer,False,15.0,142719,496,19.646,5.378,70,48.084,2.382,-28.438,2.258,False,False,-9.614,-21.731
tg7_P9150415,2-5,4.6,1600x900,rgbwa,True,2.957,54323,189,66.307,1.311,60,50.138,2.201,16.169,0.596,True,True,66.307,50.138
tg7_P9150415,2-5,4.6,1600x900,bayer,True,6.604,54361,189,39.349,2.799,60,50.138,2.201,-10.789,1.272,False,False,39.349,50.138
tg7_P9150415,2-5,4.6,1920x1080,rgbwa,True,4.294,54384,189,54.145,1.704,60,50.165,2.203,3.98,0.773,True,False,53.048,41.645
tg7_P9150415,2-5,4.6,1920x1080,bayer,True,10.097,54441,190,17.201,3.529,60,50.165,2.203,-32.964,1.602,False,False,18.906,41.645
tg7_P9150415,2-5,4.6,2304x1296,rgbwa,True,6.593,54319,189,37.999,2.294,60,50.156,2.223,-12.157,1.032,False,False,34.751,31.109
tg7_P9150415,2-5,4.6,2304x1296,bayer,False,15.0,54610,190,0.145,4.414,60,50.156,2.223,-50.011,1.986,False,False,-0.64,31.109
tg7_P9150415,2-5,4.6,2880x1620,rgbwa,True,10.727,54464,190,12.891,3.327,60,50.001,2.257,-37.11,1.474,False,False,7.641,16.149
tg7_P9150415,2-5,4.6,2880x1620,bayer,False,15.0,79416,276,0.086,4.446,60,50.001,2.257,-49.915,1.97,False,False,-1.056,16.149
tg7_P9150415,2-5,4.6,3200x1800,rgbwa,True,14.41,54445,190,-4.232,4.189,60,50.425,2.198,-54.657,1.906,False,False,-7.46,8.632
tg7_P9150415,2-5,4.6,3200x1800,bayer,False,15.0,95045,331,0.467,4.375,60,50.425,2.198,-49.958,1.99,False,False,-0.519,8.632
tg7_P9150415,2-5,4.6,4608x2592,rgbwa,True,21.267,54437,190,-16.035,4.526,60,50.13,2.191,-66.165,2.066,False,False,-19.849,-16.811
tg7_P9150415,2-5,4.6,4608x2592,bayer,False,15.0,174509,606,0.809,4.346,60,50.13,2.191,-49.321,1.984,False,False,1.983,-16.811
tg7_P9160558,2-5,4.6,1600x900,rgbwa,True,2.884,54245,189,64.658,1.404,60,38.286,2.689,26.372,0.522,True,True,64.658,38.286
tg7_P9160558,2-5,4.6,1600x900,bayer,True,6.109,54386,189,44.005,2.944,60,38.286,2.689,5.719,1.095,False,False,44.005,38.286
tg7_P9160558,2-5,4.6,1920x1080,rgbwa,True,4.185,54353,189,53.194,1.798,60,37.861,2.708,15.333,0.664,True,True,51.938,29.802
tg7_P9160558,2-5,4.6,1920x1080,bayer,True,8.962,54322,189,25.773,3.566,60,37.861,2.708,-12.088,1.317,False,False,28.102,29.802
tg7_P9160558,2-5,4.6,2304x1296,rgbwa,True,6.325,54296,189,38.413,2.428,60,38.472,2.682,-0.059,0.905,False,False,36.105,20.314
tg7_P9160558,2-5,4.6,2304x1296,bayer,True,13.021,54436,190,9.514,4.391,60,38.472,2.682,-28.958,1.637,False,False,10.129,20.314
tg7_P9160558,2-5,4.6,2880x1620,rgbwa,True,9.353,54324,189,19.571,3.397,60,38.416,2.675,-18.845,1.27,False,False,15.925,7.262
tg7_P9160558,2-5,4.6,2880x1620,bayer,False,15.0,67530,235,4.327,4.816,60,38.416,2.675,-34.089,1.8,False,False,3.243,7.262
tg7_P9160558,2-5,4.6,3200x1800,rgbwa,True,11.651,54246,189,8.353,4.115,60,38.155,2.713,-29.802,1.517,False,False,5.097,0.871
tg7_P9160558,2-5,4.6,3200x1800,bayer,False,15.0,78154,272,3.768,4.787,60,38.155,2.713,-34.387,1.764,False,False,4.085,0.871
tg7_P9160558,2-5,4.6,4608x2592,rgbwa,True,20.003,46944,163,-14.598,5.366,60,38.362,2.73,-52.96,1.966,False,False,-11.437,-18.82
tg7_P9160558,2-5,4.6,4608x2592,bayer,False,15.0,131621,458,4.033,4.814,60,38.362,2.73,-34.329,1.763,False,False,7.571,-18.82
tg7_P9160561,2-5,4.8,1600x900,rgbwa,True,2.312,54234,189,69.409,1.187,70,41.704,2.596,27.705,0.457,True,True,69.409,41.704
tg7_P9160561,2-5,4.8,1600x900,bayer,True,3.259,54162,189,57.995,2.029,70,41.704,2.596,16.291,0.782,True,True,57.995,41.704
tg7_P9160561,2-5,4.8,1920x1080,rgbwa,True,2.896,54316,189,59.116,1.52,70,41.73,2.603,17.386,0.584,True,True,59.528,34.756
tg7_P9160561,2-5,4.8,1920x1080,bayer,True,5.149,54426,189,41.3,2.511,70,41.73,2.603,-0.43,0.965,False,False,43.931,34.756
tg7_P9160561,2-5,4.8,2304x1296,rgbwa,True,4.221,53599,187,45.635,1.965,70,41.78,2.62,3.855,0.75,True,False,45.563,27.505
tg7_P9160561,2-5,4.8,2304x1296,bayer,True,7.899,54419,189,26.771,3.232,70,41.78,2.62,-15.009,1.234,False,False,29.075,27.505
tg7_P9160561,2-5,4.8,2880x1620,rgbwa,True,7.091,54310,189,25.262,2.759,70,41.749,2.617,-16.487,1.054,False,False,25.654,16.163
tg7_P9160561,2-5,4.8,2880x1620,bayer,True,13.836,54379,189,3.832,4.192,70,41.749,2.617,-37.917,1.602,False,False,7.397,16.163
tg7_P9160561,2-5,4.8,3200x1800,rgbwa,True,8.976,54309,189,13.272,3.262,70,41.643,2.625,-28.371,1.243,False,False,14.579,9.665
tg7_P9160561,2-5,4.8,3200x1800,bayer,False,15.0,62342,217,1.371,4.46,70,41.643,2.625,-40.272,1.699,False,False,4.173,9.665
tg7_P9160561,2-5,4.8,4608x2592,rgbwa,True,20.003,45208,157,-14.504,4.774,70,41.439,2.602,-55.943,1.835,False,False,-12.775,-18.512
tg7_P9160561,2-5,4.8,4608x2592,bayer,False,15.0,120660,419,2.52,4.423,70,41.439,2.602,-38.919,1.7,False,False,5.654,-18.512
tg7_P9160564,2-5,4.8,1600x900,rgbwa,True,2.786,54269,189,66.194,1.264,60,38.251,2.627,27.943,0.481,True,True,66.194,38.251
tg7_P9160564,2-5,4.8,1600x900,bayer,True,5.688,54426,189,43.968,2.591,60,38.251,2.627,5.717,0.986,True,False,43.968,38.251
tg7_P9160564,2-5,4.8,1920x1080,rgbwa,True,4.014,54451,190,53.802,1.655,60,38.162,2.66,15.64,0.622,True,True,53.074,29.56
tg7_P9160564,2-5,4.8,1920x1080,bayer,True,8.525,54404,189,24.014,3.336,60,38.162,2.66,-14.148,1.254,False,False,26.261,29.56
tg7_P9160564,2-5,4.8,2304x1296,rgbwa,True,6.118,54357,189,36.92,2.313,60,38.146,2.672,-1.226,0.866,False,False,35.206,19.529
tg7_P9160564,2-5,4.8,2304x1296,bayer,True,12.802,54455,190,6.381,4.18,60,38.146,2.672,-31.765,1.564,False,False,7.985,19.529
tg7_P9160564,2-5,4.8,2880x1620,rgbwa,True,10.131,54390,189,13.546,3.461,60,38.354,2.636,-24.808,1.313,False,False,12.917,6.25
tg7_P9160564,2-5,4.8,2880x1620,bayer,False,15.0,72047,251,-0.55,4.583,60,38.354,2.636,-38.904,1.739,False,False,1.929,6.25
tg7_P9160564,2-5,4.8,3200x1800,rgbwa,True,13.608,54445,190,-2.757,4.283,60,38.437,2.728,-41.194,1.57,False,False,-0.736,-0.596
tg7_P9160564,2-5,4.8,3200x1800,bayer,False,15.0,88385,307,-0.204,4.641,60,38.437,2.728,-38.641,1.701,False,False,2.596,-0.596
tg7_P9160564,2-5,4.8,4608x2592,rgbwa,True,21.912,54453,190,-20.353,5.315,60,38.257,2.746,-58.61,1.936,False,False,-15.358,-23.105
tg7_P9160564,2-5,4.8,4608x2592,bayer,False,15.0,158835,552,0.703,4.552,60,38.257,2.746,-37.554,1.658,False,False,6.582,-23.105
tg7_P9160509,5-8,5.1,1600x900,rgbwa,True,2.726,54375,189,72.205,1.146,70,51.337,2.733,20.868,0.419,True,True,72.205,51.337
tg7_P9160509,5-8,5.1,1600x900,bayer,True,6.415,54448,190,53.26,2.606,70,51.337,2.733,1.923,0.954,True,False,53.26,51.337
tg7_P9160509,5-8,5.1,1920x1080,rgbwa,True,3.917,54342,189,65.229,1.477,70,51.696,2.603,13.533,0.567,True,True,64.024,45.161
tg7_P9160509,5-8,5.1,1920x1080,bayer,True,9.165,54474,190,38.021,3.181,70,51.696,2.603,-13.675,1.222,False,False,39.297,45.161
tg7_P9160509,5-8,5.1,2304x1296,rgbwa,True,5.912,54008,188,52.928,1.931,70,51.138,2.724,1.79,0.709,True,False,49.949,36.393
tg7_P9160509,5-8,5.1,2304x1296,bayer,True,13.677,54380,189,22.791,4.048,70,51.138,2.724,-28.347,1.486,False,False,22.197,36.393
tg7_P9160509,5-8,5.1,2880x1620,rgbwa,True,9.462,54463,190,35.411,2.921,70,51.203,2.721,-15.792,1.074,False,False,30.676,23.032
tg7_P9160509,5-8,5.1,2880x1620,bayer,False,15.0,71262,248,19.854,4.23,70,51.203,2.721,-31.349,1.555,False,False,17.708,23.032
tg7_P9160509,5-8,5.1,3200x1800,rgbwa,True,11.748,54231,189,24.339,3.553,70,51.765,2.621,-27.426,1.356,False,False,20.37,16.803
tg7_P9160509,5-8,5.1,3200x1800,bayer,False,15.0,82332,286,18.783,4.241,70,51.765,2.621,-32.982,1.618,False,False,18.174,16.803
tg7_P9160509,5-8,5.1,4608x2592,rgbwa,True,20.003,52389,182,4.156,4.488,70,51.454,2.64,-47.298,1.7,False,False,2.961,-5.709
tg7_P9160509,5-8,5.1,4608x2592,bayer,False,15.0,142752,496,18.69,4.259,70,51.454,2.64,-32.764,1.613,False,False,19.758,-5.709
tg7_P9160634,5-8,5.9,1600x900,rgbwa,True,2.458,54417,189,70.924,1.117,70,45.966,2.2,24.958,0.508,True,True,70.924,45.966
tg7_P9160634,5-8,5.9,1600x900,bayer,True,4.479,54379,189,53.02,2.143,70,45.966,2.2,7.054,0.974,True,False,53.02,45.966
tg7_P9160634,5-8,5.9,1920x1080,rgbwa,True,3.565,54323,189,61.027,1.465,70,45.854,2.216,15.173,0.661,True,True,60.357,37.44
tg7_P9160634,5-8,5.9,1920x1080,bayer,True,6.678,54351,189,35.898,2.674,70,45.854,2.216,-9.956,1.207,False,False,37.268,37.44
tg7_P9160634,5-8,5.9,2304x1296,rgbwa,True,5.098,54473,190,46.77,1.907,70,45.652,2.175,1.118,0.877,True,False,44.912,29.109
tg7_P9160634,5-8,5.9,2304x1296,bayer,True,10.024,54336,189,20.391,3.339,70,45.652,2.175,-25.261,1.535,False,False,19.701,29.109
tg7_P9160634,5-8,5.9,2880x1620,rgbwa,True,8.636,54474,190,22.867,2.88,70,45.897,2.183,-23.03,1.319,False,False,20.308,9.111
tg7_P9160634,5-8,5.9,2880x1620,bayer,False,15.0,59852,208,2.704,4.205,70,45.897,2.183,-43.193,1.926,False,False,2.224,9.111
tg7_P9160634,5-8,5.9,3200x1800,rgbwa,True,11.346,54471,190,9.907,3.465,70,45.711,2.192,-35.804,1.581,False,False,7.675,3.398
tg7_P9160634,5-8,5.9,3200x1800,bayer,False,15.0,73410,255,3.914,4.17,70,45.711,2.192,-41.797,1.902,False,False,2.646,3.398
tg7_P9160634,5-8,5.9,4608x2592,rgbwa,True,20.003,51625,180,-10.58,4.555,70,45.872,2.196,-56.452,2.074,False,False,-9.556,-18.217
tg7_P9160634,5-8,5.9,4608x2592,bayer,False,15.0,139887,486,3.686,4.36,70,45.872,2.196,-42.186,1.985,False,False,6.745,-18.217
tg7_P9160565,5-8,6.0,1600x900,rgbwa,True,2.24,54309,189,65.446,1.344,70,45.908,2.455,19.538,0.547,True,True,65.446,45.908
tg7_P9160565,5-8,6.0,1600x900,bayer,True,3.288,54376,189,53.662,2.282,70,45.908,2.455,7.754,0.93,True,False,53.662,45.908
tg7_P9160565,5-8,6.0,1920x1080,rgbwa,True,3.042,54306,189,59.161,1.542,70,45.879,2.432,13.282,0.634,True,True,58.478,39.445
tg7_P9160565,5-8,6.0,1920x1080,bayer,True,4.844,54446,190,44.034,2.639,70,45.879,2.432,-1.845,1.085,False,False,45.07,39.445
tg7_P9160565,5-8,6.0,2304x1296,rgbwa,True,4.172,54400,189,51.214,1.776,70,45.936,2.476,5.278,0.717,True,True,50.797,32.686
tg7_P9160565,5-8,6.0,2304x1296,bayer,True,6.678,54346,189,36.674,3.088,70,45.936,2.476,-9.262,1.247,False,False,39.289,32.686
tg7_P9160565,5-8,6.0,2880x1620,rgbwa,True,6.337,54391,189,41.622,2.188,70,45.79,2.447,-4.168,0.894,False,False,41.677,23.896
tg7_P9160565,5-8,6.0,2880x1620,bayer,True,10.75,54228,189,26.465,3.804,70,45.79,2.447,-19.325,1.555,False,False,28.742,23.896
tg7_P9160565,5-8,6.0,3200x1800,rgbwa,True,7.857,54197,189,36.212,2.459,70,45.954,2.439,-9.742,1.008,False,False,37.041,18.545
tg7_P9160565,5-8,6.0,3200x1800,bayer,True,13.677,54299,189,17.638,4.287,70,45.954,2.439,-28.316,1.758,False,False,23.167,18.545
tg7_P9160565,5-8,6.0,4608x2592,rgbwa,True,19.224,54298,189,10.979,5.235,70,45.922,2.444,-34.943,2.142,False,False,5.768,-0.187
tg7_P9160565,5-8,6.0,4608x2592,bayer,False,15.0,91855,319,16.125,4.482,70,45.922,2.444,-29.797,1.834,False,False,18.632,-0.187
tg7_P9150405,5-8,6.3,1600x900,rgbwa,True,2.312,54261,189,70.183,1.244,60,49.815,2.383,20.368,0.522,True,True,70.183,49.815
tg7_P9150405,5-8,6.3,1600x900,bayer,True,5.032,54460,190,50.475,2.364,60,49.815,2.383,0.66,0.992,True,False,50.475,49.815
tg7_P9150405,5-8,6.3,1920x1080,rgbwa,True,3.297,54397,189,62.176,1.532,60,49.873,2.392,12.303,0.64,True,True,61.352,43.573
tg7_P9150405,5-8,6.3,1920x1080,bayer,True,7.957,54464,190,30.715,3.054,60,49.873,2.392,-19.158,1.277,False,False,32.782,43.573
tg7_P9150405,5-8,6.3,2304x1296,rgbwa,True,5.195,54462,190,50.285,1.938,60,49.645,2.376,0.64,0.816,True,False,47.322,35.398
tg7_P9150405,5-8,6.3,2304x1296,bayer,True,12.046,54449,190,14.286,3.863,60,49.645,2.376,-35.359,1.626,False,False,13.493,35.398
tg7_P9150405,5-8,6.3,2880x1620,rgbwa,True,9.061,54459,190,28.812,2.796,60,49.671,2.397,-20.859,1.166,False,False,23.264,22.777
tg7_P9150405,5-8,6.3,2880x1620,bayer,False,15.0,67165,234,4.953,4.533,60,49.671,2.397,-44.718,1.891,False,False,2.441,22.777
tg7_P9150405,5-8,6.3,3200x1800,rgbwa,True,12.66,54306,189,12.888,3.566,60,49.762,2.366,-36.874,1.507,False,False,6.778,16.631
tg7_P9150405,5-8,6.3,3200x1800,bayer,False,15.0,80016,278,5.309,4.496,60,49.762,2.366,-44.453,1.9,False,False,1.97,16.631
tg7_P9150405,5-8,6.3,4608x2592,rgbwa,True,20.003,50087,174,-2.78,4.151,60,49.654,2.386,-52.434,1.74,False,False,-9.516,-7.118
tg7_P9150405,5-8,6.3,4608x2592,bayer,False,15.0,142709,496,5.737,4.262,60,49.654,2.386,-43.917,1.786,False,False,2.688,-7.118
tg7_P9160496,5-8,7.8,1600x900,rgbwa,True,3.115,54341,189,66.739,1.285,70,50.531,2.186,16.208,0.588,True,True,66.739,50.531
tg7_P9160496,5-8,7.8,1600x900,bayer,True,6.881,54393,189,43.3,2.652,70,50.531,2.186,-7.231,1.213,False,False,43.3,50.531
tg7_P9160496,5-8,7.8,1920x1080,rgbwa,True,4.599,54458,190,54.585,1.675,70,50.707,2.179,3.878,0.769,True,False,54.102,34.005
tg7_P9160496,5-8,7.8,1920x1080,bayer,True,10.431,54279,189,21.752,3.472,70,50.707,2.179,-28.955,1.593,False,False,25.327,34.005
tg7_P9160496,5-8,7.8,2304x1296,rgbwa,True,7.263,54409,189,36.456,2.375,70,50.518,2.188,-14.062,1.085,False,False,36.406,22.963
tg7_P9160496,5-8,7.8,2304x1296,bayer,False,15.0,58736,204,5.765,4.13,70,50.518,2.188,-44.753,1.888,False,False,9.576,22.963
tg7_P9160496,5-8,7.8,2880x1620,rgbwa,True,13.425,54440,190,5.618,3.861,70,50.671,2.166,-45.053,1.783,False,False,5.616,7.233
tg7_P9160496,5-8,7.8,2880x1620,bayer,False,15.0,89664,312,7.731,4.117,70,50.671,2.166,-42.94,1.901,False,False,10.855,7.233
tg7_P9160496,5-8,7.8,3200x1800,rgbwa,True,18.459,54344,189,-11.234,4.778,70,50.711,2.165,-61.945,2.207,False,False,-9.699,-8.983
tg7_P9160496,5-8,7.8,3200x1800,bayer,False,15.0,108533,377,7.292,4.145,70,50.711,2.165,-43.419,1.915,False,False,10.974,-8.983
tg7_P9160496,5-8,7.8,4608x2592,rgbwa,False,25.0,61951,216,-22.196,5.395,70,50.784,2.189,-72.98,2.465,False,False,-19.919,-34.052
tg7_P9160496,5-8,7.8,4608x2592,bayer,False,15.0,201689,701,6.305,4.124,70,50.784,2.189,-44.479,1.884,False,False,10.702,-34.052
tg7_P9160601,5-8,7.8,1600x900,rgbwa,True,2.689,54403,189,71.991,1.063,70,50.962,2.062,21.029,0.516,True,True,71.991,50.962
tg7_P9160601,5-8,7.8,1600x900,bayer,True,5.965,54456,190,47.589,2.405,70,50.962,2.062,-3.373,1.166,False,False,47.589,50.962
tg7_P9160601,5-8,7.8,1920x1080,rgbwa,True,3.821,54026,188,61.202,1.454,70,50.909,2.077,10.293,0.7,True,True,61.662,43.532
tg7_P9160601,5-8,7.8,1920x1080,bayer,True,9.209,54393,189,27.013,3.149,70,50.909,2.077,-23.896,1.516,False,False,31.162,43.532
tg7_P9160601,5-8,7.8,2304x1296,rgbwa,True,5.876,54329,189,44.833,2.013,70,51.148,2.113,-6.315,0.953,False,False,46.022,25.329
tg7_P9160601,5-8,7.8,2304x1296,bayer,True,13.909,54474,190,9.971,3.961,70,51.148,2.113,-41.177,1.875,False,False,15.739,25.329
tg7_P9160601,5-8,7.8,2880x1620,rgbwa,True,10.228,54415,189,18.399,3.148,70,50.949,2.091,-32.55,1.505,False,False,22.61,10.861
tg7_P9160601,5-8,7.8,2880x1620,bayer,False,15.0,75228,262,5.357,4.188,70,50.949,2.091,-45.592,2.003,False,False,13.799,10.861
tg7_P9160601,5-8,7.8,3200x1800,rgbwa,True,13.924,54273,189,-0.303,4.092,70,50.889,2.102,-51.192,1.947,False,False,6.719,3.752
tg7_P9160601,5-8,7.8,3200x1800,bayer,False,15.0,90517,315,6.549,4.179,70,50.889,2.102,-44.34,1.988,False,False,14.436,3.752
tg7_P9160601,5-8,7.8,4608x2592,rgbwa,True,23.309,54368,189,-15.297,4.767,70,50.735,2.126,-66.032,2.242,False,False,-8.224,-20.067
tg7_P9160601,5-8,7.8,4608x2592,bayer,False,15.0,168892,587,6.753,4.13,70,50.735,2.126,-43.982,1.943,False,False,14.908,-20.067
tg7_P9160516,8-11,9.5,1600x900,rgbwa,True,3.711,54445,190,63.905,1.525,60,41.712,2.867,22.193,0.532,True,True,63.905,41.712
tg7_P9160516,8-11,9.5,1600x900,bayer,True,8.262,54355,189,37.957,3.288,60,41.712,2.867,-3.755,1.147,False,False,37.957,41.712
tg7_P9160516,8-11,9.5,1920x1080,rgbwa,True,5.681,54342,189,47.865,2.102,60,41.554,2.836,6.311,0.741,True,True,45.793,29.035
tg7_P9160516,8-11,9.5,1920x1080,bayer,True,12.7,54438,190,14.528,4.08,60,41.554,2.836,-27.026,1.439,False,False,13.86,29.035
tg7_P9160516,8-11,9.5,2304x1296,rgbwa,True,8.781,54390,189,29.089,2.956,60,41.386,2.875,-12.297,1.028,False,False,24.11,14.42
tg7_P9160516,8-11,9.5,2304x1296,bayer,False,15.0,66537,232,7.345,4.543,60,41.386,2.875,-34.041,1.58,False,False,3.657,14.42
tg7_P9160516,8-11,9.5,2880x1620,rgbwa,True,14.349,54473,190,-0.9,4.574,60,41.585,2.878,-42.485,1.589,False,False,-8.844,-11.457
tg7_P9160516,8-11,9.5,2880x1620,bayer,False,15.0,98902,344,8.808,4.552,60,41.585,2.878,-32.777,1.582,False,False,1.778,-11.457
tg7_P9160516,8-11,9.5,3200x1800,rgbwa,True,20.003,41289,144,-12.379,4.859,60,41.681,2.907,-54.06,1.671,False,False,-23.141,-20.129
tg7_P9160516,8-11,9.5,3200x1800,bayer,False,15.0,119046,414,7.706,4.523,60,41.681,2.907,-33.975,1.556,False,False,0.979,-20.129
tg7_P9160516,8-11,9.5,4608x2592,rgbwa,False,25.0,64686,225,-22.09,5.498,60,41.24,2.865,-63.33,1.919,False,False,-30.76,-42.973
tg7_P9160516,8-11,9.5,4608x2592,bayer,False,15.0,220198,765,7.512,4.566,60,41.24,2.865,-33.728,1.594,False,False,2.397,-42.973
tg7_P9150382,8-11,9.6,1600x900,rgbwa,True,3.297,54263,189,58.876,1.734,50,35.016,2.972,23.86,0.583,True,True,58.876,35.016
tg7_P9150382,8-11,9.6,1600x900,bayer,True,6.066,54455,190,31.843,3.292,50,35.016,2.972,-3.173,1.108,False,False,31.843,35.016
tg7_P9150382,8-11,9.6,1920x1080,rgbwa,True,4.951,54311,189,44.454,2.255,50,35.104,2.988,9.35,0.755,True,True,42.895,26.604
tg7_P9150382,8-11,9.6,1920x1080,bayer,True,9.412,54473,190,4.262,4.228,50,35.104,2.988,-30.842,1.415,False,False,9.707,26.604
tg7_P9150382,8-11,9.6,2304x1296,rgbwa,True,6.752,54232,189,26.904,2.939,50,35.066,2.984,-8.162,0.985,False,False,22.91,16.355
tg7_P9150382,8-11,9.6,2304x1296,bayer,True,14.011,54263,189,-13.612,5.237,50,35.066,2.984,-48.678,1.755,False,False,-10.95,16.355
tg7_P9150382,8-11,9.6,2880x1620,rgbwa,True,11.006,54474,190,-0.172,4.241,50,35.017,3.004,-35.189,1.412,False,False,-4.898,1.445
tg7_P9150382,8-11,9.6,2880x1620,bayer,False,15.0,75405,262,-13.818,5.439,50,35.017,3.004,-48.835,1.811,False,False,-14.336,1.445
tg7_P9150382,8-11,9.6,3200x1800,rgbwa,True,13.79,54222,189,-14.8,5.044,50,35.35,2.986,-50.15,1.689,False,False,-17.056,-5.782
tg7_P9150382,8-11,9.6,3200x1800,bayer,False,15.0,89636,312,-16.603,5.461,50,35.35,2.986,-51.953,1.829,False,False,-14.275,-5.782
tg7_P9150382,8-11,9.6,4608x2592,rgbwa,True,20.003,53964,188,-27.377,5.591,50,35.005,2.98,-62.382,1.876,False,False,-31.113,-30.145
tg7_P9150382,8-11,9.6,4608x2592,bayer,False,15.0,161143,560,-16.31,5.397,50,35.005,2.98,-51.315,1.811,False,False,-14.18,-30.145
tg7_P9160544,8-11,10.2,1600x900,rgbwa,True,5.098,54428,189,41.051,2.168,50,26.455,2.651,14.596,0.818,True,True,41.051,26.455
tg7_P9160544,8-11,10.2,1600x900,bayer,True,11.159,54406,189,16.178,4.102,50,26.455,2.651,-10.277,1.547,False,False,16.178,26.455
tg7_P9160544,8-11,10.2,1920x1080,rgbwa,True,7.53,54448,190,20.573,2.942,50,26.503,2.652,-5.93,1.109,False,False,20.259,11.822
tg7_P9160544,8-11,10.2,1920x1080,bayer,False,15.0,58997,205,-10.682,4.755,50,26.503,2.652,-37.185,1.793,False,False,-2.108,11.822
tg7_P9160544,8-11,10.2,2304x1296,rgbwa,True,10.994,54458,190,-3.764,4.117,50,26.338,2.659,-30.102,1.548,False,False,-3.611,-3.803
tg7_P9160544,8-11,10.2,2304x1296,bayer,False,15.0,81135,282,-10.671,4.756,50,26.338,2.659,-37.009,1.789,False,False,-2.783,-3.803
tg7_P9160544,8-11,10.2,2880x1620,rgbwa,True,17.91,54454,190,-33.256,5.877,50,26.541,2.674,-59.797,2.198,False,False,-33.187,-21.956
tg7_P9160544,8-11,10.2,2880x1620,bayer,False,15.0,117226,408,-2.149,4.786,50,26.541,2.674,-28.69,1.79,False,False,-3.587,-21.956
tg7_P9160544,8-11,10.2,3200x1800,rgbwa,True,20.003,45317,158,-41.815,6.0,50,26.413,2.64,-68.228,2.273,False,False,-39.442,-29.45
tg7_P9160544,8-11,10.2,3200x1800,bayer,False,15.0,137580,478,-9.754,4.755,50,26.413,2.64,-36.167,1.801,False,False,-3.332,-29.45
tg7_P9160544,8-11,10.2,4608x2592,rgbwa,False,25.0,65898,229,-49.287,6.701,50,26.595,2.662,-75.882,2.517,False,False,-40.905,-48.53
tg7_P9160544,8-11,10.2,4608x2592,bayer,False,15.0,234708,815,-10.044,4.892,50,26.595,2.662,-36.639,1.838,False,False,0.544,-48.53
tg7_P9160650,8-11,10.4,1600x900,rgbwa,True,2.592,54277,189,43.408,1.903,50,13.608,3.431,29.8,0.555,True,True,43.408,13.608
tg7_P9160650,8-11,10.4,1600x900,bayer,True,4.523,54303,189,26.2,2.862,50,13.608,3.431,12.592,0.834,True,True,26.2,13.608
tg7_P9160650,8-11,10.4,1920x1080,rgbwa,True,3.467,54289,189,31.504,2.251,50,13.751,3.429,17.753,0.656,True,True,29.903,4.423
tg7_P9160650,8-11,10.4,1920x1080,bayer,True,6.037,54403,189,8.914,3.291,50,13.751,3.429,-4.837,0.96,False,False,12.119,4.423
tg7_P9160650,8-11,10.4,2304x1296,rgbwa,True,4.672,54391,189,16.592,2.641,50,13.756,3.443,2.836,0.767,True,False,12.888,0.534
tg7_P9160650,8-11,10.4,2304x1296,bayer,True,8.233,54378,189,-2.797,3.863,50,13.756,3.443,-16.553,1.122,False,False,-2.009,0.534
tg7_P9160650,8-11,10.4,2880x1620,rgbwa,True,7.178,54359,189,-3.301,3.422,50,13.676,3.419,-16.977,1.001,False,False,-7.682,-9.865
tg7_P9160650,8-11,10.4,2880x1620,bayer,True,12.22,54223,189,-18.109,4.609,50,13.676,3.419,-31.785,1.348,False,False,-17.647,-9.865
tg7_P9160650,8-11,10.4,3200x1800,rgbwa,True,8.915,54409,189,-13.497,3.837,50,13.853,3.406,-27.35,1.127,False,False,-16.024,-14.579
tg7_P9160650,8-11,10.4,3200x1800,bayer,True,14.928,54473,190,-25.673,4.967,50,13.853,3.406,-39.526,1.458,False,False,-24.215,-14.579
tg7_P9160650,8-11,10.4,4608x2592,rgbwa,True,20.003,33113,115,-41.136,5.708,50,13.716,3.4,-54.852,1.679,False,False,-40.893,-29.705
tg7_P9160650,8-11,10.4,4608x2592,bayer,False,15.0,99788,347,-25.744,5.109,50,13.716,3.4,-39.46,1.503,False,False,-22.467,-29.705
tg7_P9150374,8-11,10.7,1600x900,rgbwa,True,2.944,54465,190,65.679,1.568,50,33.668,3.112,32.011,0.504,True,True,65.679,33.668
tg7_P9150374,8-11,10.7,1600x900,bayer,True,5.862,54133,188,45.591,3.0,50,33.668,3.112,11.923,0.964,True,False,45.591,33.668
tg7_P9150374,8-11,10.7,1920x1080,rgbwa,True,4.841,54373,189,53.218,2.066,50,34.032,3.107,19.186,0.665,True,True,51.05,29.443
tg7_P9150374,8-11,10.7,1920x1080,bayer,True,10.344,54386,189,21.359,4.225,50,34.032,3.107,-12.673,1.36,False,False,17.724,29.443
tg7_P9150374,8-11,10.7,2304x1296,rgbwa,True,7.943,54086,188,37.346,2.855,50,34.133,3.079,3.213,0.927,True,False,29.314,20.849
tg7_P9150374,8-11,10.7,2304x1296,bayer,False,15.0,58301,203,5.491,5.298,50,34.133,3.079,-28.642,1.721,False,False,-5.626,20.849
tg7_P9150374,8-11,10.7,2880x1620,rgbwa,True,13.924,54129,188,10.106,4.62,50,34.158,3.068,-24.052,1.506,False,False,-8.248,-2.878
tg7_P9150374,8-11,10.7,2880x1620,bayer,False,15.0,88115,306,7.155,5.199,50,34.158,3.068,-27.003,1.695,False,False,-9.088,-2.878
tg7_P9150374,8-11,10.7,3200x1800,rgbwa,True,19.821,54273,189,-4.715,5.43,50,33.98,3.118,-38.695,1.742,False,False,-24.548,-12.143
tg7_P9150374,8-11,10.7,3200x1800,bayer,False,15.0,104960,365,6.608,5.32,50,33.98,3.118,-27.372,1.706,False,False,-10.292,-12.143
tg7_P9150374,8-11,10.7,4608x2592,rgbwa,False,25.0,55817,194,-10.286,5.457,50,33.962,3.104,-44.248,1.758,False,False,-35.672,-38.048
tg7_P9150374,8-11,10.7,4608x2592,bayer,False,15.0,178558,620,5.395,5.428,50,33.962,3.104,-28.567,1.749,False,False,-11.655,-38.048
tg7_P9160527,8-11,10.8,1600x900,rgbwa,True,4.551,54355,189,34.76,2.444,50,22.623,2.71,12.137,0.902,True,False,34.76,22.623
tg7_P9160527,8-11,10.8,1600x900,bayer,True,8.073,54473,190,11.315,4.21,50,22.623,2.71,-11.308,1.554,False,False,11.315,22.623
tg7_P9160527,8-11,10.8,1920x1080,rgbwa,True,6.52,54464,190,14.817,3.08,50,22.959,2.7,-8.142,1.141,False,False,14.15,-1.669
tg7_P9160527,8-11,10.8,1920x1080,bayer,True,11.77,54424,189,-21.107,5.238,50,22.959,2.7,-44.066,1.94,False,False,-14.536,-1.669
tg7_P9160527,8-11,10.8,2304x1296,rgbwa,True,9.474,54363,189,-9.701,4.169,50,22.901,2.691,-32.602,1.549,False,False,-10.124,-16.394
tg7_P9160527,8-11,10.8,2304x1296,bayer,False,15.0,60864,212,-34.063,5.94,50,22.901,2.691,-56.964,2.207,False,False,-29.031,-16.394
tg7_P9160527,8-11,10.8,2880x1620,rgbwa,True,14.094,54365,189,-43.162,6.265,50,23.159,2.694,-66.321,2.326,False,False,-41.237,-33.747
tg7_P9160527,8-11,10.8,2880x1620,bayer,False,15.0,92304,321,-28.974,5.95,50,23.159,2.694,-52.133,2.209,False,False,-27.458,-33.747
tg7_P9160527,8-11,10.8,3200x1800,rgbwa,True,18.532,54447,190,-53.044,7.052,50,22.887,2.707,-75.931,2.605,False,False,-50.755,-40.891
tg7_P9160527,8-11,10.8,3200x1800,bayer,False,15.0,110264,383,-33.011,5.941,50,22.887,2.707,-55.898,2.195,False,False,-26.393,-40.891
tg7_P9160527,8-11,10.8,4608x2592,rgbwa,False,25.0,55205,192,-60.064,7.728,50,22.845,2.707,-82.909,2.855,False,False,-55.814,-54.651
tg7_P9160527,8-11,10.8,4608x2592,bayer,False,15.0,203066,706,-33.334,5.975,50,22.845,2.707,-56.179,2.207,False,False,-20.138,-54.651
tg7_P9160481,11-14,11.1,1600x900,rgbwa,True,3.321,54302,189,65.041,1.479,70,49.705,2.237,15.336,0.661,True,True,65.041,49.705
tg7_P9160481,11-14,11.1,1600x900,bayer,True,8.569,54456,190,40.266,3.252,70,49.705,2.237,-9.439,1.454,False,False,40.266,49.705
tg7_P9160481,11-14,11.1,1920x1080,rgbwa,True,5.402,54453,190,48.293,2.087,60,43.132,2.494,5.161,0.837,True,True,46.077,29.866
tg7_P9160481,11-14,11.1,1920x1080,bayer,True,13.982,54440,190,15.494,4.313,60,43.132,2.494,-27.638,1.729,False,False,14.202,29.866
tg7_P9160481,11-14,11.1,2304x1296,rgbwa,True,9.268,54435,190,27.269,3.068,60,43.112,2.471,-15.843,1.242,False,False,21.97,6.68
tg7_P9160481,11-14,11.1,2304x1296,bayer,False,15.0,74714,260,11.594,4.524,60,43.112,2.471,-31.518,1.831,False,False,8.445,6.68
tg7_P9160481,11-14,11.1,2880x1620,rgbwa,True,17.571,54450,190,-7.711,5.256,60,43.066,2.515,-50.777,2.09,False,False,-17.206,-14.155
tg7_P9160481,11-14,11.1,2880x1620,bayer,False,15.0,118183,411,13.435,4.496,60,43.066,2.515,-29.631,1.788,False,False,5.856,-14.155
tg7_P9160481,11-14,11.1,3200x1800,rgbwa,True,20.003,47369,165,-17.082,5.312,60,43.029,2.482,-60.111,2.14,False,False,-30.155,-24.022
tg7_P9160481,11-14,11.1,3200x1800,bayer,False,15.0,143815,500,12.688,4.498,60,43.029,2.482,-30.341,1.812,False,False,4.86,-24.022
tg7_P9160481,11-14,11.1,4608x2592,rgbwa,False,25.0,77342,269,-25.999,6.031,70,49.733,2.275,-75.732,2.651,False,False,-38.351,-54.573
tg7_P9160481,11-14,11.1,4608x2592,bayer,False,15.0,275019,955,12.433,4.479,70,49.733,2.275,-37.3,1.969,False,False,4.443,-54.573
tg7_P9160546,11-14,11.1,1600x900,rgbwa,True,2.264,54211,189,74.231,1.126,80,65.679,1.617,8.552,0.696,True,True,74.231,65.679
tg7_P9160546,11-14,11.1,1600x900,bayer,True,3.971,54428,189,64.353,1.964,80,65.679,1.617,-1.326,1.215,False,False,64.353,65.679
tg7_P9160546,11-14,11.1,1920x1080,rgbwa,True,3.333,54421,189,67.032,1.399,80,65.814,1.624,1.218,0.861,True,False,67.463,60.095
tg7_P9160546,11-14,11.1,1920x1080,bayer,True,6.838,54381,189,51.221,2.607,80,65.814,1.624,-14.593,1.605,False,False,54.309,60.095
tg7_P9160546,11-14,11.1,2304x1296,rgbwa,True,5.45,54456,190,56.664,1.805,80,65.514,1.644,-8.85,1.098,False,False,55.741,40.624
tg7_P9160546,11-14,11.1,2304x1296,bayer,True,11.61,54454,190,36.396,3.406,80,65.514,1.644,-29.118,2.072,False,False,37.983,40.624
tg7_P9160546,11-14,11.1,2880x1620,rgbwa,True,10.703,54311,189,43.701,2.731,80,65.863,1.625,-22.162,1.681,False,False,33.68,23.237
tg7_P9160546,11-14,11.1,2880x1620,bayer,False,15.0,74539,259,35.707,3.989,80,65.863,1.625,-30.156,2.455,False,False,22.885,23.237
tg7_P9160546,11-14,11.1,3200x1800,rgbwa,True,14.957,54435,190,29.617,3.887,80,65.798,1.624,-36.181,2.393,False,False,13.016,3.032
tg7_P9160546,11-14,11.1,3200x1800,bayer,False,15.0,96009,334,30.817,3.99,80,65.798,1.624,-34.981,2.457,False,False,19.942,3.032
tg7_P9160546,11-14,11.1,4608x2592,rgbwa,False,25.0,79669,277,20.555,4.327,80,65.661,1.63,-45.106,2.655,False,False,-26.569,-50.302
tg7_P9160546,11-14,11.1,4608x2592,bayer,False,15.0,240971,837,31.287,3.895,80,65.661,1.63,-34.374,2.39,False,False,9.008,-50.302
tg7_P9160522,11-14,11.2,1600x900,rgbwa,True,3.139,53974,188,67.898,1.486,70,54.089,2.051,13.809,0.725,True,True,67.898,54.089
tg7_P9160522,11-14,11.2,1600x900,bayer,True,7.783,54428,189,49.466,2.984,70,54.089,2.051,-4.623,1.455,False,False,49.466,54.089
tg7_P9160522,11-14,11.2,1920x1080,rgbwa,True,5.559,54456,190,51.373,2.14,70,54.111,2.052,-2.738,1.043,False,False,48.617,33.041
tg7_P9160522,11-14,11.2,1920x1080,bayer,True,14.215,54436,190,20.663,4.347,70,54.111,2.052,-33.448,2.118,False,False,20.685,33.041
tg7_P9160522,11-14,11.2,2304x1296,rgbwa,True,9.425,54457,190,31.186,3.149,70,53.96,2.041,-22.774,1.543,False,False,22.856,8.29
tg7_P9160522,11-14,11.2,2304x1296,bayer,False,15.0,76177,265,17.833,4.496,70,53.96,2.041,-36.127,2.203,False,False,13.172,8.29
tg7_P9160522,11-14,11.2,2880x1620,rgbwa,True,17.813,54355,189,-1.496,5.329,70,54.14,2.044,-55.636,2.607,False,False,-14.879,-21.1
tg7_P9160522,11-14,11.2,2880x1620,bayer,False,15.0,118239,411,22.543,4.508,70,54.14,2.044,-31.597,2.205,False,False,10.454,-21.1
tg7_P9160522,11-14,11.2,3200x1800,rgbwa,True,20.003,48985,171,-7.444,5.191,70,54.168,2.04,-61.612,2.545,False,False,-26.479,-29.674
tg7_P9160522,11-14,11.2,3200x1800,bayer,False,15.0,142853,497,18.604,4.527,70,54.168,2.04,-35.564,2.219,False,False,9.796,-29.674
tg7_P9160522,11-14,11.2,4608x2592,rgbwa,False,25.0,74714,260,-16.612,5.911,70,54.159,2.041,-70.771,2.896,False,False,-33.017,-51.707
tg7_P9160522,11-14,11.2,4608x2592,bayer,False,15.0,260104,904,18.303,4.517,70,54.159,2.041,-35.856,2.213,False,False,9.452,-51.707
tg7_P9150363,11-14,12.9,1600x900,rgbwa,True,2.568,54293,189,56.237,1.816,50,21.046,3.651,35.191,0.497,True,True,56.237,21.046
tg7_P9150363,11-14,12.9,1600x900,bayer,True,4.232,54450,190,40.353,2.952,50,21.046,3.651,19.307,0.809,True,True,40.353,21.046
tg7_P9150363,11-14,12.9,1920x1080,rgbwa,True,3.796,54334,189,46.849,2.289,50,20.999,3.671,25.85,0.624,True,True,46.638,17.04
tg7_P9150363,11-14,12.9,1920x1080,bayer,True,6.838,54307,189,19.159,3.967,50,20.999,3.671,-1.84,1.081,False,False,21.044,17.04
tg7_P9150363,11-14,12.9,2304x1296,rgbwa,True,5.96,54446,190,33.98,2.769,50,21.176,3.639,12.804,0.761,True,True,29.654,10.302
tg7_P9150363,11-14,12.9,2304x1296,bayer,True,10.678,54475,190,3.992,5.143,50,21.176,3.639,-17.184,1.413,False,False,0.033,10.302
tg7_P9150363,11-14,12.9,2880x1620,rgbwa,True,10.373,54445,190,13.301,3.953,50,20.834,3.677,-7.533,1.075,False,False,3.523,-5.391
tg7_P9150363,11-14,12.9,2880x1620,bayer,False,15.0,62708,218,-7.662,6.261,50,20.834,3.677,-28.496,1.703,False,False,-18.154,-5.391
tg7_P9150363,11-14,12.9,3200x1800,rgbwa,True,12.976,54271,189,-0.454,4.689,50,21.16,3.663,-21.614,1.28,False,False,-12.672,-11.026
tg7_P9150363,11-14,12.9,3200x1800,bayer,False,15.0,76214,265,-8.285,6.002,50,21.16,3.663,-29.445,1.639,False,False,-18.83,-11.026
tg7_P9150363,11-14,12.9,4608x2592,rgbwa,True,20.003,53122,185,-13.576,5.27,50,21.178,3.657,-34.754,1.441,False,False,-28.51,-32.426
tg7_P9150363,11-14,12.9,4608x2592,bayer,False,15.0,141620,492,-8.753,5.939,50,21.178,3.657,-29.931,1.624,False,False,-18.507,-32.426
tg7_P9160640,11-14,13.4,1600x900,rgbwa,True,1.789,54221,189,68.844,1.229,70,46.439,2.108,22.405,0.583,True,True,68.844,46.439
tg7_P9160640,11-14,13.4,1600x900,bayer,True,2.167,54330,189,62.969,1.618,70,46.439,2.108,16.53,0.768,True,True,62.969,46.439
tg7_P9160640,11-14,13.4,1920x1080,rgbwa,True,2.3,54443,190,63.249,1.349,70,46.267,2.111,16.982,0.639,True,True,63.073,48.045
tg7_P9160640,11-14,13.4,1920x1080,bayer,True,2.952,54415,189,54.126,1.794,70,46.267,2.111,7.859,0.85,True,True,56.144,48.045
tg7_P9160640,11-14,13.4,2304x1296,rgbwa,True,3.115,54399,189,56.032,1.576,70,46.457,2.105,9.575,0.749,True,True,55.504,43.293
tg7_P9160640,11-14,13.4,2304x1296,bayer,True,4.159,53847,187,48.366,2.074,70,46.457,2.105,1.909,0.985,True,False,49.335,43.293
tg7_P9160640,11-14,13.4,2880x1620,rgbwa,True,3.905,54281,189,44.931,1.972,70,46.419,2.115,-1.488,0.932,False,False,43.863,37.784
tg7_P9160640,11-14,13.4,2880x1620,bayer,True,6.838,54373,189,38.124,2.593,70,46.419,2.115,-8.295,1.226,False,False,38.334,37.784
tg7_P9160640,11-14,13.4,3200x1800,rgbwa,True,5.146,53626,187,39.129,2.16,70,46.318,2.113,-7.189,1.022,False,False,37.733,35.143
tg7_P9160640,11-14,13.4,3200x1800,bayer,True,8.685,54475,190,33.144,2.963,70,46.318,2.113,-13.174,1.402,False,False,32.759,35.143
tg7_P9160640,11-14,13.4,4608x2592,rgbwa,True,12.721,54451,190,20.411,3.471,70,46.389,2.129,-25.978,1.63,False,False,14.569,22.149
tg7_P9160640,11-14,13.4,4608x2592,bayer,False,15.0,69432,242,19.864,4.042,70,46.389,2.129,-26.525,1.899,False,False,17.34,22.149
tg7_P9160438,11-14,13.9,1600x900,rgbwa,True,1.765,54466,190,63.011,1.409,60,15.105,3.472,47.906,0.406,True,True,63.011,15.105
tg7_P9160438,11-14,13.9,1600x900,bayer,True,2.341,54430,189,56.37,1.924,60,15.105,3.472,41.265,0.554,True,True,56.37,15.105
tg7_P9160438,11-14,13.9,1920x1080,rgbwa,True,2.337,54260,189,57.545,1.573,60,15.011,3.466,42.534,0.454,True,True,57.117,9.917
tg7_P9160438,11-14,13.9,1920x1080,bayer,True,3.259,54329,189,46.873,2.217,60,15.011,3.466,31.862,0.64,True,True,49.25,9.917
tg7_P9160438,11-14,13.9,2304x1296,rgbwa,True,3.249,54392,189,50.742,1.811,60,14.972,3.467,35.77,0.522,True,True,49.353,8.674
tg7_P9160438,11-14,13.9,2304x1296,bayer,True,4.873,54435,190,39.821,2.656,60,14.972,3.467,24.849,0.766,True,True,42.002,8.674
tg7_P9160438,11-14,13.9,2880x1620,rgbwa,True,5.607,54433,190,39.889,2.241,60,14.885,3.492,25.004,0.642,True,True,37.97,6.652
tg7_P9160438,11-14,13.9,2880x1620,bayer,True,8.874,54384,189,28.344,3.607,60,14.885,3.492,13.459,1.033,False,False,29.647,6.652
tg7_P9160438,11-14,13.9,3200x1800,rgbwa,True,7.055,54470,190,35.824,2.477,60,15.145,3.447,20.679,0.719,True,True,32.543,4.714
tg7_P9160438,11-14,13.9,3200x1800,bayer,True,11.726,54127,188,17.678,4.378,60,15.145,3.447,2.533,1.27,False,False,21.83,4.714
tg7_P9160438,11-14,13.9,4608x2592,rgbwa,True,20.003,40483,141,15.181,3.9,60,15.453,3.451,-0.272,1.13,False,False,-9.733,-12.174
tg7_P9160438,11-14,13.9,4608x2592,bayer,False,15.0,89379,311,11.464,4.875,60,15.453,3.451,-3.989,1.413,False,False,-1.527,-12.174
tg7_P9160450,14-16.6,14.5,1600x900,rgbwa,True,1.935,54375,189,78.015,0.956,80,69.529,1.369,8.486,0.698,True,True,78.015,69.529
tg7_P9160450,14-16.6,14.5,1600x900,bayer,True,4.174,54378,189,62.223,1.989,80,69.529,1.369,-7.306,1.453,False,False,62.223,69.529
tg7_P9160450,14-16.6,14.5,1920x1080,rgbwa,True,2.848,53591,187,72.821,1.166,80,69.364,1.368,3.457,0.852,True,False,71.606,62.19
tg7_P9160450,14-16.6,14.5,1920x1080,bayer,True,6.516,54042,188,49.82,2.536,80,69.364,1.368,-19.544,1.854,False,False,48.167,62.19
tg7_P9160450,14-16.6,14.5,2304x1296,rgbwa,True,4.088,54474,190,65.231,1.447,80,69.356,1.355,-4.125,1.068,False,False,62.133,54.431
tg7_P9160450,14-16.6,14.5,2304x1296,bayer,True,9.717,54444,190,39.502,3.212,80,69.356,1.355,-29.854,2.37,False,False,35.296,54.431
tg7_P9160450,14-16.6,14.5,2880x1620,rgbwa,True,6.8,54444,190,51.672,1.969,80,69.255,1.344,-17.583,1.465,False,False,46.618,43.952
tg7_P9160450,14-16.6,14.5,2880x1620,bayer,False,15.0,55197,192,21.877,3.923,80,69.255,1.344,-47.378,2.919,False,False,18.819,43.952
tg7_P9160450,14-16.6,14.5,3200x1800,rgbwa,True,8.587,54432,189,43.47,2.3,80,69.383,1.359,-25.913,1.692,False,False,38.188,39.154
tg7_P9160450,14-16.6,14.5,3200x1800,bayer,False,15.0,62997,219,25.062,3.934,80,69.383,1.359,-44.321,2.895,False,False,20.157,39.154
tg7_P9160450,14-16.6,14.5,4608x2592,rgbwa,True,20.003,37652,131,18.383,3.528,80,69.507,1.352,-51.124,2.609,False,False,20.23,24.657
tg7_P9160450,14-16.6,14.5,4608x2592,bayer,False,15.0,100165,348,24.792,3.975,80,69.507,1.352,-44.715,2.94,False,False,25.979,24.657
tg7_P9150348,14-16.6,15.5,1600x900,rgbwa,True,2.216,54397,189,77.594,1.064,70,62.551,1.669,15.043,0.638,True,True,77.594,62.551
tg7_P9150348,14-16.6,15.5,1600x900,bayer,True,5.338,54386,189,58.186,2.399,70,62.551,1.669,-4.365,1.437,False,False,58.186,62.551
tg7_P9150348,14-16.6,15.5,1920x1080,rgbwa,True,3.285,54434,190,71.11,1.35,70,62.465,1.679,8.645,0.804,True,True,70.227,53.823
tg7_P9150348,14-16.6,15.5,1920x1080,bayer,True,8.627,54381,189,41.47,3.253,70,62.465,1.679,-20.995,1.937,False,False,39.838,53.823
tg7_P9150348,14-16.6,15.5,2304x1296,rgbwa,True,5.316,53848,187,59.704,1.848,70,62.521,1.673,-2.817,1.105,False,False,55.91,42.912
tg7_P9150348,14-16.6,15.5,2304x1296,bayer,True,13.355,54361,189,25.22,4.249,70,62.521,1.673,-37.301,2.54,False,False,21.335,42.912
tg7_P9150348,14-16.6,15.5,2880x1620,rgbwa,True,9.305,54421,189,40.944,2.73,70,62.508,1.67,-21.564,1.635,False,False,33.901,29.159
tg7_P9150348,14-16.6,15.5,2880x1620,bayer,False,15.0,71787,250,18.951,4.546,70,62.508,1.67,-43.557,2.722,False,False,15.913,29.159
tg7_P9150348,14-16.6,15.5,3200x1800,rgbwa,True,12.878,54386,189,27.786,3.43,70,62.561,1.669,-34.775,2.055,False,False,19.517,22.09
tg7_P9150348,14-16.6,15.5,3200x1800,bayer,False,15.0,84592,294,21.765,4.482,70,62.561,1.669,-40.796,2.685,False,False,15.726,22.09
tg7_P9150348,14-16.6,15.5,4608x2592,rgbwa,True,20.003,53302,186,9.372,4.138,70,62.533,1.69,-53.161,2.449,False,False,3.102,-10.014
tg7_P9150348,14-16.6,15.5,4608x2592,bayer,False,15.0,149386,519,21.996,4.535,70,62.533,1.69,-40.537,2.683,False,False,15.345,-10.014
tg7_P9150344,14-16.6,15.5,1600x900,rgbwa,True,1.935,54456,190,74.772,1.13,80,67.559,1.474,7.213,0.767,True,True,74.772,67.559
tg7_P9150344,14-16.6,15.5,1600x900,bayer,True,3.695,54332,189,65.383,2.002,80,67.559,1.474,-2.176,1.358,False,False,65.383,67.559
tg7_P9150344,14-16.6,15.5,1920x1080,rgbwa,True,3.018,54190,189,68.162,1.453,80,67.428,1.469,0.734,0.989,True,False,68.385,52.534
tg7_P9150344,14-16.6,15.5,1920x1080,bayer,True,6.545,54472,190,49.983,2.797,80,67.428,1.469,-17.445,1.904,False,False,51.444,52.534
tg7_P9150344,14-16.6,15.5,2304x1296,rgbwa,True,5.742,53903,188,54.572,1.993,80,67.271,1.478,-12.699,1.348,False,False,53.776,41.638
tg7_P9150344,14-16.6,15.5,2304x1296,bayer,True,12.861,54429,189,30.111,4.099,80,67.271,1.478,-37.16,2.773,False,False,26.228,41.638
tg7_P9150344,14-16.6,15.5,2880x1620,rgbwa,True,11.431,54472,190,34.506,3.225,80,67.505,1.456,-32.999,2.215,False,False,26.551,17.715
tg7_P9150344,14-16.6,15.5,2880x1620,bayer,False,15.0,77338,269,24.614,4.458,80,67.505,1.456,-42.891,3.062,False,False,15.38,17.715
tg7_P9150344,14-16.6,15.5,3200x1800,rgbwa,True,16.026,54401,189,16.807,4.246,80,67.478,1.464,-50.671,2.9,False,False,7.958,9.324
tg7_P9150344,14-16.6,15.5,3200x1800,bayer,False,15.0,93067,324,25.203,4.552,80,67.478,1.464,-42.275,3.109,False,False,13.654,9.324
tg7_P9150344,14-16.6,15.5,4608x2592,rgbwa,False,25.0,55354,193,6.862,4.876,80,67.413,1.478,-60.551,3.299,False,False,-11.922,-24.131
tg7_P9150344,14-16.6,15.5,4608x2592,bayer,False,15.0,164791,573,24.691,4.484,80,67.413,1.478,-42.722,3.034,False,False,11.173,-24.131
tg7_P9150352,14-16.6,15.6,1600x900,rgbwa,True,2.458,54338,189,68.769,1.354,50,29.703,3.288,39.066,0.412,True,True,68.769,29.703
tg7_P9150352,14-16.6,15.6,1600x900,bayer,True,5.251,54438,190,48.574,2.79,50,29.703,3.288,18.871,0.849,True,True,48.574,29.703
tg7_P9150352,14-16.6,15.6,1920x1080,rgbwa,True,3.857,54454,190,59.954,1.719,50,29.334,3.303,30.62,0.52,True,True,59.64,26.233
tg7_P9150352,14-16.6,15.6,1920x1080,bayer,True,8.773,54469,190,29.171,3.829,50,29.334,3.303,-0.163,1.159,False,False,27.608,26.233
tg7_P9150352,14-16.6,15.6,2304x1296,rgbwa,True,6.532,54215,189,47.687,2.279,50,29.484,3.344,18.203,0.682,True,True,44.103,20.262
tg7_P9150352,14-16.6,15.6,2304x1296,bayer,True,14.011,54326,189,10.728,4.922,50,29.484,3.344,-18.756,1.472,False,False,5.309,20.262
tg7_P9150352,14-16.6,15.6,2880x1620,rgbwa,True,11.614,54435,190,24.696,3.586,50,29.674,3.3,-4.978,1.087,False,False,16.465,9.4
tg7_P9150352,14-16.6,15.6,2880x1620,bayer,False,15.0,74564,259,6.869,5.13,50,29.674,3.3,-22.805,1.555,False,False,0.333,9.4
tg7_P9150352,14-16.6,15.6,3200x1800,rgbwa,True,16.075,54456,190,9.87,4.504,50,29.649,3.298,-19.779,1.366,False,False,1.109,3.214
tg7_P9150352,14-16.6,15.6,3200x1800,bayer,False,15.0,88010,306,8.347,5.203,50,29.649,3.298,-21.302,1.578,False,False,-0.191,3.214
tg7_P9150352,14-16.6,15.6,4608x2592,rgbwa,True,22.982,54470,190,-0.395,4.766,50,29.499,3.318,-29.894,1.436,False,False,-14.625,-19.393
tg7_P9150352,14-16.6,15.6,4608x2592,bayer,False,15.0,154465,537,7.545,5.352,50,29.499,3.318,-21.954,1.613,False,False,-2.082,-19.393
tg7_P9160441,14-16.6,16.6,1600x900,rgbwa,True,2.446,54300,189,72.364,1.14,70,56.748,1.668,15.616,0.683,True,True,72.364,56.748
tg7_P9160441,14-16.6,16.6,1600x900,bayer,True,5.135,54309,189,53.186,2.339,70,56.748,1.668,-3.562,1.402,False,False,53.186,56.748
tg7_P9160441,14-16.6,16.6,1920x1080,rgbwa,True,3.784,54365,189,63.083,1.515,70,57.056,1.673,6.027,0.906,True,False,62.196,46.809
tg7_P9160441,14-16.6,16.6,1920x1080,bayer,True,8.233,54429,189,32.529,2.991,70,57.056,1.673,-24.527,1.788,False,False,35.063,46.809
tg7_P9160441,14-16.6,16.6,2304x1296,rgbwa,True,6.106,54440,190,46.776,2.051,70,56.838,1.669,-10.062,1.229,False,False,43.258,35.282
tg7_P9160441,14-16.6,16.6,2304x1296,bayer,True,12.904,54425,189,14.934,3.922,70,56.838,1.669,-41.904,2.35,False,False,13.689,35.282
tg7_P9160441,14-16.6,16.6,2880x1620,rgbwa,True,11.212,54328,189,20.519,3.172,70,57.025,1.668,-36.506,1.902,False,False,15.425,9.745
tg7_P9160441,14-16.6,16.6,2880x1620,bayer,False,15.0,73663,256,9.355,4.206,70,57.025,1.668,-47.67,2.522,False,False,5.704,9.745
tg7_P9160441,14-16.6,16.6,3200x1800,rgbwa,True,15.686,54334,189,1.431,4.069,70,56.955,1.677,-55.524,2.426,False,False,-4.484,2.228
tg7_P9160441,14-16.6,16.6,3200x1800,bayer,False,15.0,89156,310,9.195,4.205,70,56.955,1.677,-47.76,2.507,False,False,5.738,2.228
tg7_P9160441,14-16.6,16.6,4608x2592,rgbwa,True,23.164,54469,190,-9.927,4.496,70,56.964,1.698,-66.891,2.648,False,False,-16.771,-22.614
tg7_P9160441,14-16.6,16.6,4608x2592,bayer,False,15.0,163650,569,8.494,4.305,70,56.964,1.698,-48.47,2.535,False,False,6.996,-22.614
tg7_P9160578,14-16.6,16.6,1600x900,rgbwa,True,2.92,54289,189,67.893,1.428,70,55.758,1.926,12.135,0.741,True,True,67.893,55.758
tg7_P9160578,14-16.6,16.6,1600x900,bayer,True,6.823,54413,189,44.664,3.034,70,55.758,1.926,-11.094,1.575,False,False,44.664,55.758
tg7_P9160578,14-16.6,16.6,1920x1080,rgbwa,True,4.539,54422,189,54.352,1.918,70,55.737,1.949,-1.385,0.984,False,False,52.369,36.314
tg7_P9160578,14-16.6,16.6,1920x1080,bayer,True,10.809,54453,190,23.003,3.936,70,55.737,1.949,-32.734,2.019,False,False,21.722,36.314
tg7_P9160578,14-16.6,16.6,2304x1296,rgbwa,True,7.566,54389,189,36.145,2.724,70,55.902,1.904,-19.757,1.431,False,False,30.198,21.94
tg7_P9160578,14-16.6,16.6,2304x1296,bayer,False,15.0,60442,210,8.644,4.755,70,55.902,1.904,-47.258,2.497,False,False,2.886,21.94
tg7_P9160578,14-16.6,16.6,2880x1620,rgbwa,True,13.145,54362,189,9.166,4.22,70,55.94,1.921,-46.774,2.197,False,False,-0.743,-3.845
tg7_P9160578,14-16.6,16.6,2880x1620,bayer,False,15.0,88461,308,9.152,4.797,70,55.94,1.921,-46.788,2.497,False,False,1.417,-3.845
tg7_P9160578,14-16.6,16.6,3200x1800,rgbwa,True,17.947,54424,189,-6.785,5.203,70,55.718,1.916,-62.503,2.716,False,False,-17.535,-11.606
tg7_P9160578,14-16.6,16.6,3200x1800,bayer,False,15.0,105443,367,8.995,4.761,70,55.718,1.916,-46.723,2.485,False,False,1.326,-11.606
tg7_P9160578,14-16.6,16.6,4608x2592,rgbwa,False,25.0,56809,198,-19.94,5.841,70,55.655,1.932,-75.595,3.023,False,False,-27.721,-34.364
tg7_P9160578,14-16.6,16.6,4608x2592,bayer,False,15.0,189484,658,9.575,4.779,70,55.655,1.932,-46.08,2.474,False,False,3.863,-34.364
