device,media_id,type,captured_at,last_chunk_at,expected,received,missing,complete,latency_min,d1
BMCAM_004,58257,image,2026-10-10T12:00:38+00:00,2026-10-10T12:16:10+00:00,101,86,15,False,,OPEN
BMCAM_004,58253,image,2026-10-10T11:00:30+00:00,2026-10-10T11:16:19+00:00,101,100,1,False,,OPEN
BMCAM_004,58251,image,2026-10-10T10:00:30+00:00,2026-10-10T10:20:43+00:00,192,183,9,False,,OPEN
BMCAM_004,58248,image,2026-10-10T09:00:32+00:00,2026-10-10T12:16:04+00:00,89,89,0,True,196,FAIL
BMCAM_004,58245,image,2026-10-10T08:00:33+00:00,2026-10-10T12:16:09+00:00,102,102,0,True,256,FAIL
BMCAM_004,58242,image,2026-10-10T07:00:33+00:00,2026-10-10T10:15:49+00:00,192,192,0,True,195,FAIL
BMCAM_004,58239,image,2026-10-10T06:00:34+00:00,2026-10-10T11:16:17+00:00,190,190,0,True,316,FAIL
BMCAM_004,58236,image,2026-10-10T05:00:35+00:00,2026-10-10T12:15:57+00:00,189,189,0,True,435,FAIL
BMCAM_004,58233,image,2026-10-10T04:00:34+00:00,2026-10-10T08:20:51+00:00,191,191,0,True,260,FAIL
BMCAM_004,58230,image,2026-10-10T03:00:38+00:00,2026-10-10T06:20:28+00:00,190,190,0,True,200,FAIL
BMCAM_004,58227,image,2026-10-10T02:00:38+00:00,2026-10-10T06:20:33+00:00,190,190,0,True,260,FAIL
BMCAM_004,58223,image,2026-10-10T01:00:39+00:00,2026-10-10T04:20:41+00:00,182,182,0,True,200,FAIL
BMCAM_004,58221,image,2026-10-10T00:00:30+00:00,2026-10-10T04:20:46+00:00,185,185,0,True,260,FAIL
BMCAM_004,58218,image,2026-10-09T23:00:31+00:00,2026-10-10T02:20:40+00:00,188,188,0,True,200,FAIL
BMCAM_004,58214,image,2026-10-09T22:00:33+00:00,2026-10-10T02:20:45+00:00,177,177,0,True,260,FAIL
BMCAM_004,58210,image,2026-10-09T20:00:33+00:00,2026-10-10T00:20:53+00:00,188,188,0,True,260,FAIL
BMCAM_004,58207,image,2026-10-09T19:00:34+00:00,2026-10-10T00:20:49+00:00,178,178,0,True,320,FAIL
BMCAM_004,58204,image,2026-10-09T18:00:35+00:00,2026-10-10T00:20:58+00:00,189,189,0,True,380,FAIL
BMCAM_004,58201,image,2026-10-09T17:00:34+00:00,2026-10-09T20:20:39+00:00,188,188,0,True,200,FAIL
BMCAM_004,58197,image,2026-10-09T16:00:35+00:00,2026-10-09T19:20:49+00:00,189,189,0,True,200,FAIL
BMCAM_004,58195,image,2026-10-09T15:00:35+00:00,2026-10-09T18:20:30+00:00,187,187,0,True,200,FAIL
BMCAM_004,58192,image,2026-10-09T14:00:37+00:00,2026-10-09T19:20:42+00:00,177,177,0,True,320,FAIL
BMCAM_004,58189,image,2026-10-09T13:00:37+00:00,2026-10-09T16:16:16+00:00,190,190,0,True,196,FAIL
BMCAM_004,58186,image,2026-10-09T12:00:37+00:00,2026-10-09T16:16:21+00:00,189,189,0,True,256,FAIL
BMCAM_004,58182,image,2026-10-09T11:00:38+00:00,2026-10-09T15:20:38+00:00,189,189,0,True,260,FAIL
BMCAM_004,58180,image,2026-10-09T10:00:39+00:00,2026-10-09T14:15:43+00:00,189,189,0,True,255,FAIL
BMCAM_004,58177,image,2026-10-09T09:00:39+00:00,2026-10-09T13:16:15+00:00,190,190,0,True,256,FAIL
BMCAM_004,58174,image,2026-10-09T08:00:30+00:00,2026-10-09T12:20:57+00:00,190,190,0,True,260,FAIL
BMCAM_004,58171,image,2026-10-09T07:00:31+00:00,2026-10-09T11:15:43+00:00,188,188,0,True,255,FAIL
BMCAM_004,58168,image,2026-10-09T06:00:35+00:00,2026-10-09T10:20:41+00:00,189,189,0,True,260,FAIL
BMCAM_004,58164,image,2026-10-09T05:00:36+00:00,2026-10-09T08:20:27+00:00,195,195,0,True,200,FAIL
BMCAM_004,58162,image,2026-10-09T04:00:36+00:00,2026-10-09T08:20:32+00:00,194,194,0,True,260,FAIL
BMCAM_004,58159,image,2026-10-09T03:00:37+00:00,2026-10-09T06:20:53+00:00,195,195,0,True,200,FAIL
BMCAM_004,58155,image,2026-10-09T02:00:38+00:00,2026-10-09T06:20:57+00:00,184,184,0,True,260,FAIL
BMCAM_004,58153,image,2026-10-09T01:00:38+00:00,2026-10-09T04:20:42+00:00,184,184,0,True,200,FAIL
BMCAM_004,58150,image,2026-10-09T00:00:30+00:00,2026-10-09T03:16:01+00:00,182,182,0,True,196,FAIL
BMCAM_004,58147,image,2026-10-08T23:00:29+00:00,2026-10-09T03:16:06+00:00,187,187,0,True,256,FAIL
BMCAM_004,58144,image,2026-10-08T22:00:31+00:00,2026-10-09T01:20:46+00:00,180,180,0,True,200,FAIL
BMCAM_004,58141,image,2026-10-08T21:00:33+00:00,2026-10-09T00:20:26+00:00,177,177,0,True,200,FAIL
BMCAM_004,58138,image,2026-10-08T20:00:33+00:00,2026-10-08T20:20:33+00:00,178,178,0,True,20,PASS
