run,arm,shape,start,end,sent,accepted,rejected,sum_ok,nc_first,nc_max,nc_last,syncs,health
t1bsettl00,b-settle,steady,2026-10-06T16:05:03.023+00:00,2026-10-06T16:07:37.723+00:00,120,119,1,True,3.0,12.0,12.0,,
t1aoverl01,a-overlap,steady,2026-10-06T16:09:30.023+00:00,2026-10-06T16:12:04.723+00:00,120,81,39,True,12.0,14.0,6.0,16:10:09,
t1clears02,clear-steady,steady,2026-10-06T16:25:00.023+00:00,2026-10-06T16:27:34.723+00:00,120,115,5,True,8.0,17.0,17.0,,
t1clearp03,clear-pair,pair,2026-10-06T16:35:00.023+00:00,2026-10-06T16:37:33.523+00:00,120,107,13,True,18.0,27.0,27.0,,
t1clears04,clear-steady,steady,2026-10-06T16:45:00.023+00:00,2026-10-06T16:47:34.723+00:00,120,115,5,True,2.0,12.0,12.0,,
t1clearp05,clear-pair,pair,2026-10-06T16:55:00.023+00:00,2026-10-06T16:57:33.523+00:00,120,92,26,False,12.0,20.0,20.0,,
t1bsettl06,b-settle,steady,2026-10-06T17:05:03.023+00:00,2026-10-06T17:07:37.723+00:00,120,117,3,True,3.0,11.0,11.0,,
t1aoverl07,a-overlap,steady,2026-10-06T17:09:30.023+00:00,2026-10-06T17:12:04.723+00:00,120,91,29,True,12.0,14.0,6.0,17:10:13,
t1clears08,clear-steady,steady,2026-10-06T17:25:00.023+00:00,2026-10-06T17:27:34.723+00:00,120,115,5,True,8.0,17.0,17.0,,
t1clearp09,clear-pair,pair,2026-10-06T17:35:00.023+00:00,2026-10-06T17:37:33.523+00:00,120,107,13,True,18.0,27.0,27.0,,
t1clears10,clear-steady,steady,2026-10-06T17:45:00.023+00:00,2026-10-06T17:47:34.723+00:00,120,115,5,True,2.0,12.0,12.0,,
t1clearp11,clear-pair,pair,2026-10-06T17:55:00.023+00:00,2026-10-06T17:57:33.523+00:00,120,111,9,True,12.0,22.0,22.0,,
t1bsettl12,b-settle,steady,2026-10-06T18:05:03.023+00:00,2026-10-06T18:07:37.723+00:00,120,119,1,True,23.0,32.0,32.0,,
t1aoverl13,a-overlap,steady,2026-10-06T18:09:30.023+00:00,2026-10-06T18:12:04.723+00:00,120,66,54,True,32.0,35.0,5.0,18:10:20,
t1clears14,clear-steady,steady,2026-10-06T18:25:00.023+00:00,2026-10-06T18:27:34.723+00:00,120,115,5,True,6.0,16.0,16.0,,
t1clearp15,clear-pair,pair,2026-10-06T18:35:00.023+00:00,2026-10-06T18:37:33.523+00:00,120,110,10,True,16.0,26.0,26.0,,
t1clears16,clear-steady,steady,2026-10-06T18:45:00.023+00:00,2026-10-06T18:47:34.723+00:00,120,115,5,True,2.0,12.0,12.0,,
t1clearp17,clear-pair,pair,2026-10-06T18:55:00.023+00:00,2026-10-06T18:57:33.523+00:00,120,107,13,True,12.0,21.0,21.0,,
