run,arm,shape,seq,utc,rc,size,gap_s
t1a28800,A288,steady,0,2026-10-06T21:30:00.013+00:00,ok,288,1.3
t1a28800,A288,steady,1,2026-10-06T21:30:01.313+00:00,ok,288,1.3
t1a28800,A288,steady,2,2026-10-06T21:30:02.613+00:00,ok,288,1.3
t1a28800,A288,steady,3,2026-10-06T21:30:03.913+00:00,ok,288,1.3
t1a28800,A288,steady,4,2026-10-06T21:30:05.213+00:00,ok,288,1.3
t1a28800,A288,steady,5,2026-10-06T21:30:06.513+00:00,ok,288,1.3
t1a28800,A288,steady,6,2026-10-06T21:30:07.813+00:00,ok,288,1.3
t1a28800,A288,steady,7,2026-10-06T21:30:09.113+00:00,ok,288,1.3
t1a28800,A288,steady,8,2026-10-06T21:30:10.413+00:00,ok,288,1.3
t1a28800,A288,steady,9,2026-10-06T21:30:11.713+00:00,ok,288,1.3
t1a28800,A288,steady,10,2026-10-06T21:30:13.013+00:00,ok,288,1.3
t1a28800,A288,steady,11,2026-10-06T21:30:14.313+00:00,ok,288,1.3
t1a28800,A288,steady,12,2026-10-06T21:30:15.613+00:00,ok,288,1.3
t1a28800,A288,steady,13,2026-10-06T21:30:16.913+00:00,ok,288,1.3
t1a28800,A288,steady,14,2026-10-06T21:30:18.213+00:00,ok,288,1.3
t1a28800,A288,steady,15,2026-10-06T21:30:19.513+00:00,ok,288,1.3
t1a28800,A288,steady,16,2026-10-06T21:30:20.813+00:00,ok,288,1.3
t1a28800,A288,steady,17,2026-10-06T21:30:22.113+00:00,ok,288,1.3
t1a28800,A288,steady,18,2026-10-06T21:30:23.413+00:00,ok,288,1.3
t1a28800,A288,steady,19,2026-10-06T21:30:24.713+00:00,ok,288,1.3
t1a28800,A288,steady,20,2026-10-06T21:30:26.013+00:00,ok,288,1.3
t1a28800,A288,steady,21,2026-10-06T21:30:27.313+00:00,ok,288,1.3
t1a28800,A288,steady,22,2026-10-06T21:30:28.613+00:00,ok,288,1.3
t1a28800,A288,steady,23,2026-10-06T21:30:29.913+00:00,ok,288,1.3
t1a28800,A288,steady,24,2026-10-06T21:30:31.213+00:00,ok,288,1.3
t1a28800,A288,steady,25,2026-10-06T21:30:32.513+00:00,ok,288,1.3
t1a28800,A288,steady,26,2026-10-06T21:30:33.813+00:00,ok,288,1.3
t1a28800,A288,steady,27,2026-10-06T21:30:35.113+00:00,ok,288,1.3
t1a28800,A288,steady,28,2026-10-06T21:30:36.413+00:00,ok,288,1.3
t1a28800,A288,steady,29,2026-10-06T21:30:37.713+00:00,ok,288,1.3
t1a28800,A288,steady,30,2026-10-06T21:30:39.013+00:00,ok,288,1.3
t1a28800,A288,steady,31,2026-10-06T21:30:40.313+00:00,ok,288,1.3
t1a28800,A288,steady,32,2026-10-06T21:30:41.613+00:00,ok,288,1.3
t1a28800,A288,steady,33,2026-10-06T21:30:42.913+00:00,ok,288,1.3
t1a28800,A288,steady,34,2026-10-06T21:30:44.213+00:00,ok,288,1.3
t1a28800,A288,steady,35,2026-10-06T21:30:45.513+00:00,ok,288,1.3
t1a28800,A288,steady,36,2026-10-06T21:30:46.812+00:00,ok,288,1.3
t1a28800,A288,steady,37,2026-10-06T21:30:48.113+00:00,ok,288,1.3
t1a28800,A288,steady,38,2026-10-06T21:30:49.413+00:00,ok,288,1.3
t1a28800,A288,steady,39,2026-10-06T21:30:50.713+00:00,ok,288,1.3
t1a28800,A288,steady,40,2026-10-06T21:30:52.013+00:00,ok,288,1.3
t1a28800,A288,steady,41,2026-10-06T21:30:53.313+00:00,ok,288,1.3
t1a28800,A288,steady,42,2026-10-06T21:30:54.613+00:00,ok,288,1.3
t1a28800,A288,steady,43,2026-10-06T21:30:55.913+00:00,ok,288,1.3
t1a28800,A288,steady,44,2026-10-06T21:30:57.213+00:00,ok,288,1.3
t1a28800,A288,steady,45,2026-10-06T21:30:58.513+00:00,ok,288,1.3
t1a28800,A288,steady,46,2026-10-06T21:30:59.813+00:00,ok,288,1.3
t1a28800,A288,steady,47,2026-10-06T21:31:01.113+00:00,ok,288,1.3
t1a28800,A288,steady,48,2026-10-06T21:31:02.412+00:00,ok,288,1.3
t1a28800,A288,steady,49,2026-10-06T21:31:03.713+00:00,ok,288,1.3
t1a28800,A288,steady,50,2026-10-06T21:31:05.013+00:00,ok,288,1.3
t1a28800,A288,steady,51,2026-10-06T21:31:06.313+00:00,ok,288,1.3
t1a28800,A288,steady,52,2026-10-06T21:31:07.613+00:00,ok,288,1.3
t1a28800,A288,steady,53,2026-10-06T21:31:08.913+00:00,ok,288,1.3
t1a28800,A288,steady,54,2026-10-06T21:31:10.213+00:00,ok,288,1.3
t1a28800,A288,steady,55,2026-10-06T21:31:11.513+00:00,ok,288,1.3
t1a28800,A288,steady,56,2026-10-06T21:31:12.813+00:00,ok,288,1.3
t1a28800,A288,steady,57,2026-10-06T21:31:14.113+00:00,ok,288,1.3
t1a28800,A288,steady,58,2026-10-06T21:31:15.413+00:00,ok,288,1.3
t1a28800,A288,steady,59,2026-10-06T21:31:16.713+00:00,ok,288,1.3
t1a28800,A288,steady,60,2026-10-06T21:31:18.013+00:00,ok,288,1.3
t1a28800,A288,steady,61,2026-10-06T21:31:19.313+00:00,ok,288,1.3
t1a28800,A288,steady,62,2026-10-06T21:31:20.613+00:00,ok,288,1.3
t1a28800,A288,steady,63,2026-10-06T21:31:21.913+00:00,ok,288,1.3
t1a28800,A288,steady,64,2026-10-06T21:31:23.212+00:00,ok,288,1.3
t1a28800,A288,steady,65,2026-10-06T21:31:24.512+00:00,ok,288,1.3
t1a28800,A288,steady,66,2026-10-06T21:31:25.813+00:00,ok,288,1.3
t1a28800,A288,steady,67,2026-10-06T21:31:27.112+00:00,ok,288,1.3
t1a28800,A288,steady,68,2026-10-06T21:31:28.413+00:00,ok,288,1.3
t1a28800,A288,steady,69,2026-10-06T21:31:29.713+00:00,ok,288,1.3
t1a28800,A288,steady,70,2026-10-06T21:31:31.013+00:00,ok,288,1.3
t1a28800,A288,steady,71,2026-10-06T21:31:32.313+00:00,ok,288,1.3
t1a28800,A288,steady,72,2026-10-06T21:31:33.613+00:00,ok,288,1.3
t1a28800,A288,steady,73,2026-10-06T21:31:34.913+00:00,ok,288,1.3
t1a28800,A288,steady,74,2026-10-06T21:31:36.213+00:00,ok,288,1.3
t1a28800,A288,steady,75,2026-10-06T21:31:37.513+00:00,ok,288,1.3
t1a28800,A288,steady,76,2026-10-06T21:31:38.813+00:00,ok,288,1.3
t1a28800,A288,steady,77,2026-10-06T21:31:40.113+00:00,ok,288,1.3
t1a28800,A288,steady,78,2026-10-06T21:31:41.413+00:00,ok,288,1.3
t1a28800,A288,steady,79,2026-10-06T21:31:42.713+00:00,ok,288,1.3
t1a28800,A288,steady,80,2026-10-06T21:31:44.012+00:00,ok,288,1.3
t1a28800,A288,steady,81,2026-10-06T21:31:45.313+00:00,ok,288,1.3
t1a28800,A288,steady,82,2026-10-06T21:31:46.613+00:00,ok,288,1.3
t1a28800,A288,steady,83,2026-10-06T21:31:47.913+00:00,ok,288,1.3
t1a28800,A288,steady,84,2026-10-06T21:31:49.213+00:00,ok,288,1.3
t1a28800,A288,steady,85,2026-10-06T21:31:50.513+00:00,ok,288,1.3
t1a28800,A288,steady,86,2026-10-06T21:31:51.813+00:00,ok,288,1.3
t1a28800,A288,steady,87,2026-10-06T21:31:53.113+00:00,ok,288,1.3
t1a28800,A288,steady,88,2026-10-06T21:31:54.413+00:00,ok,288,1.3
t1a28800,A288,steady,89,2026-10-06T21:31:55.713+00:00,ok,288,1.3
t1a28800,A288,steady,90,2026-10-06T21:31:57.013+00:00,ok,288,1.3
t1a28800,A288,steady,91,2026-10-06T21:31:58.313+00:00,ok,288,1.3
t1a28800,A288,steady,92,2026-10-06T21:31:59.613+00:00,ok,288,1.3
t1a28800,A288,steady,93,2026-10-06T21:32:00.913+00:00,ok,288,1.3
t1a28800,A288,steady,94,2026-10-06T21:32:02.213+00:00,ok,288,1.3
t1a28800,A288,steady,95,2026-10-06T21:32:03.513+00:00,ok,288,1.3
t1a28800,A288,steady,96,2026-10-06T21:32:04.813+00:00,ok,288,1.3
t1a28800,A288,steady,97,2026-10-06T21:32:06.112+00:00,ok,288,1.3
t1a28800,A288,steady,98,2026-10-06T21:32:07.413+00:00,ok,288,1.3
t1a28800,A288,steady,99,2026-10-06T21:32:08.713+00:00,ok,288,1.3
t1a28800,A288,steady,100,2026-10-06T21:32:10.012+00:00,ok,288,1.3
t1a28800,A288,steady,101,2026-10-06T21:32:11.313+00:00,ok,288,1.3
t1a28800,A288,steady,102,2026-10-06T21:32:12.613+00:00,ok,288,1.3
t1a28800,A288,steady,103,2026-10-06T21:32:13.913+00:00,ok,288,1.3
t1a28800,A288,steady,104,2026-10-06T21:32:15.213+00:00,ok,288,1.3
t1a28800,A288,steady,105,2026-10-06T21:32:16.512+00:00,ok,288,1.3
t1a28800,A288,steady,106,2026-10-06T21:32:17.813+00:00,ok,288,1.3
t1a28800,A288,steady,107,2026-10-06T21:32:19.113+00:00,ok,288,1.3
t1a28800,A288,steady,108,2026-10-06T21:32:20.413+00:00,ok,288,1.3
t1a28800,A288,steady,109,2026-10-06T21:32:21.713+00:00,ok,288,1.3
t1a28800,A288,steady,110,2026-10-06T21:32:23.013+00:00,ok,288,1.3
t1a28800,A288,steady,111,2026-10-06T21:32:24.313+00:00,ok,288,1.3
t1a28800,A288,steady,112,2026-10-06T21:32:25.613+00:00,ok,288,1.3
t1a28800,A288,steady,113,2026-10-06T21:32:26.913+00:00,ok,288,1.3
t1a28800,A288,steady,114,2026-10-06T21:32:28.213+00:00,ok,288,1.3
t1a28800,A288,steady,115,2026-10-06T21:32:29.513+00:00,ok,288,1.3
t1a28800,A288,steady,116,2026-10-06T21:32:30.813+00:00,ok,288,1.3
t1a28800,A288,steady,117,2026-10-06T21:32:32.113+00:00,ok,288,1.3
t1a28800,A288,steady,118,2026-10-06T21:32:33.413+00:00,ok,288,1.3
t1a28800,A288,steady,119,2026-10-06T21:32:34.713+00:00,ok,288,1.3
t1a28800,A288,steady,120,2026-10-06T21:32:36.013+00:00,ok,288,1.3
t1a28800,A288,steady,121,2026-10-06T21:32:37.313+00:00,ok,288,1.3
t1a90001,A900,steady,0,2026-10-06T21:34:13.079+00:00,ok,900,1.3
t1a90001,A900,steady,1,2026-10-06T21:34:14.379+00:00,ok,900,1.3
t1a90001,A900,steady,2,2026-10-06T21:34:15.679+00:00,ok,900,1.3
t1a90001,A900,steady,3,2026-10-06T21:34:16.979+00:00,ok,900,1.3
t1a90001,A900,steady,4,2026-10-06T21:34:18.279+00:00,ok,900,1.3
t1a90001,A900,steady,5,2026-10-06T21:34:19.579+00:00,ok,900,1.3
t1a90001,A900,steady,6,2026-10-06T21:34:20.879+00:00,ok,900,1.3
t1a90001,A900,steady,7,2026-10-06T21:34:22.179+00:00,ok,900,1.3
t1a90001,A900,steady,8,2026-10-06T21:34:23.479+00:00,ok,900,1.3
t1a90001,A900,steady,9,2026-10-06T21:34:24.779+00:00,ok,900,1.3
t1a90001,A900,steady,10,2026-10-06T21:34:26.079+00:00,ok,900,1.3
t1a90001,A900,steady,11,2026-10-06T21:34:27.379+00:00,ok,900,1.3
t1a90001,A900,steady,12,2026-10-06T21:34:28.679+00:00,ok,900,1.3
t1a90001,A900,steady,13,2026-10-06T21:34:29.979+00:00,ok,900,1.3
t1a90001,A900,steady,14,2026-10-06T21:34:31.279+00:00,ok,900,1.3
t1a90001,A900,steady,15,2026-10-06T21:34:32.579+00:00,ok,900,1.3
t1a90001,A900,steady,16,2026-10-06T21:34:33.879+00:00,ok,900,1.3
t1a90001,A900,steady,17,2026-10-06T21:34:35.179+00:00,ok,900,1.3
t1a90001,A900,steady,18,2026-10-06T21:34:36.479+00:00,ok,900,1.3
t1a90001,A900,steady,19,2026-10-06T21:34:37.779+00:00,ok,900,1.3
t1a90001,A900,steady,20,2026-10-06T21:34:39.079+00:00,ok,900,1.3
t1a90001,A900,steady,21,2026-10-06T21:34:40.379+00:00,ok,900,1.3
t1a90001,A900,steady,22,2026-10-06T21:34:41.679+00:00,ok,900,1.3
t1a90001,A900,steady,23,2026-10-06T21:34:42.979+00:00,ok,900,1.3
t1a90001,A900,steady,24,2026-10-06T21:34:44.279+00:00,ok,900,1.3
t1a90001,A900,steady,25,2026-10-06T21:34:45.579+00:00,ok,900,1.3
t1a90001,A900,steady,26,2026-10-06T21:34:46.879+00:00,ok,900,1.3
t1a90001,A900,steady,27,2026-10-06T21:34:48.179+00:00,ok,900,1.3
t1a90001,A900,steady,28,2026-10-06T21:34:49.479+00:00,ok,900,1.3
t1a90001,A900,steady,29,2026-10-06T21:34:50.779+00:00,ok,900,1.3
t1a90001,A900,steady,30,2026-10-06T21:34:52.079+00:00,ok,900,1.3
t1a90001,A900,steady,31,2026-10-06T21:34:53.379+00:00,ok,900,1.3
t1a90001,A900,steady,32,2026-10-06T21:34:54.679+00:00,ok,900,1.3
t1a90001,A900,steady,33,2026-10-06T21:34:55.979+00:00,ok,900,1.3
t1a90001,A900,steady,34,2026-10-06T21:34:57.279+00:00,ok,900,1.3
t1a90001,A900,steady,35,2026-10-06T21:34:58.579+00:00,ok,900,1.3
t1a90001,A900,steady,36,2026-10-06T21:34:59.879+00:00,ok,900,1.3
t1a90001,A900,steady,37,2026-10-06T21:35:01.179+00:00,ok,900,1.3
t1a90001,A900,steady,38,2026-10-06T21:35:02.479+00:00,ok,900,1.3
t1a9602,A96,steady,0,2026-10-06T21:36:39.003+00:00,ok,96,1.3
t1a9602,A96,steady,1,2026-10-06T21:36:40.303+00:00,ok,96,1.3
t1a9602,A96,steady,2,2026-10-06T21:36:41.603+00:00,ok,96,1.3
t1a9602,A96,steady,3,2026-10-06T21:36:42.903+00:00,ok,96,1.3
t1a9602,A96,steady,4,2026-10-06T21:36:44.203+00:00,ok,96,1.3
t1a9602,A96,steady,5,2026-10-06T21:36:45.503+00:00,ok,96,1.3
t1a9602,A96,steady,6,2026-10-06T21:36:46.803+00:00,ok,96,1.3
t1a9602,A96,steady,7,2026-10-06T21:36:48.103+00:00,ok,96,1.3
t1a9602,A96,steady,8,2026-10-06T21:36:49.403+00:00,ok,96,1.3
t1a9602,A96,steady,9,2026-10-06T21:36:50.703+00:00,ok,96,1.3
t1a9602,A96,steady,10,2026-10-06T21:36:52.003+00:00,ok,96,1.3
t1a9602,A96,steady,11,2026-10-06T21:36:53.303+00:00,ok,96,1.3
t1a9602,A96,steady,12,2026-10-06T21:36:54.603+00:00,ok,96,1.3
t1a9602,A96,steady,13,2026-10-06T21:36:55.903+00:00,ok,96,1.3
t1a9602,A96,steady,14,2026-10-06T21:36:57.203+00:00,ok,96,1.3
t1a9602,A96,steady,15,2026-10-06T21:36:58.503+00:00,ok,96,1.3
t1a9602,A96,steady,16,2026-10-06T21:36:59.803+00:00,ok,96,1.3
t1a9602,A96,steady,17,2026-10-06T21:37:01.103+00:00,ok,96,1.3
t1a9602,A96,steady,18,2026-10-06T21:37:02.403+00:00,ok,96,1.3
t1a9602,A96,steady,19,2026-10-06T21:37:03.703+00:00,ok,96,1.3
t1a9602,A96,steady,20,2026-10-06T21:37:05.003+00:00,ok,96,1.3
t1a9602,A96,steady,21,2026-10-06T21:37:06.303+00:00,ok,96,1.3
t1a9602,A96,steady,22,2026-10-06T21:37:07.603+00:00,ok,96,1.3
t1a9602,A96,steady,23,2026-10-06T21:37:08.903+00:00,ok,96,1.3
t1a9602,A96,steady,24,2026-10-06T21:37:10.203+00:00,ok,96,1.3
t1a9602,A96,steady,25,2026-10-06T21:37:11.503+00:00,ok,96,1.3
t1a9602,A96,steady,26,2026-10-06T21:37:12.803+00:00,ok,96,1.3
t1a9602,A96,steady,27,2026-10-06T21:37:14.103+00:00,ok,96,1.3
t1a9602,A96,steady,28,2026-10-06T21:37:15.403+00:00,ok,96,1.3
t1a9602,A96,steady,29,2026-10-06T21:37:16.703+00:00,ok,96,1.3
t1a9602,A96,steady,30,2026-10-06T21:37:18.003+00:00,ok,96,1.3
t1a9602,A96,steady,31,2026-10-06T21:37:19.303+00:00,ok,96,1.3
t1a9602,A96,steady,32,2026-10-06T21:37:20.603+00:00,ok,96,1.3
t1a9602,A96,steady,33,2026-10-06T21:37:21.903+00:00,ok,96,1.3
t1a9602,A96,steady,34,2026-10-06T21:37:23.203+00:00,ok,96,1.3
t1a9602,A96,steady,35,2026-10-06T21:37:24.503+00:00,ok,96,1.3
t1a9602,A96,steady,36,2026-10-06T21:37:25.803+00:00,ok,96,1.3
t1a9602,A96,steady,37,2026-10-06T21:37:27.103+00:00,ok,96,1.3
t1a9602,A96,steady,38,2026-10-06T21:37:28.403+00:00,ok,96,1.3
t1a9602,A96,steady,39,2026-10-06T21:37:29.703+00:00,ok,96,1.3
t1a9602,A96,steady,40,2026-10-06T21:37:31.003+00:00,ok,96,1.3
t1a9602,A96,steady,41,2026-10-06T21:37:32.303+00:00,ok,96,1.3
t1a9602,A96,steady,42,2026-10-06T21:37:33.603+00:00,ok,96,1.3
t1a9602,A96,steady,43,2026-10-06T21:37:34.903+00:00,ok,96,1.3
t1a9602,A96,steady,44,2026-10-06T21:37:36.203+00:00,ok,96,1.3
t1a9602,A96,steady,45,2026-10-06T21:37:37.503+00:00,ok,96,1.3
t1a9602,A96,steady,46,2026-10-06T21:37:38.803+00:00,ok,96,1.3
t1a9602,A96,steady,47,2026-10-06T21:37:40.103+00:00,ok,96,1.3
t1a9602,A96,steady,48,2026-10-06T21:37:41.403+00:00,ok,96,1.3
t1a9602,A96,steady,49,2026-10-06T21:37:42.703+00:00,ok,96,1.3
t1a9602,A96,steady,50,2026-10-06T21:37:44.003+00:00,ok,96,1.3
t1a9602,A96,steady,51,2026-10-06T21:37:45.303+00:00,ok,96,1.3
t1a9602,A96,steady,52,2026-10-06T21:37:46.603+00:00,ok,96,1.3
t1a9602,A96,steady,53,2026-10-06T21:37:47.903+00:00,ok,96,1.3
t1a9602,A96,steady,54,2026-10-06T21:37:49.203+00:00,ok,96,1.3
t1a9602,A96,steady,55,2026-10-06T21:37:50.503+00:00,ok,96,1.3
t1a9602,A96,steady,56,2026-10-06T21:37:51.803+00:00,ok,96,1.3
t1a9602,A96,steady,57,2026-10-06T21:37:53.103+00:00,ok,96,1.3
t1a9602,A96,steady,58,2026-10-06T21:37:54.403+00:00,ok,96,1.3
t1a9602,A96,steady,59,2026-10-06T21:37:55.703+00:00,ok,96,1.3
t1a9602,A96,steady,60,2026-10-06T21:37:57.003+00:00,ok,96,1.3
t1a9602,A96,steady,61,2026-10-06T21:37:58.303+00:00,ok,96,1.3
t1a9602,A96,steady,62,2026-10-06T21:37:59.603+00:00,ok,96,1.3
t1a9602,A96,steady,63,2026-10-06T21:38:00.903+00:00,ok,96,1.3
t1a9602,A96,steady,64,2026-10-06T21:38:02.203+00:00,ok,96,1.3
t1a9602,A96,steady,65,2026-10-06T21:38:03.503+00:00,ok,96,1.3
t1a9602,A96,steady,66,2026-10-06T21:38:04.803+00:00,ok,96,1.3
t1a9602,A96,steady,67,2026-10-06T21:38:06.103+00:00,ok,96,1.3
t1a9602,A96,steady,68,2026-10-06T21:38:07.403+00:00,ok,96,1.3
t1a9602,A96,steady,69,2026-10-06T21:38:08.703+00:00,ok,96,1.3
t1a9602,A96,steady,70,2026-10-06T21:38:10.003+00:00,ok,96,1.3
t1a9602,A96,steady,71,2026-10-06T21:38:11.303+00:00,ok,96,1.3
t1a9602,A96,steady,72,2026-10-06T21:38:12.603+00:00,ok,96,1.3
t1a9602,A96,steady,73,2026-10-06T21:38:13.903+00:00,ok,96,1.3
t1a9602,A96,steady,74,2026-10-06T21:38:15.203+00:00,ok,96,1.3
t1a9602,A96,steady,75,2026-10-06T21:38:16.503+00:00,ok,96,1.3
t1a9602,A96,steady,76,2026-10-06T21:38:17.803+00:00,ok,96,1.3
t1a9602,A96,steady,77,2026-10-06T21:38:19.103+00:00,ok,96,1.3
t1a9602,A96,steady,78,2026-10-06T21:38:20.403+00:00,ok,96,1.3
t1a9602,A96,steady,79,2026-10-06T21:38:21.703+00:00,ok,96,1.3
t1a9602,A96,steady,80,2026-10-06T21:38:23.003+00:00,ok,96,1.3
t1a9602,A96,steady,81,2026-10-06T21:38:24.303+00:00,ok,96,1.3
t1a9602,A96,steady,82,2026-10-06T21:38:25.603+00:00,ok,96,1.3
t1a9602,A96,steady,83,2026-10-06T21:38:26.903+00:00,ok,96,1.3
t1a9602,A96,steady,84,2026-10-06T21:38:28.203+00:00,ok,96,1.3
t1a9602,A96,steady,85,2026-10-06T21:38:29.503+00:00,ok,96,1.3
t1a9602,A96,steady,86,2026-10-06T21:38:30.803+00:00,ok,96,1.3
t1a9602,A96,steady,87,2026-10-06T21:38:32.103+00:00,ok,96,1.3
t1a9602,A96,steady,88,2026-10-06T21:38:33.403+00:00,ok,96,1.3
t1a9602,A96,steady,89,2026-10-06T21:38:34.703+00:00,ok,96,1.3
t1a9602,A96,steady,90,2026-10-06T21:38:36.003+00:00,ok,96,1.3
t1a9602,A96,steady,91,2026-10-06T21:38:37.303+00:00,ok,96,1.3
t1a9602,A96,steady,92,2026-10-06T21:38:38.603+00:00,ok,96,1.3
t1a9602,A96,steady,93,2026-10-06T21:38:39.903+00:00,ok,96,1.3
t1a9602,A96,steady,94,2026-10-06T21:38:41.203+00:00,ok,96,1.3
t1a9602,A96,steady,95,2026-10-06T21:38:42.503+00:00,ok,96,1.3
t1a9602,A96,steady,96,2026-10-06T21:38:43.803+00:00,ok,96,1.3
t1a9602,A96,steady,97,2026-10-06T21:38:45.103+00:00,ok,96,1.3
t1a9602,A96,steady,98,2026-10-06T21:38:46.403+00:00,ok,96,1.3
t1a9602,A96,steady,99,2026-10-06T21:38:47.703+00:00,ok,96,1.3
t1a9602,A96,steady,100,2026-10-06T21:38:49.003+00:00,ok,96,1.3
t1a9602,A96,steady,101,2026-10-06T21:38:50.303+00:00,ok,96,1.3
t1a9602,A96,steady,102,2026-10-06T21:38:51.603+00:00,ok,96,1.3
t1a9602,A96,steady,103,2026-10-06T21:38:52.903+00:00,ok,96,1.3
t1a9602,A96,steady,104,2026-10-06T21:38:54.203+00:00,ok,96,1.3
t1a9602,A96,steady,105,2026-10-06T21:38:55.503+00:00,ok,96,1.3
t1a9602,A96,steady,106,2026-10-06T21:38:56.803+00:00,ok,96,1.3
t1a9602,A96,steady,107,2026-10-06T21:38:58.103+00:00,ok,96,1.3
t1a9602,A96,steady,108,2026-10-06T21:38:59.403+00:00,ok,96,1.3
t1a9602,A96,steady,109,2026-10-06T21:39:00.703+00:00,ok,96,1.3
t1a9602,A96,steady,110,2026-10-06T21:39:02.003+00:00,ok,96,1.3
t1a9602,A96,steady,111,2026-10-06T21:39:03.303+00:00,ok,96,1.3
t1a9602,A96,steady,112,2026-10-06T21:39:04.603+00:00,ok,96,1.3
t1a9602,A96,steady,113,2026-10-06T21:39:05.903+00:00,ok,96,1.3
t1a9602,A96,steady,114,2026-10-06T21:39:07.203+00:00,ok,96,1.3
t1a9602,A96,steady,115,2026-10-06T21:39:08.503+00:00,ok,96,1.3
t1a9602,A96,steady,116,2026-10-06T21:39:09.803+00:00,ok,96,1.3
t1a9602,A96,steady,117,2026-10-06T21:39:11.103+00:00,ok,96,1.3
t1a9602,A96,steady,118,2026-10-06T21:39:12.403+00:00,ok,96,1.3
t1a9602,A96,steady,119,2026-10-06T21:39:13.703+00:00,ok,96,1.3
t1a9602,A96,steady,120,2026-10-06T21:39:15.003+00:00,ok,96,1.3
t1a9602,A96,steady,121,2026-10-06T21:39:16.303+00:00,ok,96,1.3
t1a9602,A96,steady,122,2026-10-06T21:39:17.603+00:00,ok,96,1.3
t1a9602,A96,steady,123,2026-10-06T21:39:18.903+00:00,ok,96,1.3
t1a9602,A96,steady,124,2026-10-06T21:39:20.203+00:00,ok,96,1.3
t1a9602,A96,steady,125,2026-10-06T21:39:21.503+00:00,ok,96,1.3
t1a9602,A96,steady,126,2026-10-06T21:39:22.803+00:00,ok,96,1.3
t1a9602,A96,steady,127,2026-10-06T21:39:24.103+00:00,ok,96,1.3
t1a9602,A96,steady,128,2026-10-06T21:39:25.403+00:00,ok,96,1.3
t1a9602,A96,steady,129,2026-10-06T21:39:26.703+00:00,ok,96,1.3
t1a9602,A96,steady,130,2026-10-06T21:39:28.003+00:00,ok,96,1.3
t1a9602,A96,steady,131,2026-10-06T21:39:29.303+00:00,ok,96,1.3
t1a9602,A96,steady,132,2026-10-06T21:39:30.603+00:00,ok,96,1.3
t1a9602,A96,steady,133,2026-10-06T21:39:31.903+00:00,ok,96,1.3
t1a9602,A96,steady,134,2026-10-06T21:39:33.203+00:00,ok,96,1.3
t1a9602,A96,steady,135,2026-10-06T21:39:34.503+00:00,ok,96,1.3
t1a9602,A96,steady,136,2026-10-06T21:39:35.803+00:00,ok,96,1.3
t1a9602,A96,steady,137,2026-10-06T21:39:37.103+00:00,ok,96,1.3
t1a9602,A96,steady,138,2026-10-06T21:39:38.403+00:00,ok,96,1.3
t1a9602,A96,steady,139,2026-10-06T21:39:39.703+00:00,ok,96,1.3
t1a9602,A96,steady,140,2026-10-06T21:39:41.003+00:00,ok,96,1.3
t1a9602,A96,steady,141,2026-10-06T21:39:42.303+00:00,ok,96,1.3
t1a9602,A96,steady,142,2026-10-06T21:39:43.603+00:00,ok,96,1.3
t1a9602,A96,steady,143,2026-10-06T21:39:44.903+00:00,ok,96,1.3
t1a9602,A96,steady,144,2026-10-06T21:39:46.203+00:00,ok,96,1.3
t1a9602,A96,steady,145,2026-10-06T21:39:47.503+00:00,ok,96,1.3
t1a9602,A96,steady,146,2026-10-06T21:39:48.803+00:00,ok,96,1.3
t1a9602,A96,steady,147,2026-10-06T21:39:50.103+00:00,ok,96,1.3
t1a9602,A96,steady,148,2026-10-06T21:39:51.403+00:00,ok,96,1.3
t1a9602,A96,steady,149,2026-10-06T21:39:52.703+00:00,ok,96,1.3
t1a9602,A96,steady,150,2026-10-06T21:39:54.003+00:00,ok,96,1.3
t1a9602,A96,steady,151,2026-10-06T21:39:55.303+00:00,ok,96,1.3
t1a9602,A96,steady,152,2026-10-06T21:39:56.603+00:00,ok,96,1.3
t1a9602,A96,steady,153,2026-10-06T21:39:57.903+00:00,ok,96,1.3
t1a9602,A96,steady,154,2026-10-06T21:39:59.203+00:00,ok,96,1.3
t1a9602,A96,steady,155,2026-10-06T21:40:00.503+00:00,ok,96,1.3
t1a9602,A96,steady,156,2026-10-06T21:40:01.803+00:00,ok,96,1.3
t1a9602,A96,steady,157,2026-10-06T21:40:03.103+00:00,ok,96,1.3
t1a9602,A96,steady,158,2026-10-06T21:40:04.403+00:00,ok,96,1.3
t1a9602,A96,steady,159,2026-10-06T21:40:05.703+00:00,ok,96,1.3
t1a9602,A96,steady,160,2026-10-06T21:40:07.003+00:00,ok,96,1.3
t1a9602,A96,steady,161,2026-10-06T21:40:08.303+00:00,ok,96,1.3
t1a9602,A96,steady,162,2026-10-06T21:40:09.603+00:00,ok,96,1.3
t1a9602,A96,steady,163,2026-10-06T21:40:10.902+00:00,ok,96,1.3
t1a9602,A96,steady,164,2026-10-06T21:40:12.203+00:00,ok,96,1.3
t1a9602,A96,steady,165,2026-10-06T21:40:13.503+00:00,ok,96,1.3
t1a9602,A96,steady,166,2026-10-06T21:40:14.803+00:00,ok,96,1.3
t1a9602,A96,steady,167,2026-10-06T21:40:16.102+00:00,ok,96,1.3
t1a9602,A96,steady,168,2026-10-06T21:40:17.403+00:00,ok,96,1.3
t1a9602,A96,steady,169,2026-10-06T21:40:18.703+00:00,ok,96,1.3
t1a9602,A96,steady,170,2026-10-06T21:40:20.003+00:00,ok,96,1.3
t1a9602,A96,steady,171,2026-10-06T21:40:21.303+00:00,ok,96,1.3
t1a9602,A96,steady,172,2026-10-06T21:40:22.603+00:00,ok,96,1.3
t1a9602,A96,steady,173,2026-10-06T21:40:23.903+00:00,ok,96,1.3
t1a9602,A96,steady,174,2026-10-06T21:40:25.203+00:00,ok,96,1.3
t1a9602,A96,steady,175,2026-10-06T21:40:26.503+00:00,ok,96,1.3
t1a9602,A96,steady,176,2026-10-06T21:40:27.803+00:00,ok,96,1.3
t1a9602,A96,steady,177,2026-10-06T21:40:29.103+00:00,ok,96,1.3
t1a9602,A96,steady,178,2026-10-06T21:40:30.403+00:00,ok,96,1.3
t1a9602,A96,steady,179,2026-10-06T21:40:31.703+00:00,ok,96,1.3
t1a9602,A96,steady,180,2026-10-06T21:40:33.003+00:00,ok,96,1.3
t1a9602,A96,steady,181,2026-10-06T21:40:34.303+00:00,ok,96,1.3
t1a9602,A96,steady,182,2026-10-06T21:40:35.603+00:00,ok,96,1.3
t1a9602,A96,steady,183,2026-10-06T21:40:36.903+00:00,ok,96,1.3
t1a9602,A96,steady,184,2026-10-06T21:40:38.203+00:00,ok,96,1.3
t1a9602,A96,steady,185,2026-10-06T21:40:39.503+00:00,ok,96,1.3
t1a9602,A96,steady,186,2026-10-06T21:40:40.803+00:00,ok,96,1.3
t1a9602,A96,steady,187,2026-10-06T21:40:42.103+00:00,ok,96,1.3
t1a9602,A96,steady,188,2026-10-06T21:40:43.403+00:00,ok,96,1.3
t1a9602,A96,steady,189,2026-10-06T21:40:44.703+00:00,ok,96,1.3
t1a9602,A96,steady,190,2026-10-06T21:40:46.003+00:00,ok,96,1.3
t1a9602,A96,steady,191,2026-10-06T21:40:47.302+00:00,ok,96,1.3
t1a9602,A96,steady,192,2026-10-06T21:40:48.603+00:00,ok,96,1.3
t1a9602,A96,steady,193,2026-10-06T21:40:49.903+00:00,ok,96,1.3
t1a9602,A96,steady,194,2026-10-06T21:40:51.203+00:00,ok,96,1.3
t1a9602,A96,steady,195,2026-10-06T21:40:52.503+00:00,ok,96,1.3
t1a9602,A96,steady,196,2026-10-06T21:40:53.803+00:00,ok,96,1.3
t1a9602,A96,steady,197,2026-10-06T21:40:55.103+00:00,ok,96,1.3
t1a9602,A96,steady,198,2026-10-06T21:40:56.403+00:00,ok,96,1.3
t1a9602,A96,steady,199,2026-10-06T21:40:57.703+00:00,ok,96,1.3
t1a9602,A96,steady,200,2026-10-06T21:40:59.003+00:00,ok,96,1.3
t1a9602,A96,steady,201,2026-10-06T21:41:00.303+00:00,ok,96,1.3
t1a9602,A96,steady,202,2026-10-06T21:41:01.603+00:00,ok,96,1.3
t1a9602,A96,steady,203,2026-10-06T21:41:02.903+00:00,ok,96,1.3
t1a9602,A96,steady,204,2026-10-06T21:41:04.203+00:00,ok,96,1.3
t1a9602,A96,steady,205,2026-10-06T21:41:05.503+00:00,ok,96,1.3
t1a9602,A96,steady,206,2026-10-06T21:41:06.803+00:00,ok,96,1.3
t1a9602,A96,steady,207,2026-10-06T21:41:08.103+00:00,ok,96,1.3
t1a9602,A96,steady,208,2026-10-06T21:41:09.403+00:00,ok,96,1.3
t1a9602,A96,steady,209,2026-10-06T21:41:10.703+00:00,ok,96,1.3
t1a9602,A96,steady,210,2026-10-06T21:41:12.003+00:00,ok,96,1.3
t1a9602,A96,steady,211,2026-10-06T21:41:13.303+00:00,ok,96,1.3
t1a9602,A96,steady,212,2026-10-06T21:41:14.603+00:00,ok,96,1.3
t1a9602,A96,steady,213,2026-10-06T21:41:15.903+00:00,ok,96,1.3
t1a9602,A96,steady,214,2026-10-06T21:41:17.203+00:00,ok,96,1.3
t1a9602,A96,steady,215,2026-10-06T21:41:18.503+00:00,ok,96,1.3
t1a9602,A96,steady,216,2026-10-06T21:41:19.803+00:00,ok,96,1.3
t1a9602,A96,steady,217,2026-10-06T21:41:21.103+00:00,ok,96,1.3
t1a9602,A96,steady,218,2026-10-06T21:41:22.403+00:00,ok,96,1.3
t1a9602,A96,steady,219,2026-10-06T21:41:23.703+00:00,ok,96,1.3
t1a9602,A96,steady,220,2026-10-06T21:41:25.003+00:00,ok,96,1.3
t1a9602,A96,steady,221,2026-10-06T21:41:26.303+00:00,ok,96,1.3
t1a9602,A96,steady,222,2026-10-06T21:41:27.603+00:00,ok,96,1.3
t1a9602,A96,steady,223,2026-10-06T21:41:28.903+00:00,ok,96,1.3
t1a9602,A96,steady,224,2026-10-06T21:41:30.203+00:00,ok,96,1.3
t1a9602,A96,steady,225,2026-10-06T21:41:31.503+00:00,ok,96,1.3
t1a9602,A96,steady,226,2026-10-06T21:41:32.803+00:00,ok,96,1.3
t1a9602,A96,steady,227,2026-10-06T21:41:34.103+00:00,ok,96,1.3
t1a9602,A96,steady,228,2026-10-06T21:41:35.403+00:00,ok,96,1.3
t1a9602,A96,steady,229,2026-10-06T21:41:36.703+00:00,ok,96,1.3
t1a9602,A96,steady,230,2026-10-06T21:41:38.003+00:00,ok,96,1.3
t1a9602,A96,steady,231,2026-10-06T21:41:39.303+00:00,ok,96,1.3
t1a9602,A96,steady,232,2026-10-06T21:41:40.603+00:00,ok,96,1.3
t1a9602,A96,steady,233,2026-10-06T21:41:41.903+00:00,ok,96,1.3
t1a9602,A96,steady,234,2026-10-06T21:41:43.203+00:00,ok,96,1.3
t1a9602,A96,steady,235,2026-10-06T21:41:44.503+00:00,ok,96,1.3
t1a9602,A96,steady,236,2026-10-06T21:41:45.803+00:00,ok,96,1.3
t1a9602,A96,steady,237,2026-10-06T21:41:47.103+00:00,ok,96,1.3
t1a9602,A96,steady,238,2026-10-06T21:41:48.403+00:00,ok,96,1.3
t1a9602,A96,steady,239,2026-10-06T21:41:49.703+00:00,ok,96,1.3
t1a9602,A96,steady,240,2026-10-06T21:41:51.003+00:00,ok,96,1.3
t1a9602,A96,steady,241,2026-10-06T21:41:52.303+00:00,ok,96,1.3
t1a9602,A96,steady,242,2026-10-06T21:41:53.603+00:00,ok,96,1.3
t1a9602,A96,steady,243,2026-10-06T21:41:54.903+00:00,ok,96,1.3
t1a9602,A96,steady,244,2026-10-06T21:41:56.203+00:00,ok,96,1.3
t1a9602,A96,steady,245,2026-10-06T21:41:57.503+00:00,ok,96,1.3
t1a9602,A96,steady,246,2026-10-06T21:41:58.803+00:00,ok,96,1.3
t1a9602,A96,steady,247,2026-10-06T21:42:00.103+00:00,ok,96,1.3
t1a9602,A96,steady,248,2026-10-06T21:42:01.403+00:00,ok,96,1.3
t1a9602,A96,steady,249,2026-10-06T21:42:02.703+00:00,ok,96,1.3
t1a9602,A96,steady,250,2026-10-06T21:42:04.003+00:00,ok,96,1.3
t1a9602,A96,steady,251,2026-10-06T21:42:05.303+00:00,ok,96,1.3
t1a9602,A96,steady,252,2026-10-06T21:42:06.603+00:00,ok,96,1.3
t1a9602,A96,steady,253,2026-10-06T21:42:07.903+00:00,ok,96,1.3
t1a9602,A96,steady,254,2026-10-06T21:42:09.203+00:00,ok,96,1.3
t1a9602,A96,steady,255,2026-10-06T21:42:10.503+00:00,ok,96,1.3
t1a9602,A96,steady,256,2026-10-06T21:42:11.803+00:00,ok,96,1.3
t1a9602,A96,steady,257,2026-10-06T21:42:13.103+00:00,ok,96,1.3
t1a9602,A96,steady,258,2026-10-06T21:42:14.403+00:00,ok,96,1.3
t1a9602,A96,steady,259,2026-10-06T21:42:15.703+00:00,ok,96,1.3
t1a9602,A96,steady,260,2026-10-06T21:42:17.003+00:00,ok,96,1.3
t1a9602,A96,steady,261,2026-10-06T21:42:18.302+00:00,ok,96,1.3
t1a9602,A96,steady,262,2026-10-06T21:42:19.603+00:00,ok,96,1.3
t1a9602,A96,steady,263,2026-10-06T21:42:20.903+00:00,ok,96,1.3
t1a9602,A96,steady,264,2026-10-06T21:42:22.203+00:00,ok,96,1.3
t1a9602,A96,steady,265,2026-10-06T21:42:23.503+00:00,ok,96,1.3
t1a9602,A96,steady,266,2026-10-06T21:42:24.803+00:00,ok,96,1.3
t1a9602,A96,steady,267,2026-10-06T21:42:26.103+00:00,ok,96,1.3
t1a9602,A96,steady,268,2026-10-06T21:42:27.403+00:00,ok,96,1.3
t1a9602,A96,steady,269,2026-10-06T21:42:28.703+00:00,ok,96,1.3
t1a9602,A96,steady,270,2026-10-06T21:42:30.003+00:00,ok,96,1.3
t1a9602,A96,steady,271,2026-10-06T21:42:31.303+00:00,ok,96,1.3
t1a9602,A96,steady,272,2026-10-06T21:42:32.603+00:00,ok,96,1.3
t1a9602,A96,steady,273,2026-10-06T21:42:33.903+00:00,ok,96,1.3
t1a9602,A96,steady,274,2026-10-06T21:42:35.203+00:00,ok,96,1.3
t1a9602,A96,steady,275,2026-10-06T21:42:36.503+00:00,ok,96,1.3
t1a9602,A96,steady,276,2026-10-06T21:42:37.803+00:00,ok,96,1.3
t1a9602,A96,steady,277,2026-10-06T21:42:39.103+00:00,ok,96,1.3
t1a9602,A96,steady,278,2026-10-06T21:42:40.403+00:00,ok,96,1.3
t1a9602,A96,steady,279,2026-10-06T21:42:41.703+00:00,ok,96,1.3
t1a9602,A96,steady,280,2026-10-06T21:42:43.003+00:00,ok,96,1.3
t1a9602,A96,steady,281,2026-10-06T21:42:44.303+00:00,ok,96,1.3
t1a9602,A96,steady,282,2026-10-06T21:42:45.603+00:00,ok,96,1.3
t1a9602,A96,steady,283,2026-10-06T21:42:46.903+00:00,ok,96,1.3
t1a9602,A96,steady,284,2026-10-06T21:42:48.203+00:00,ok,96,1.3
t1a9602,A96,steady,285,2026-10-06T21:42:49.503+00:00,ok,96,1.3
t1a9602,A96,steady,286,2026-10-06T21:42:50.803+00:00,ok,96,1.3
t1a9602,A96,steady,287,2026-10-06T21:42:52.103+00:00,ok,96,1.3
t1a9602,A96,steady,288,2026-10-06T21:42:53.403+00:00,ok,96,1.3
t1a9602,A96,steady,289,2026-10-06T21:42:54.703+00:00,ok,96,1.3
t1a9602,A96,steady,290,2026-10-06T21:42:56.003+00:00,ok,96,1.3
t1a9602,A96,steady,291,2026-10-06T21:42:57.303+00:00,ok,96,1.3
t1a9602,A96,steady,292,2026-10-06T21:42:58.603+00:00,ok,96,1.3
t1a9602,A96,steady,293,2026-10-06T21:42:59.903+00:00,ok,96,1.3
t1a9602,A96,steady,294,2026-10-06T21:43:01.203+00:00,ok,96,1.3
t1a9602,A96,steady,295,2026-10-06T21:43:02.503+00:00,ok,96,1.3
t1a9602,A96,steady,296,2026-10-06T21:43:03.803+00:00,ok,96,1.3
t1a9602,A96,steady,297,2026-10-06T21:43:05.103+00:00,ok,96,1.3
t1a9602,A96,steady,298,2026-10-06T21:43:06.403+00:00,ok,96,1.3
t1a9602,A96,steady,299,2026-10-06T21:43:07.703+00:00,ok,96,1.3
t1a9602,A96,steady,300,2026-10-06T21:43:09.003+00:00,ok,96,1.3
t1a9602,A96,steady,301,2026-10-06T21:43:10.302+00:00,ok,96,1.3
t1a9602,A96,steady,302,2026-10-06T21:43:11.603+00:00,ok,96,1.3
t1a9602,A96,steady,303,2026-10-06T21:43:12.903+00:00,ok,96,1.3
t1a9602,A96,steady,304,2026-10-06T21:43:14.203+00:00,ok,96,1.3
t1a9602,A96,steady,305,2026-10-06T21:43:15.503+00:00,ok,96,1.3
t1a9602,A96,steady,306,2026-10-06T21:43:16.803+00:00,ok,96,1.3
t1a9602,A96,steady,307,2026-10-06T21:43:18.103+00:00,ok,96,1.3
t1a9602,A96,steady,308,2026-10-06T21:43:19.403+00:00,ok,96,1.3
t1a9602,A96,steady,309,2026-10-06T21:43:20.703+00:00,ok,96,1.3
t1a9602,A96,steady,310,2026-10-06T21:43:22.003+00:00,ok,96,1.3
t1a9602,A96,steady,311,2026-10-06T21:43:23.303+00:00,ok,96,1.3
t1a9602,A96,steady,312,2026-10-06T21:43:24.603+00:00,ok,96,1.3
t1a9602,A96,steady,313,2026-10-06T21:43:25.903+00:00,ok,96,1.3
t1a9602,A96,steady,314,2026-10-06T21:43:27.203+00:00,ok,96,1.3
t1a9602,A96,steady,315,2026-10-06T21:43:28.503+00:00,ok,96,1.3
t1a9602,A96,steady,316,2026-10-06T21:43:29.803+00:00,ok,96,1.3
t1a9602,A96,steady,317,2026-10-06T21:43:31.103+00:00,ok,96,1.3
t1a9602,A96,steady,318,2026-10-06T21:43:32.403+00:00,ok,96,1.3
t1a9602,A96,steady,319,2026-10-06T21:43:33.703+00:00,ok,96,1.3
t1a9602,A96,steady,320,2026-10-06T21:43:35.003+00:00,ok,96,1.3
t1a9602,A96,steady,321,2026-10-06T21:43:36.303+00:00,ok,96,1.3
t1a9602,A96,steady,322,2026-10-06T21:43:37.603+00:00,ok,96,1.3
t1a9602,A96,steady,323,2026-10-06T21:43:38.903+00:00,ok,96,1.3
t1a9602,A96,steady,324,2026-10-06T21:43:40.203+00:00,ok,96,1.3
t1a9602,A96,steady,325,2026-10-06T21:43:41.502+00:00,ok,96,1.3
t1a9602,A96,steady,326,2026-10-06T21:43:42.803+00:00,ok,96,1.3
t1a9602,A96,steady,327,2026-10-06T21:43:44.103+00:00,ok,96,1.3
t1a9602,A96,steady,328,2026-10-06T21:43:45.403+00:00,ok,96,1.3
t1a9602,A96,steady,329,2026-10-06T21:43:46.703+00:00,ok,96,1.3
t1a9602,A96,steady,330,2026-10-06T21:43:48.003+00:00,ok,96,1.3
t1a9602,A96,steady,331,2026-10-06T21:43:49.303+00:00,ok,96,1.3
t1a9602,A96,steady,332,2026-10-06T21:43:50.603+00:00,ok,96,1.3
t1a9602,A96,steady,333,2026-10-06T21:43:51.903+00:00,ok,96,1.3
t1a9602,A96,steady,334,2026-10-06T21:43:53.203+00:00,ok,96,1.3
t1a9602,A96,steady,335,2026-10-06T21:43:54.503+00:00,ok,96,1.3
t1a9602,A96,steady,336,2026-10-06T21:43:55.803+00:00,ok,96,1.3
t1a9602,A96,steady,337,2026-10-06T21:43:57.103+00:00,ok,96,1.3
t1a9602,A96,steady,338,2026-10-06T21:43:58.403+00:00,ok,96,1.3
t1a9602,A96,steady,339,2026-10-06T21:43:59.703+00:00,ok,96,1.3
t1a9602,A96,steady,340,2026-10-06T21:44:01.003+00:00,ok,96,1.3
t1a9602,A96,steady,341,2026-10-06T21:44:02.303+00:00,ok,96,1.3
t1a9602,A96,steady,342,2026-10-06T21:44:03.603+00:00,ok,96,1.3
t1a9602,A96,steady,343,2026-10-06T21:44:04.903+00:00,ok,96,1.3
t1a9602,A96,steady,344,2026-10-06T21:44:06.203+00:00,ok,96,1.3
t1a9602,A96,steady,345,2026-10-06T21:44:07.503+00:00,ok,96,1.3
t1a9602,A96,steady,346,2026-10-06T21:44:08.803+00:00,ok,96,1.3
t1a9602,A96,steady,347,2026-10-06T21:44:10.102+00:00,ok,96,1.3
t1a9602,A96,steady,348,2026-10-06T21:44:11.403+00:00,ok,96,1.3
t1a9602,A96,steady,349,2026-10-06T21:44:12.703+00:00,ok,96,1.3
t1a9602,A96,steady,350,2026-10-06T21:44:14.003+00:00,ok,96,1.3
t1a9602,A96,steady,351,2026-10-06T21:44:15.302+00:00,ok,96,1.3
t1a9602,A96,steady,352,2026-10-06T21:44:16.603+00:00,ok,96,1.3
t1a9602,A96,steady,353,2026-10-06T21:44:17.903+00:00,ok,96,1.3
t1a9602,A96,steady,354,2026-10-06T21:44:19.203+00:00,ok,96,1.3
t1a9602,A96,steady,355,2026-10-06T21:44:20.503+00:00,ok,96,1.3
t1a9602,A96,steady,356,2026-10-06T21:44:21.803+00:00,ok,96,1.3
t1a9602,A96,steady,357,2026-10-06T21:44:23.102+00:00,ok,96,1.3
t1a9602,A96,steady,358,2026-10-06T21:44:24.403+00:00,ok,96,1.3
t1a9602,A96,steady,359,2026-10-06T21:44:25.703+00:00,ok,96,1.3
t1a9602,A96,steady,360,2026-10-06T21:44:27.003+00:00,ok,96,1.3
t1a9602,A96,steady,361,2026-10-06T21:44:28.303+00:00,ok,96,1.3
t1a9602,A96,steady,362,2026-10-06T21:44:29.603+00:00,ok,96,1.3
t1a9602,A96,steady,363,2026-10-06T21:44:30.903+00:00,ok,96,1.3
t1a9602,A96,steady,364,2026-10-06T21:44:32.203+00:00,ok,96,1.3
t1a60003,A600,steady,0,2026-10-06T21:46:08.047+00:00,ok,600,1.3
t1a60003,A600,steady,1,2026-10-06T21:46:09.347+00:00,ok,600,1.3
t1a60003,A600,steady,2,2026-10-06T21:46:10.647+00:00,ok,600,1.3
t1a60003,A600,steady,3,2026-10-06T21:46:11.947+00:00,ok,600,1.3
t1a60003,A600,steady,4,2026-10-06T21:46:13.247+00:00,ok,600,1.3
t1a60003,A600,steady,5,2026-10-06T21:46:14.547+00:00,ok,600,1.3
t1a60003,A600,steady,6,2026-10-06T21:46:15.847+00:00,ok,600,1.3
t1a60003,A600,steady,7,2026-10-06T21:46:17.147+00:00,ok,600,1.3
t1a60003,A600,steady,8,2026-10-06T21:46:18.447+00:00,ok,600,1.3
t1a60003,A600,steady,9,2026-10-06T21:46:19.747+00:00,ok,600,1.3
t1a60003,A600,steady,10,2026-10-06T21:46:21.047+00:00,ok,600,1.3
t1a60003,A600,steady,11,2026-10-06T21:46:22.347+00:00,ok,600,1.3
t1a60003,A600,steady,12,2026-10-06T21:46:23.647+00:00,ok,600,1.3
t1a60003,A600,steady,13,2026-10-06T21:46:24.947+00:00,ok,600,1.3
t1a60003,A600,steady,14,2026-10-06T21:46:26.247+00:00,ok,600,1.3
t1a60003,A600,steady,15,2026-10-06T21:46:27.547+00:00,ok,600,1.3
t1a60003,A600,steady,16,2026-10-06T21:46:28.847+00:00,ok,600,1.3
t1a60003,A600,steady,17,2026-10-06T21:46:30.147+00:00,ok,600,1.3
t1a60003,A600,steady,18,2026-10-06T21:46:31.447+00:00,ok,600,1.3
t1a60003,A600,steady,19,2026-10-06T21:46:32.747+00:00,ok,600,1.3
t1a60003,A600,steady,20,2026-10-06T21:46:34.047+00:00,ok,600,1.3
t1a60003,A600,steady,21,2026-10-06T21:46:35.346+00:00,ok,600,1.3
t1a60003,A600,steady,22,2026-10-06T21:46:36.647+00:00,ok,600,1.3
t1a60003,A600,steady,23,2026-10-06T21:46:37.947+00:00,ok,600,1.3
t1a60003,A600,steady,24,2026-10-06T21:46:39.247+00:00,ok,600,1.3
t1a60003,A600,steady,25,2026-10-06T21:46:40.547+00:00,ok,600,1.3
t1a60003,A600,steady,26,2026-10-06T21:46:41.847+00:00,ok,600,1.3
t1a60003,A600,steady,27,2026-10-06T21:46:43.147+00:00,ok,600,1.3
t1a60003,A600,steady,28,2026-10-06T21:46:44.447+00:00,ok,600,1.3
t1a60003,A600,steady,29,2026-10-06T21:46:45.747+00:00,ok,600,1.3
t1a60003,A600,steady,30,2026-10-06T21:46:47.047+00:00,ok,600,1.3
t1a60003,A600,steady,31,2026-10-06T21:46:48.347+00:00,ok,600,1.3
t1a60003,A600,steady,32,2026-10-06T21:46:49.647+00:00,ok,600,1.3
t1a60003,A600,steady,33,2026-10-06T21:46:50.947+00:00,ok,600,1.3
t1a60003,A600,steady,34,2026-10-06T21:46:52.246+00:00,ok,600,1.3
t1a60003,A600,steady,35,2026-10-06T21:46:53.547+00:00,ok,600,1.3
t1a60003,A600,steady,36,2026-10-06T21:46:54.847+00:00,ok,600,1.3
t1a60003,A600,steady,37,2026-10-06T21:46:56.147+00:00,ok,600,1.3
t1a60003,A600,steady,38,2026-10-06T21:46:57.447+00:00,ok,600,1.3
t1a60003,A600,steady,39,2026-10-06T21:46:58.747+00:00,ok,600,1.3
t1a60003,A600,steady,40,2026-10-06T21:47:00.047+00:00,ok,600,1.3
t1a60003,A600,steady,41,2026-10-06T21:47:01.347+00:00,ok,600,1.3
t1a60003,A600,steady,42,2026-10-06T21:47:02.647+00:00,ok,600,1.3
t1a60003,A600,steady,43,2026-10-06T21:47:03.947+00:00,ok,600,1.3
t1a60003,A600,steady,44,2026-10-06T21:47:05.247+00:00,ok,600,1.3
t1a60003,A600,steady,45,2026-10-06T21:47:06.547+00:00,ok,600,1.3
t1a60003,A600,steady,46,2026-10-06T21:47:07.847+00:00,ok,600,1.3
t1a60003,A600,steady,47,2026-10-06T21:47:09.147+00:00,ok,600,1.3
t1a60003,A600,steady,48,2026-10-06T21:47:10.447+00:00,ok,600,1.3
t1a60003,A600,steady,49,2026-10-06T21:47:11.746+00:00,ok,600,1.3
t1a60003,A600,steady,50,2026-10-06T21:47:13.047+00:00,ok,600,1.3
t1a60003,A600,steady,51,2026-10-06T21:47:14.347+00:00,ok,600,1.3
t1a60003,A600,steady,52,2026-10-06T21:47:15.647+00:00,ok,600,1.3
t1a60003,A600,steady,53,2026-10-06T21:47:16.947+00:00,ok,600,1.3
t1a60003,A600,steady,54,2026-10-06T21:47:18.247+00:00,ok,600,1.3
t1a60003,A600,steady,55,2026-10-06T21:47:19.547+00:00,ok,600,1.3
t1a60003,A600,steady,56,2026-10-06T21:47:20.847+00:00,ok,600,1.3
t1a60003,A600,steady,57,2026-10-06T21:47:22.147+00:00,ok,600,1.3
t1a22404,A224,steady,0,2026-10-06T21:48:59.006+00:00,ok,224,1.3
t1a22404,A224,steady,1,2026-10-06T21:49:00.306+00:00,ok,224,1.3
t1a22404,A224,steady,2,2026-10-06T21:49:01.606+00:00,ok,224,1.3
t1a22404,A224,steady,3,2026-10-06T21:49:02.906+00:00,ok,224,1.3
t1a22404,A224,steady,4,2026-10-06T21:49:04.206+00:00,ok,224,1.3
t1a22404,A224,steady,5,2026-10-06T21:49:05.506+00:00,ok,224,1.3
t1a22404,A224,steady,6,2026-10-06T21:49:06.806+00:00,ok,224,1.3
t1a22404,A224,steady,7,2026-10-06T21:49:08.105+00:00,ok,224,1.3
t1a22404,A224,steady,8,2026-10-06T21:49:09.406+00:00,ok,224,1.3
t1a22404,A224,steady,9,2026-10-06T21:49:10.705+00:00,ok,224,1.3
t1a22404,A224,steady,10,2026-10-06T21:49:12.006+00:00,ok,224,1.3
t1a22404,A224,steady,11,2026-10-06T21:49:13.306+00:00,ok,224,1.3
t1a22404,A224,steady,12,2026-10-06T21:49:14.606+00:00,ok,224,1.3
t1a22404,A224,steady,13,2026-10-06T21:49:15.905+00:00,ok,224,1.3
t1a22404,A224,steady,14,2026-10-06T21:49:17.206+00:00,ok,224,1.3
t1a22404,A224,steady,15,2026-10-06T21:49:18.506+00:00,ok,224,1.3
t1a22404,A224,steady,16,2026-10-06T21:49:19.806+00:00,ok,224,1.3
t1a22404,A224,steady,17,2026-10-06T21:49:21.106+00:00,ok,224,1.3
t1a22404,A224,steady,18,2026-10-06T21:49:22.406+00:00,ok,224,1.3
t1a22404,A224,steady,19,2026-10-06T21:49:23.706+00:00,ok,224,1.3
t1a22404,A224,steady,20,2026-10-06T21:49:25.005+00:00,ok,224,1.3
t1a22404,A224,steady,21,2026-10-06T21:49:26.306+00:00,ok,224,1.3
t1a22404,A224,steady,22,2026-10-06T21:49:27.606+00:00,ok,224,1.3
t1a22404,A224,steady,23,2026-10-06T21:49:28.906+00:00,ok,224,1.3
t1a22404,A224,steady,24,2026-10-06T21:49:30.206+00:00,ok,224,1.3
t1a22404,A224,steady,25,2026-10-06T21:49:31.506+00:00,ok,224,1.3
t1a22404,A224,steady,26,2026-10-06T21:49:32.806+00:00,ok,224,1.3
t1a22404,A224,steady,27,2026-10-06T21:49:34.105+00:00,ok,224,1.3
t1a22404,A224,steady,28,2026-10-06T21:49:35.406+00:00,ok,224,1.3
t1a22404,A224,steady,29,2026-10-06T21:49:36.706+00:00,ok,224,1.3
t1a22404,A224,steady,30,2026-10-06T21:49:38.005+00:00,ok,224,1.3
t1a22404,A224,steady,31,2026-10-06T21:49:39.306+00:00,ok,224,1.3
t1a22404,A224,steady,32,2026-10-06T21:49:40.606+00:00,ok,224,1.3
t1a22404,A224,steady,33,2026-10-06T21:49:41.906+00:00,ok,224,1.3
t1a22404,A224,steady,34,2026-10-06T21:49:43.206+00:00,ok,224,1.3
t1a22404,A224,steady,35,2026-10-06T21:49:44.506+00:00,ok,224,1.3
t1a22404,A224,steady,36,2026-10-06T21:49:45.806+00:00,ok,224,1.3
t1a22404,A224,steady,37,2026-10-06T21:49:47.106+00:00,ok,224,1.3
t1a22404,A224,steady,38,2026-10-06T21:49:48.406+00:00,ok,224,1.3
t1a22404,A224,steady,39,2026-10-06T21:49:49.706+00:00,ok,224,1.3
t1a22404,A224,steady,40,2026-10-06T21:49:51.006+00:00,ok,224,1.3
t1a22404,A224,steady,41,2026-10-06T21:49:52.306+00:00,ok,224,1.3
t1a22404,A224,steady,42,2026-10-06T21:49:53.606+00:00,ok,224,1.3
t1a22404,A224,steady,43,2026-10-06T21:49:54.905+00:00,ok,224,1.3
t1a22404,A224,steady,44,2026-10-06T21:49:56.205+00:00,ok,224,1.3
t1a22404,A224,steady,45,2026-10-06T21:49:57.506+00:00,ok,224,1.3
t1a22404,A224,steady,46,2026-10-06T21:49:58.805+00:00,ok,224,1.3
t1a22404,A224,steady,47,2026-10-06T21:50:00.106+00:00,ok,224,1.3
t1a22404,A224,steady,48,2026-10-06T21:50:01.406+00:00,ok,224,1.3
t1a22404,A224,steady,49,2026-10-06T21:50:02.706+00:00,ok,224,1.3
t1a22404,A224,steady,50,2026-10-06T21:50:04.006+00:00,ok,224,1.3
t1a22404,A224,steady,51,2026-10-06T21:50:05.305+00:00,ok,224,1.3
t1a22404,A224,steady,52,2026-10-06T21:50:06.606+00:00,ok,224,1.3
t1a22404,A224,steady,53,2026-10-06T21:50:07.906+00:00,ok,224,1.3
t1a22404,A224,steady,54,2026-10-06T21:50:09.205+00:00,ok,224,1.3
t1a22404,A224,steady,55,2026-10-06T21:50:10.505+00:00,ok,224,1.3
t1a22404,A224,steady,56,2026-10-06T21:50:11.805+00:00,ok,224,1.3
t1a22404,A224,steady,57,2026-10-06T21:50:13.106+00:00,ok,224,1.3
t1a22404,A224,steady,58,2026-10-06T21:50:14.406+00:00,ok,224,1.3
t1a22404,A224,steady,59,2026-10-06T21:50:15.706+00:00,ok,224,1.3
t1a22404,A224,steady,60,2026-10-06T21:50:17.006+00:00,ok,224,1.3
t1a22404,A224,steady,61,2026-10-06T21:50:18.306+00:00,ok,224,1.3
t1a22404,A224,steady,62,2026-10-06T21:50:19.606+00:00,ok,224,1.3
t1a22404,A224,steady,63,2026-10-06T21:50:20.905+00:00,ok,224,1.3
t1a22404,A224,steady,64,2026-10-06T21:50:22.205+00:00,ok,224,1.3
t1a22404,A224,steady,65,2026-10-06T21:50:23.505+00:00,ok,224,1.3
t1a22404,A224,steady,66,2026-10-06T21:50:24.805+00:00,ok,224,1.3
t1a22404,A224,steady,67,2026-10-06T21:50:26.106+00:00,ok,224,1.3
t1a22404,A224,steady,68,2026-10-06T21:50:27.405+00:00,ok,224,1.3
t1a22404,A224,steady,69,2026-10-06T21:50:28.706+00:00,ok,224,1.3
t1a22404,A224,steady,70,2026-10-06T21:50:30.005+00:00,ok,224,1.3
t1a22404,A224,steady,71,2026-10-06T21:50:31.306+00:00,ok,224,1.3
t1a22404,A224,steady,72,2026-10-06T21:50:32.605+00:00,ok,224,1.3
t1a22404,A224,steady,73,2026-10-06T21:50:33.906+00:00,ok,224,1.3
t1a22404,A224,steady,74,2026-10-06T21:50:35.205+00:00,ok,224,1.3
t1a22404,A224,steady,75,2026-10-06T21:50:36.506+00:00,ok,224,1.3
t1a22404,A224,steady,76,2026-10-06T21:50:37.806+00:00,ok,224,1.3
t1a22404,A224,steady,77,2026-10-06T21:50:39.105+00:00,ok,224,1.3
t1a22404,A224,steady,78,2026-10-06T21:50:40.405+00:00,ok,224,1.3
t1a22404,A224,steady,79,2026-10-06T21:50:41.705+00:00,ok,224,1.3
t1a22404,A224,steady,80,2026-10-06T21:50:43.006+00:00,ok,224,1.3
t1a22404,A224,steady,81,2026-10-06T21:50:44.306+00:00,ok,224,1.3
t1a22404,A224,steady,82,2026-10-06T21:50:45.606+00:00,ok,224,1.3
t1a22404,A224,steady,83,2026-10-06T21:50:46.905+00:00,ok,224,1.3
t1a22404,A224,steady,84,2026-10-06T21:50:48.206+00:00,ok,224,1.3
t1a22404,A224,steady,85,2026-10-06T21:50:49.506+00:00,ok,224,1.3
t1a22404,A224,steady,86,2026-10-06T21:50:50.805+00:00,ok,224,1.3
t1a22404,A224,steady,87,2026-10-06T21:50:52.105+00:00,ok,224,1.3
t1a22404,A224,steady,88,2026-10-06T21:50:53.405+00:00,ok,224,1.3
t1a22404,A224,steady,89,2026-10-06T21:50:54.706+00:00,ok,224,1.3
t1a22404,A224,steady,90,2026-10-06T21:50:56.005+00:00,ok,224,1.3
t1a22404,A224,steady,91,2026-10-06T21:50:57.305+00:00,ok,224,1.3
t1a22404,A224,steady,92,2026-10-06T21:50:58.605+00:00,ok,224,1.3
t1a22404,A224,steady,93,2026-10-06T21:50:59.906+00:00,ok,224,1.3
t1a22404,A224,steady,94,2026-10-06T21:51:01.206+00:00,ok,224,1.3
t1a22404,A224,steady,95,2026-10-06T21:51:02.505+00:00,ok,224,1.3
t1a22404,A224,steady,96,2026-10-06T21:51:03.805+00:00,ok,224,1.3
t1a22404,A224,steady,97,2026-10-06T21:51:05.105+00:00,ok,224,1.3
t1a22404,A224,steady,98,2026-10-06T21:51:06.406+00:00,ok,224,1.3
t1a22404,A224,steady,99,2026-10-06T21:51:07.706+00:00,ok,224,1.3
t1a22404,A224,steady,100,2026-10-06T21:51:09.006+00:00,ok,224,1.3
t1a22404,A224,steady,101,2026-10-06T21:51:10.305+00:00,ok,224,1.3
t1a22404,A224,steady,102,2026-10-06T21:51:11.606+00:00,ok,224,1.3
t1a22404,A224,steady,103,2026-10-06T21:51:12.906+00:00,ok,224,1.3
t1a22404,A224,steady,104,2026-10-06T21:51:14.205+00:00,ok,224,1.3
t1a22404,A224,steady,105,2026-10-06T21:51:15.506+00:00,ok,224,1.3
t1a22404,A224,steady,106,2026-10-06T21:51:16.806+00:00,ok,224,1.3
t1a22404,A224,steady,107,2026-10-06T21:51:18.106+00:00,ok,224,1.3
t1a22404,A224,steady,108,2026-10-06T21:51:19.406+00:00,ok,224,1.3
t1a22404,A224,steady,109,2026-10-06T21:51:20.706+00:00,ok,224,1.3
t1a22404,A224,steady,110,2026-10-06T21:51:22.006+00:00,ok,224,1.3
t1a22404,A224,steady,111,2026-10-06T21:51:23.305+00:00,ok,224,1.3
t1a22404,A224,steady,112,2026-10-06T21:51:24.606+00:00,ok,224,1.3
t1a22404,A224,steady,113,2026-10-06T21:51:25.906+00:00,ok,224,1.3
t1a22404,A224,steady,114,2026-10-06T21:51:27.206+00:00,ok,224,1.3
t1a22404,A224,steady,115,2026-10-06T21:51:28.506+00:00,ok,224,1.3
t1a22404,A224,steady,116,2026-10-06T21:51:29.805+00:00,ok,224,1.3
t1a22404,A224,steady,117,2026-10-06T21:51:31.106+00:00,ok,224,1.3
t1a22404,A224,steady,118,2026-10-06T21:51:32.405+00:00,ok,224,1.3
t1a22404,A224,steady,119,2026-10-06T21:51:33.706+00:00,ok,224,1.3
t1a22404,A224,steady,120,2026-10-06T21:51:35.006+00:00,ok,224,1.3
t1a22404,A224,steady,121,2026-10-06T21:51:36.305+00:00,ok,224,1.3
t1a22404,A224,steady,122,2026-10-06T21:51:37.606+00:00,ok,224,1.3
t1a22404,A224,steady,123,2026-10-06T21:51:38.906+00:00,ok,224,1.3
t1a22404,A224,steady,124,2026-10-06T21:51:40.205+00:00,ok,224,1.3
t1a22404,A224,steady,125,2026-10-06T21:51:41.506+00:00,ok,224,1.3
t1a22404,A224,steady,126,2026-10-06T21:51:42.806+00:00,ok,224,1.3
t1a22404,A224,steady,127,2026-10-06T21:51:44.106+00:00,ok,224,1.3
t1a22404,A224,steady,128,2026-10-06T21:51:45.406+00:00,ok,224,1.3
t1a22404,A224,steady,129,2026-10-06T21:51:46.705+00:00,ok,224,1.3
t1a22404,A224,steady,130,2026-10-06T21:51:48.005+00:00,ok,224,1.3
t1a22404,A224,steady,131,2026-10-06T21:51:49.306+00:00,ok,224,1.3
t1a22404,A224,steady,132,2026-10-06T21:51:50.606+00:00,ok,224,1.3
t1a22404,A224,steady,133,2026-10-06T21:51:51.905+00:00,ok,224,1.3
t1a22404,A224,steady,134,2026-10-06T21:51:53.206+00:00,ok,224,1.3
t1a22404,A224,steady,135,2026-10-06T21:51:54.505+00:00,ok,224,1.3
t1a22404,A224,steady,136,2026-10-06T21:51:55.806+00:00,ok,224,1.3
t1a22404,A224,steady,137,2026-10-06T21:51:57.106+00:00,ok,224,1.3
t1a22404,A224,steady,138,2026-10-06T21:51:58.405+00:00,ok,224,1.3
t1a22404,A224,steady,139,2026-10-06T21:51:59.706+00:00,ok,224,1.3
t1a22404,A224,steady,140,2026-10-06T21:52:01.005+00:00,ok,224,1.3
t1a22404,A224,steady,141,2026-10-06T21:52:02.305+00:00,ok,224,1.3
t1a22404,A224,steady,142,2026-10-06T21:52:03.605+00:00,ok,224,1.3
t1a22404,A224,steady,143,2026-10-06T21:52:04.906+00:00,ok,224,1.3
t1a22404,A224,steady,144,2026-10-06T21:52:06.206+00:00,ok,224,1.3
t1a22404,A224,steady,145,2026-10-06T21:52:07.506+00:00,ok,224,1.3
t1a22404,A224,steady,146,2026-10-06T21:52:08.805+00:00,ok,224,1.3
t1a22404,A224,steady,147,2026-10-06T21:52:10.106+00:00,ok,224,1.3
t1a22404,A224,steady,148,2026-10-06T21:52:11.406+00:00,ok,224,1.3
t1a22404,A224,steady,149,2026-10-06T21:52:12.706+00:00,ok,224,1.3
t1a22404,A224,steady,150,2026-10-06T21:52:14.005+00:00,ok,224,1.3
t1a22404,A224,steady,151,2026-10-06T21:52:15.305+00:00,ok,224,1.3
t1a22404,A224,steady,152,2026-10-06T21:52:16.606+00:00,ok,224,1.3
t1a22404,A224,steady,153,2026-10-06T21:52:17.905+00:00,ok,224,1.3
t1a22404,A224,steady,154,2026-10-06T21:52:19.206+00:00,ok,224,1.3
t1a22404,A224,steady,155,2026-10-06T21:52:20.506+00:00,ok,224,1.3
t1a100005,A1000,steady,0,2026-10-06T21:53:57.090+00:00,ok,1000,1.3
t1a100005,A1000,steady,1,2026-10-06T21:53:58.390+00:00,ok,1000,1.3
t1a100005,A1000,steady,2,2026-10-06T21:53:59.690+00:00,ok,1000,1.3
t1a100005,A1000,steady,3,2026-10-06T21:54:00.990+00:00,ok,1000,1.3
t1a100005,A1000,steady,4,2026-10-06T21:54:02.290+00:00,ok,1000,1.3
t1a100005,A1000,steady,5,2026-10-06T21:54:03.590+00:00,ok,1000,1.3
t1a100005,A1000,steady,6,2026-10-06T21:54:04.890+00:00,ok,1000,1.3
t1a100005,A1000,steady,7,2026-10-06T21:54:06.190+00:00,ok,1000,1.3
t1a100005,A1000,steady,8,2026-10-06T21:54:07.490+00:00,ok,1000,1.3
t1a100005,A1000,steady,9,2026-10-06T21:54:08.790+00:00,ok,1000,1.3
t1a100005,A1000,steady,10,2026-10-06T21:54:10.090+00:00,ok,1000,1.3
t1a100005,A1000,steady,11,2026-10-06T21:54:11.390+00:00,ok,1000,1.3
t1a100005,A1000,steady,12,2026-10-06T21:54:12.691+00:00,ok,1000,1.3
t1a100005,A1000,steady,13,2026-10-06T21:54:13.990+00:00,ok,1000,1.3
t1a100005,A1000,steady,14,2026-10-06T21:54:15.291+00:00,ok,1000,1.3
t1a100005,A1000,steady,15,2026-10-06T21:54:16.590+00:00,ok,1000,1.3
t1a100005,A1000,steady,16,2026-10-06T21:54:17.890+00:00,ok,1000,1.3
t1a100005,A1000,steady,17,2026-10-06T21:54:19.190+00:00,ok,1000,1.3
t1a100005,A1000,steady,18,2026-10-06T21:54:20.490+00:00,ok,1000,1.3
t1a100005,A1000,steady,19,2026-10-06T21:54:21.791+00:00,ok,1000,1.3
t1a100005,A1000,steady,20,2026-10-06T21:54:23.090+00:00,ok,1000,1.3
t1a100005,A1000,steady,21,2026-10-06T21:54:24.390+00:00,ok,1000,1.3
t1a100005,A1000,steady,22,2026-10-06T21:54:25.690+00:00,ok,1000,1.3
t1a100005,A1000,steady,23,2026-10-06T21:54:26.990+00:00,ok,1000,1.3
t1a100005,A1000,steady,24,2026-10-06T21:54:28.290+00:00,ok,1000,1.3
t1a100005,A1000,steady,25,2026-10-06T21:54:29.590+00:00,ok,1000,1.3
t1a100005,A1000,steady,26,2026-10-06T21:54:30.890+00:00,ok,1000,1.3
t1a100005,A1000,steady,27,2026-10-06T21:54:32.191+00:00,ok,1000,1.3
t1a100005,A1000,steady,28,2026-10-06T21:54:33.490+00:00,ok,1000,1.3
t1a100005,A1000,steady,29,2026-10-06T21:54:34.791+00:00,ok,1000,1.3
t1a100005,A1000,steady,30,2026-10-06T21:54:36.090+00:00,ok,1000,1.3
t1a100005,A1000,steady,31,2026-10-06T21:54:37.390+00:00,ok,1000,1.3
t1a100005,A1000,steady,32,2026-10-06T21:54:38.690+00:00,ok,1000,1.3
t1a100005,A1000,steady,33,2026-10-06T21:54:39.990+00:00,ok,1000,1.3
t1a100005,A1000,steady,34,2026-10-06T21:54:41.290+00:00,ok,1000,1.3
t1a16006,A160,steady,0,2026-10-06T21:56:17.004+00:00,ok,160,1.3
t1a16006,A160,steady,1,2026-10-06T21:56:18.304+00:00,ok,160,1.3
t1a16006,A160,steady,2,2026-10-06T21:56:19.604+00:00,ok,160,1.3
t1a16006,A160,steady,3,2026-10-06T21:56:20.904+00:00,ok,160,1.3
t1a16006,A160,steady,4,2026-10-06T21:56:22.204+00:00,ok,160,1.3
t1a16006,A160,steady,5,2026-10-06T21:56:23.504+00:00,ok,160,1.3
t1a16006,A160,steady,6,2026-10-06T21:56:24.804+00:00,ok,160,1.3
t1a16006,A160,steady,7,2026-10-06T21:56:26.104+00:00,ok,160,1.3
t1a16006,A160,steady,8,2026-10-06T21:56:27.404+00:00,ok,160,1.3
t1a16006,A160,steady,9,2026-10-06T21:56:28.704+00:00,ok,160,1.3
t1a16006,A160,steady,10,2026-10-06T21:56:30.004+00:00,ok,160,1.3
t1a16006,A160,steady,11,2026-10-06T21:56:31.304+00:00,ok,160,1.3
t1a16006,A160,steady,12,2026-10-06T21:56:32.604+00:00,ok,160,1.3
t1a16006,A160,steady,13,2026-10-06T21:56:33.904+00:00,ok,160,1.3
t1a16006,A160,steady,14,2026-10-06T21:56:35.204+00:00,ok,160,1.3
t1a16006,A160,steady,15,2026-10-06T21:56:36.504+00:00,ok,160,1.3
t1a16006,A160,steady,16,2026-10-06T21:56:37.804+00:00,ok,160,1.3
t1a16006,A160,steady,17,2026-10-06T21:56:39.104+00:00,ok,160,1.3
t1a16006,A160,steady,18,2026-10-06T21:56:40.404+00:00,ok,160,1.3
t1a16006,A160,steady,19,2026-10-06T21:56:41.704+00:00,ok,160,1.3
t1a16006,A160,steady,20,2026-10-06T21:56:43.004+00:00,ok,160,1.3
t1a16006,A160,steady,21,2026-10-06T21:56:44.304+00:00,ok,160,1.3
t1a16006,A160,steady,22,2026-10-06T21:56:45.604+00:00,ok,160,1.3
t1a16006,A160,steady,23,2026-10-06T21:56:46.904+00:00,ok,160,1.3
t1a16006,A160,steady,24,2026-10-06T21:56:48.204+00:00,ok,160,1.3
t1a16006,A160,steady,25,2026-10-06T21:56:49.504+00:00,ok,160,1.3
t1a16006,A160,steady,26,2026-10-06T21:56:50.804+00:00,ok,160,1.3
t1a16006,A160,steady,27,2026-10-06T21:56:52.104+00:00,ok,160,1.3
t1a16006,A160,steady,28,2026-10-06T21:56:53.404+00:00,ok,160,1.3
t1a16006,A160,steady,29,2026-10-06T21:56:54.704+00:00,ok,160,1.3
t1a16006,A160,steady,30,2026-10-06T21:56:56.004+00:00,ok,160,1.3
t1a16006,A160,steady,31,2026-10-06T21:56:57.304+00:00,ok,160,1.3
t1a16006,A160,steady,32,2026-10-06T21:56:58.604+00:00,ok,160,1.3
t1a16006,A160,steady,33,2026-10-06T21:56:59.904+00:00,ok,160,1.3
t1a16006,A160,steady,34,2026-10-06T21:57:01.204+00:00,ok,160,1.3
t1a16006,A160,steady,35,2026-10-06T21:57:02.504+00:00,ok,160,1.3
t1a16006,A160,steady,36,2026-10-06T21:57:03.804+00:00,ok,160,1.3
t1a16006,A160,steady,37,2026-10-06T21:57:05.104+00:00,ok,160,1.3
t1a16006,A160,steady,38,2026-10-06T21:57:06.404+00:00,ok,160,1.3
t1a16006,A160,steady,39,2026-10-06T21:57:07.704+00:00,ok,160,1.3
t1a16006,A160,steady,40,2026-10-06T21:57:09.004+00:00,ok,160,1.3
t1a16006,A160,steady,41,2026-10-06T21:57:10.304+00:00,ok,160,1.3
t1a16006,A160,steady,42,2026-10-06T21:57:11.604+00:00,ok,160,1.3
t1a16006,A160,steady,43,2026-10-06T21:57:12.904+00:00,ok,160,1.3
t1a16006,A160,steady,44,2026-10-06T21:57:14.204+00:00,ok,160,1.3
t1a16006,A160,steady,45,2026-10-06T21:57:15.504+00:00,ok,160,1.3
t1a16006,A160,steady,46,2026-10-06T21:57:16.804+00:00,ok,160,1.3
t1a16006,A160,steady,47,2026-10-06T21:57:18.104+00:00,ok,160,1.3
t1a16006,A160,steady,48,2026-10-06T21:57:19.404+00:00,ok,160,1.3
t1a16006,A160,steady,49,2026-10-06T21:57:20.704+00:00,ok,160,1.3
t1a16006,A160,steady,50,2026-10-06T21:57:22.004+00:00,ok,160,1.3
t1a16006,A160,steady,51,2026-10-06T21:57:23.304+00:00,ok,160,1.3
t1a16006,A160,steady,52,2026-10-06T21:57:24.604+00:00,ok,160,1.3
t1a16006,A160,steady,53,2026-10-06T21:57:25.904+00:00,ok,160,1.3
t1a16006,A160,steady,54,2026-10-06T21:57:27.204+00:00,ok,160,1.3
t1a16006,A160,steady,55,2026-10-06T21:57:28.504+00:00,ok,160,1.3
t1a16006,A160,steady,56,2026-10-06T21:57:29.804+00:00,ok,160,1.3
t1a16006,A160,steady,57,2026-10-06T21:57:31.104+00:00,ok,160,1.3
t1a16006,A160,steady,58,2026-10-06T21:57:32.404+00:00,ok,160,1.3
t1a16006,A160,steady,59,2026-10-06T21:57:33.704+00:00,ok,160,1.3
t1a16006,A160,steady,60,2026-10-06T21:57:35.004+00:00,ok,160,1.3
t1a16006,A160,steady,61,2026-10-06T21:57:36.304+00:00,ok,160,1.3
t1a16006,A160,steady,62,2026-10-06T21:57:37.604+00:00,ok,160,1.3
t1a16006,A160,steady,63,2026-10-06T21:57:38.904+00:00,ok,160,1.3
t1a16006,A160,steady,64,2026-10-06T21:57:40.204+00:00,ok,160,1.3
t1a16006,A160,steady,65,2026-10-06T21:57:41.504+00:00,ok,160,1.3
t1a16006,A160,steady,66,2026-10-06T21:57:42.804+00:00,ok,160,1.3
t1a16006,A160,steady,67,2026-10-06T21:57:44.104+00:00,ok,160,1.3
t1a16006,A160,steady,68,2026-10-06T21:57:45.404+00:00,ok,160,1.3
t1a16006,A160,steady,69,2026-10-06T21:57:46.704+00:00,ok,160,1.3
t1a16006,A160,steady,70,2026-10-06T21:57:48.004+00:00,ok,160,1.3
t1a16006,A160,steady,71,2026-10-06T21:57:49.304+00:00,ok,160,1.3
t1a16006,A160,steady,72,2026-10-06T21:57:50.604+00:00,ok,160,1.3
t1a16006,A160,steady,73,2026-10-06T21:57:51.904+00:00,ok,160,1.3
t1a16006,A160,steady,74,2026-10-06T21:57:53.204+00:00,ok,160,1.3
t1a16006,A160,steady,75,2026-10-06T21:57:54.504+00:00,ok,160,1.3
t1a16006,A160,steady,76,2026-10-06T21:57:55.804+00:00,ok,160,1.3
t1a16006,A160,steady,77,2026-10-06T21:57:57.104+00:00,ok,160,1.3
t1a16006,A160,steady,78,2026-10-06T21:57:58.404+00:00,ok,160,1.3
t1a16006,A160,steady,79,2026-10-06T21:57:59.704+00:00,ok,160,1.3
t1a16006,A160,steady,80,2026-10-06T21:58:01.004+00:00,ok,160,1.3
t1a16006,A160,steady,81,2026-10-06T21:58:02.304+00:00,ok,160,1.3
t1a16006,A160,steady,82,2026-10-06T21:58:03.604+00:00,ok,160,1.3
t1a16006,A160,steady,83,2026-10-06T21:58:04.904+00:00,ok,160,1.3
t1a16006,A160,steady,84,2026-10-06T21:58:06.204+00:00,ok,160,1.3
t1a16006,A160,steady,85,2026-10-06T21:58:07.504+00:00,ok,160,1.3
t1a16006,A160,steady,86,2026-10-06T21:58:08.804+00:00,ok,160,1.3
t1a16006,A160,steady,87,2026-10-06T21:58:10.104+00:00,ok,160,1.3
t1a16006,A160,steady,88,2026-10-06T21:58:11.404+00:00,ok,160,1.3
t1a16006,A160,steady,89,2026-10-06T21:58:12.704+00:00,ok,160,1.3
t1a16006,A160,steady,90,2026-10-06T21:58:14.004+00:00,ok,160,1.3
t1a16006,A160,steady,91,2026-10-06T21:58:15.304+00:00,ok,160,1.3
t1a16006,A160,steady,92,2026-10-06T21:58:16.604+00:00,ok,160,1.3
t1a16006,A160,steady,93,2026-10-06T21:58:17.904+00:00,ok,160,1.3
t1a16006,A160,steady,94,2026-10-06T21:58:19.204+00:00,ok,160,1.3
t1a16006,A160,steady,95,2026-10-06T21:58:20.504+00:00,ok,160,1.3
t1a16006,A160,steady,96,2026-10-06T21:58:21.804+00:00,ok,160,1.3
t1a16006,A160,steady,97,2026-10-06T21:58:23.104+00:00,ok,160,1.3
t1a16006,A160,steady,98,2026-10-06T21:58:24.404+00:00,ok,160,1.3
t1a16006,A160,steady,99,2026-10-06T21:58:25.704+00:00,ok,160,1.3
t1a16006,A160,steady,100,2026-10-06T21:58:27.004+00:00,ok,160,1.3
t1a16006,A160,steady,101,2026-10-06T21:58:28.304+00:00,ok,160,1.3
t1a16006,A160,steady,102,2026-10-06T21:58:29.604+00:00,ok,160,1.3
t1a16006,A160,steady,103,2026-10-06T21:58:30.904+00:00,ok,160,1.3
t1a16006,A160,steady,104,2026-10-06T21:58:32.204+00:00,ok,160,1.3
t1a16006,A160,steady,105,2026-10-06T21:58:33.504+00:00,ok,160,1.3
t1a16006,A160,steady,106,2026-10-06T21:58:34.804+00:00,ok,160,1.3
t1a16006,A160,steady,107,2026-10-06T21:58:36.104+00:00,ok,160,1.3
t1a16006,A160,steady,108,2026-10-06T21:58:37.404+00:00,ok,160,1.3
t1a16006,A160,steady,109,2026-10-06T21:58:38.704+00:00,ok,160,1.3
t1a16006,A160,steady,110,2026-10-06T21:58:40.004+00:00,ok,160,1.3
t1a16006,A160,steady,111,2026-10-06T21:58:41.304+00:00,ok,160,1.3
t1a16006,A160,steady,112,2026-10-06T21:58:42.604+00:00,ok,160,1.3
t1a16006,A160,steady,113,2026-10-06T21:58:43.904+00:00,ok,160,1.3
t1a16006,A160,steady,114,2026-10-06T21:58:45.204+00:00,ok,160,1.3
t1a16006,A160,steady,115,2026-10-06T21:58:46.504+00:00,ok,160,1.3
t1a16006,A160,steady,116,2026-10-06T21:58:47.804+00:00,ok,160,1.3
t1a16006,A160,steady,117,2026-10-06T21:58:49.104+00:00,ok,160,1.3
t1a16006,A160,steady,118,2026-10-06T21:58:50.404+00:00,ok,160,1.3
t1a16006,A160,steady,119,2026-10-06T21:58:51.704+00:00,ok,160,1.3
t1a16006,A160,steady,120,2026-10-06T21:58:53.004+00:00,ok,160,1.3
t1a16006,A160,steady,121,2026-10-06T21:58:54.304+00:00,ok,160,1.3
t1a16006,A160,steady,122,2026-10-06T21:58:55.604+00:00,ok,160,1.3
t1a16006,A160,steady,123,2026-10-06T21:58:56.904+00:00,ok,160,1.3
t1a16006,A160,steady,124,2026-10-06T21:58:58.204+00:00,ok,160,1.3
t1a16006,A160,steady,125,2026-10-06T21:58:59.504+00:00,ok,160,1.3
t1a16006,A160,steady,126,2026-10-06T21:59:00.804+00:00,ok,160,1.3
t1a16006,A160,steady,127,2026-10-06T21:59:02.104+00:00,ok,160,1.3
t1a16006,A160,steady,128,2026-10-06T21:59:03.404+00:00,ok,160,1.3
t1a16006,A160,steady,129,2026-10-06T21:59:04.704+00:00,ok,160,1.3
t1a16006,A160,steady,130,2026-10-06T21:59:06.004+00:00,ok,160,1.3
t1a16006,A160,steady,131,2026-10-06T21:59:07.304+00:00,ok,160,1.3
t1a16006,A160,steady,132,2026-10-06T21:59:08.604+00:00,ok,160,1.3
t1a16006,A160,steady,133,2026-10-06T21:59:09.904+00:00,ok,160,1.3
t1a16006,A160,steady,134,2026-10-06T21:59:11.204+00:00,ok,160,1.3
t1a16006,A160,steady,135,2026-10-06T21:59:12.504+00:00,ok,160,1.3
t1a16006,A160,steady,136,2026-10-06T21:59:13.804+00:00,ok,160,1.3
t1a16006,A160,steady,137,2026-10-06T21:59:15.104+00:00,ok,160,1.3
t1a16006,A160,steady,138,2026-10-06T21:59:16.404+00:00,ok,160,1.3
t1a16006,A160,steady,139,2026-10-06T21:59:17.704+00:00,ok,160,1.3
t1a16006,A160,steady,140,2026-10-06T21:59:19.004+00:00,ok,160,1.3
t1a16006,A160,steady,141,2026-10-06T21:59:20.304+00:00,ok,160,1.3
t1a16006,A160,steady,142,2026-10-06T21:59:21.604+00:00,ok,160,1.3
t1a16006,A160,steady,143,2026-10-06T21:59:22.904+00:00,ok,160,1.3
t1a16006,A160,steady,144,2026-10-06T21:59:24.204+00:00,ok,160,1.3
t1a16006,A160,steady,145,2026-10-06T21:59:25.504+00:00,ok,160,1.3
t1a16006,A160,steady,146,2026-10-06T21:59:26.804+00:00,ok,160,1.3
t1a16006,A160,steady,147,2026-10-06T21:59:28.104+00:00,ok,160,1.3
t1a16006,A160,steady,148,2026-10-06T21:59:29.404+00:00,ok,160,1.3
t1a16006,A160,steady,149,2026-10-06T21:59:30.704+00:00,ok,160,1.3
t1a16006,A160,steady,150,2026-10-06T21:59:32.004+00:00,ok,160,1.3
t1a16006,A160,steady,151,2026-10-06T21:59:33.304+00:00,ok,160,1.3
t1a16006,A160,steady,152,2026-10-06T21:59:34.604+00:00,ok,160,1.3
t1a16006,A160,steady,153,2026-10-06T21:59:35.904+00:00,ok,160,1.3
t1a16006,A160,steady,154,2026-10-06T21:59:37.204+00:00,ok,160,1.3
t1a16006,A160,steady,155,2026-10-06T21:59:38.504+00:00,ok,160,1.3
t1a16006,A160,steady,156,2026-10-06T21:59:39.804+00:00,ok,160,1.3
t1a16006,A160,steady,157,2026-10-06T21:59:41.104+00:00,ok,160,1.3
t1a16006,A160,steady,158,2026-10-06T21:59:42.404+00:00,ok,160,1.3
t1a16006,A160,steady,159,2026-10-06T21:59:43.704+00:00,ok,160,1.3
t1a16006,A160,steady,160,2026-10-06T21:59:45.004+00:00,ok,160,1.3
t1a16006,A160,steady,161,2026-10-06T21:59:46.304+00:00,ok,160,1.3
t1a16006,A160,steady,162,2026-10-06T21:59:47.604+00:00,ok,160,1.3
t1a16006,A160,steady,163,2026-10-06T21:59:48.904+00:00,ok,160,1.3
t1a16006,A160,steady,164,2026-10-06T21:59:50.204+00:00,ok,160,1.3
t1a16006,A160,steady,165,2026-10-06T21:59:51.504+00:00,ok,160,1.3
t1a16006,A160,steady,166,2026-10-06T21:59:52.804+00:00,ok,160,1.3
t1a16006,A160,steady,167,2026-10-06T21:59:54.104+00:00,ok,160,1.3
t1a16006,A160,steady,168,2026-10-06T21:59:55.404+00:00,ok,160,1.3
t1a16006,A160,steady,169,2026-10-06T21:59:56.704+00:00,ok,160,1.3
t1a16006,A160,steady,170,2026-10-06T21:59:58.004+00:00,ok,160,1.3
t1a16006,A160,steady,171,2026-10-06T21:59:59.304+00:00,ok,160,1.3
t1a16006,A160,steady,172,2026-10-06T22:00:00.604+00:00,ok,160,1.3
t1a16006,A160,steady,173,2026-10-06T22:00:01.904+00:00,ok,160,1.3
t1a16006,A160,steady,174,2026-10-06T22:00:03.204+00:00,ok,160,1.3
t1a16006,A160,steady,175,2026-10-06T22:00:04.504+00:00,ok,160,1.3
t1a16006,A160,steady,176,2026-10-06T22:00:05.804+00:00,ok,160,1.3
t1a16006,A160,steady,177,2026-10-06T22:00:07.104+00:00,ok,160,1.3
t1a16006,A160,steady,178,2026-10-06T22:00:08.404+00:00,ok,160,1.3
t1a16006,A160,steady,179,2026-10-06T22:00:09.704+00:00,ok,160,1.3
t1a16006,A160,steady,180,2026-10-06T22:00:11.004+00:00,ok,160,1.3
t1a16006,A160,steady,181,2026-10-06T22:00:12.304+00:00,ok,160,1.3
t1a16006,A160,steady,182,2026-10-06T22:00:13.604+00:00,ok,160,1.3
t1a16006,A160,steady,183,2026-10-06T22:00:14.904+00:00,ok,160,1.3
t1a16006,A160,steady,184,2026-10-06T22:00:16.204+00:00,ok,160,1.3
t1a16006,A160,steady,185,2026-10-06T22:00:17.504+00:00,ok,160,1.3
t1a16006,A160,steady,186,2026-10-06T22:00:18.804+00:00,ok,160,1.3
t1a16006,A160,steady,187,2026-10-06T22:00:20.104+00:00,ok,160,1.3
t1a16006,A160,steady,188,2026-10-06T22:00:21.404+00:00,ok,160,1.3
t1a16006,A160,steady,189,2026-10-06T22:00:22.704+00:00,ok,160,1.3
t1a16006,A160,steady,190,2026-10-06T22:00:24.004+00:00,ok,160,1.3
t1a16006,A160,steady,191,2026-10-06T22:00:25.304+00:00,ok,160,1.3
t1a16006,A160,steady,192,2026-10-06T22:00:26.604+00:00,ok,160,1.3
t1a16006,A160,steady,193,2026-10-06T22:00:27.904+00:00,ok,160,1.3
t1a16006,A160,steady,194,2026-10-06T22:00:29.204+00:00,ok,160,1.3
t1a16006,A160,steady,195,2026-10-06T22:00:30.504+00:00,ok,160,1.3
t1a16006,A160,steady,196,2026-10-06T22:00:31.804+00:00,ok,160,1.3
t1a16006,A160,steady,197,2026-10-06T22:00:33.104+00:00,ok,160,1.3
t1a16006,A160,steady,198,2026-10-06T22:00:34.404+00:00,ok,160,1.3
t1a16006,A160,steady,199,2026-10-06T22:00:35.704+00:00,ok,160,1.3
t1a16006,A160,steady,200,2026-10-06T22:00:37.004+00:00,ok,160,1.3
t1a16006,A160,steady,201,2026-10-06T22:00:38.304+00:00,ok,160,1.3
t1a16006,A160,steady,202,2026-10-06T22:00:39.604+00:00,ok,160,1.3
t1a16006,A160,steady,203,2026-10-06T22:00:40.904+00:00,ok,160,1.3
t1a16006,A160,steady,204,2026-10-06T22:00:42.204+00:00,ok,160,1.3
t1a16006,A160,steady,205,2026-10-06T22:00:43.504+00:00,ok,160,1.3
t1a16006,A160,steady,206,2026-10-06T22:00:44.804+00:00,ok,160,1.3
t1a16006,A160,steady,207,2026-10-06T22:00:46.104+00:00,ok,160,1.3
t1a16006,A160,steady,208,2026-10-06T22:00:47.404+00:00,ok,160,1.3
t1a16006,A160,steady,209,2026-10-06T22:00:48.704+00:00,ok,160,1.3
t1a16006,A160,steady,210,2026-10-06T22:00:50.004+00:00,ok,160,1.3
t1a16006,A160,steady,211,2026-10-06T22:00:51.304+00:00,ok,160,1.3
t1a16006,A160,steady,212,2026-10-06T22:00:52.604+00:00,ok,160,1.3
t1a16006,A160,steady,213,2026-10-06T22:00:53.904+00:00,ok,160,1.3
t1a16006,A160,steady,214,2026-10-06T22:00:55.204+00:00,ok,160,1.3
t1a16006,A160,steady,215,2026-10-06T22:00:56.504+00:00,ok,160,1.3
t1a16006,A160,steady,216,2026-10-06T22:00:57.804+00:00,ok,160,1.3
t1a16006,A160,steady,217,2026-10-06T22:00:59.104+00:00,ok,160,1.3
t1a16006,A160,steady,218,2026-10-06T22:01:00.404+00:00,ok,160,1.3
