pair,complete,utc,lux,auto_exposure_us,auto_gain,low_exposure_us,low_gain,auto_total,low_total,daylight,LG1_shutter_le_cap,LG2_gain_only_at_cap,LG3_floor_in_daylight,LG4_patched_tuning_loaded,patch_xy_halfres,auto_g_mean_dn,auto_g_noise_dn,auto_g_snr,auto_r_mean_dn,auto_r_noise_dn,auto_r_snr,low_g_mean_dn,low_g_noise_dn,low_g_snr,low_r_mean_dn,low_r_noise_dn,low_r_snr,g_noise_ratio_low_over_auto,r_noise_ratio_low_over_auto,g_snr_ratio_low_over_auto,r_snr_ratio_low_over_auto
1,True,2026-10-06T13:11:57Z,0.141547,66645.0,15.515152,29997.0,16.0,1034007.3,479952.0,False,True,True,,True,"[704, 384]",2.33,1.013,2.3,2.36,0.94,2.51,1.1,0.944,1.17,1.2,0.882,1.36,0.932,0.938,0.509,0.542
2,True,2026-10-06T13:14:56Z,0.154703,66645.0,15.515152,29997.0,16.0,1034007.3,479952.0,False,True,True,,True,"[704, 384]",2.53,1.028,2.46,2.6,0.995,2.61,1.22,0.933,1.31,1.26,0.859,1.47,0.908,0.863,0.533,0.563
3,True,2026-10-06T13:17:55Z,0.154752,66645.0,15.515152,29997.0,16.0,1034007.3,479952.0,False,True,True,,True,"[704, 384]",2.23,1.005,2.22,2.1,0.898,2.34,1.16,0.958,1.21,1.27,0.864,1.47,0.953,0.962,0.545,0.628
4,True,2026-10-06T13:20:56Z,0.158559,66645.0,15.515152,29997.0,16.0,1034007.3,479952.0,False,True,True,,True,"[448, 384]",1.85,0.974,1.9,1.33,0.866,1.54,0.7,0.938,0.75,0.6,0.812,0.74,0.963,0.938,0.395,0.481
5,True,2026-10-06T13:23:55Z,0.156051,66645.0,15.515152,29997.0,16.0,1034007.3,479952.0,False,True,True,,True,"[704, 384]",3.31,1.056,3.14,2.75,1.005,2.73,1.43,0.959,1.49,1.34,0.887,1.51,0.908,0.883,0.475,0.553
6,True,2026-10-06T13:26:56Z,0.172185,66645.0,15.515152,29997.0,16.0,1034007.3,479952.0,False,True,True,,True,"[704, 384]",3.92,1.118,3.51,3.1,1.067,2.9,1.93,1.005,1.92,1.56,0.895,1.74,0.899,0.839,0.547,0.6
7,True,2026-10-06T13:29:57Z,0.200967,66645.0,15.515152,29997.0,16.0,1034007.3,479952.0,False,True,True,,True,"[416, 352]",6.14,1.271,4.83,2.64,1.041,2.53,2.78,1.067,2.6,1.31,0.877,1.5,0.839,0.842,0.538,0.593
8,True,2026-10-06T13:32:58Z,0.271078,66645.0,15.515152,29997.0,16.0,1034007.3,479952.0,False,True,True,,True,"[416, 352]",10.4,1.51,6.89,4.28,1.266,3.38,4.82,1.204,4.01,2.18,0.994,2.19,0.797,0.785,0.582,0.648
9,True,2026-10-06T13:35:58Z,0.370644,66645.0,15.515152,29997.0,16.0,1034007.3,479952.0,False,True,True,,True,"[416, 352]",18.08,2.018,8.96,7.39,1.529,4.83,8.57,1.463,5.86,3.62,1.145,3.16,0.725,0.749,0.654,0.654
10,True,2026-10-06T13:38:58Z,0.61217,66645.0,15.515152,29997.0,16.0,1034007.3,479952.0,False,True,True,,True,"[544, 256]",4.81,1.166,4.12,2.41,0.943,2.56,2.23,1.013,2.2,1.35,0.889,1.52,0.869,0.943,0.534,0.594
11,True,2026-10-06T13:42:00Z,1.04485,66645.0,15.515152,29997.0,16.0,1034007.3,479952.0,False,True,True,,True,"[544, 256]",8.64,1.377,6.27,4.34,1.184,3.67,4.18,1.173,3.56,2.1,0.98,2.14,0.852,0.828,0.568,0.583
12,True,2026-10-06T13:44:59Z,1.928084,66645.0,15.515152,29997.0,16.0,1034007.3,479952.0,False,True,True,,True,"[640, 288]",8.92,1.382,6.45,5.23,1.291,4.05,4.07,1.161,3.5,2.45,0.987,2.49,0.84,0.765,0.543,0.615
13,True,2026-10-06T13:48:01Z,3.846498,66645.0,15.515152,29997.0,16.0,1034007.3,479952.0,False,True,True,,True,"[640, 320]",17.48,1.791,9.76,10.73,1.986,5.4,8.1,1.383,5.86,5.07,1.271,3.99,0.772,0.64,0.6,0.739
14,True,2026-10-06T13:51:01Z,7.768944,66645.0,15.515152,29997.0,16.0,1034007.3,479952.0,False,True,True,,True,"[640, 320]",35.29,2.557,13.8,22.5,2.723,8.26,16.69,1.774,9.41,10.72,1.99,5.39,0.694,0.731,0.682,0.653
15,True,2026-10-06T13:54:01Z,14.940889,66645.0,15.515152,29997.0,16.0,1034007.3,479952.0,False,True,True,,True,"[640, 320]",67.68,3.55,19.06,41.49,3.755,11.05,31.77,2.375,13.38,19.58,2.589,7.56,0.669,0.689,0.702,0.684
16,True,2026-10-06T13:57:00Z,24.929344,66645.0,14.84058,29997.0,16.0,989050.5,479952.0,False,True,True,,True,"[640, 352]",117.2,5.219,22.46,68.38,5.161,13.25,57.39,3.315,17.32,33.33,3.349,9.95,0.635,0.649,0.771,0.751
17,True,2026-10-06T14:00:02Z,41.736294,66645.0,8.904347,29997.0,16.0,593430.2,479952.0,False,True,True,,True,"[640, 352]",115.06,4.562,25.22,63.27,4.283,14.77,94.65,4.509,20.99,51.93,4.168,12.46,0.988,0.973,0.832,0.844
18,True,2026-10-06T14:03:02Z,65.526817,66645.0,5.688889,29997.0,12.337349,379136.0,370083.5,False,True,True,,True,"[640, 352]",113.34,4.108,27.59,59.48,3.745,15.88,113.23,5.042,22.46,59.24,4.24,13.97,1.227,1.132,0.814,0.88
19,True,2026-10-06T14:06:02Z,97.254425,64306.0,4.0,29997.0,8.46281,257224.0,253858.9,False,True,True,,True,"[640, 352]",112.57,4.003,28.12,57.18,3.504,16.32,112.71,4.333,26.02,57.34,3.85,14.89,1.082,1.099,0.925,0.912
20,True,2026-10-06T14:09:02Z,138.49472,59994.0,3.011765,29997.0,5.988304,180687.8,179631.2,False,True,True,,True,"[640, 352]",111.36,3.948,28.21,55.44,3.392,16.35,111.93,4.126,27.13,55.59,3.498,15.89,1.045,1.031,0.962,0.972
21,True,2026-10-06T14:12:03Z,189.531418,59994.0,2.197425,29997.0,4.376069,131832.3,131268.9,False,True,True,,True,"[640, 352]",110.63,4.129,26.79,54.79,3.365,16.28,111.06,3.886,28.58,55.06,3.38,16.29,0.941,1.004,1.067,1.001
22,True,2026-10-06T14:15:03Z,253.856583,49136.0,2.0,29997.0,3.240506,98272.0,97205.5,False,True,True,,True,"[640, 352]",109.67,4.172,26.29,54.8,3.537,15.49,109.34,4.051,26.99,54.76,3.535,15.49,0.971,0.999,1.027,1.0
23,True,2026-10-06T14:18:03Z,340.563538,36306.0,2.0,29997.0,2.392523,72612.0,71768.5,False,True,True,,True,"[640, 320]",104.23,4.465,23.34,52.28,3.589,14.57,103.75,4.264,24.33,52.24,3.288,15.89,0.955,0.916,1.042,1.091
24,True,2026-10-06T14:21:03Z,443.337585,29997.0,1.841727,29997.0,1.828571,55246.3,54851.6,False,True,True,,True,"[640, 320]",99.67,4.243,23.49,50.17,3.387,14.81,99.55,4.262,23.36,50.12,3.345,14.98,1.004,0.988,0.994,1.011
25,True,2026-10-06T14:24:03Z,565.259338,29997.0,1.436185,29997.0,1.422222,43081.2,42662.4,False,True,True,,True,"[640, 320]",95.49,4.617,20.68,47.95,3.52,13.62,95.03,4.468,21.27,47.86,3.343,14.32,0.968,0.95,1.029,1.051
26,True,2026-10-06T14:27:05Z,700.527527,29997.0,1.144134,29997.0,1.135255,34320.6,34054.2,True,True,True,True,True,"[640, 320]",91.11,4.425,20.59,45.46,3.306,13.75,90.86,4.294,21.16,45.35,3.147,14.41,0.97,0.952,1.028,1.048
27,True,2026-10-06T14:30:05Z,839.214722,25343.0,1.122807,25159.0,1.122807,28455.3,28248.7,True,True,True,True,True,"[640, 320]",88.51,4.305,20.56,43.74,3.275,13.36,88.34,4.409,20.04,43.82,3.221,13.61,1.024,0.984,0.975,1.019
28,True,2026-10-06T14:33:05Z,981.349792,21452.0,1.122807,21374.0,1.122807,24086.5,23998.9,True,True,True,True,True,"[640, 320]",86.15,4.427,19.46,42.43,3.25,13.05,86.14,4.254,20.25,42.39,3.133,13.53,0.961,0.964,1.041,1.037
29,True,2026-10-06T14:36:05Z,1122.249146,18560.0,1.122807,18455.0,1.122807,20839.3,20721.4,True,True,True,True,True,"[640, 320]",84.97,4.129,20.58,41.81,3.093,13.52,84.96,4.397,19.32,41.89,3.272,12.8,1.065,1.058,0.939,0.947
30,True,2026-10-06T14:39:06Z,1267.453735,16194.0,1.122807,16168.0,1.122807,18182.7,18153.5,True,True,True,True,True,"[640, 320]",84.37,4.443,18.99,41.62,3.306,12.59,84.57,4.389,19.27,41.71,3.22,12.95,0.988,0.974,1.015,1.029
31,True,2026-10-06T14:42:06Z,1412.65686,14433.0,1.122807,14328.0,1.122807,16205.5,16087.6,True,True,True,True,True,"[640, 320]",84.07,4.235,19.85,41.46,3.099,13.38,83.91,4.556,18.42,41.5,3.498,11.86,1.076,1.129,0.928,0.886
32,True,2026-10-06T14:45:06Z,1559.525757,12934.0,1.122807,12855.0,1.122807,14522.4,14433.7,True,True,True,True,True,"[640, 320]",83.09,4.467,18.6,40.88,3.294,12.41,83.01,4.578,18.13,41.05,3.497,11.74,1.025,1.062,0.975,0.946
33,True,2026-10-06T14:48:06Z,1698.942627,11778.0,1.122807,11725.0,1.122807,13224.4,13164.9,True,True,True,True,True,"[608, 384]",91.01,4.265,21.34,44.85,2.861,15.67,91.05,5.208,17.48,44.88,3.417,13.13,1.221,1.194,0.819,0.838
34,True,2026-10-06T14:51:07Z,1843.815918,10726.0,1.122807,10700.0,1.122807,12043.2,12014.0,True,True,True,True,True,"[608, 384]",92.7,3.935,23.55,46.15,2.717,16.98,92.97,4.358,21.33,46.32,2.843,16.29,1.107,1.046,0.906,0.959
35,True,2026-10-06T14:54:08Z,2004.445312,9727.0,1.122807,9674.0,1.122807,10921.5,10862.0,True,True,True,True,True,"[608, 384]",95.64,3.885,24.62,48.24,2.624,18.39,95.77,4.539,21.1,48.21,2.996,16.09,1.168,1.142,0.857,0.875
36,True,2026-10-06T14:57:08Z,2166.151123,8859.0,1.122807,8807.0,1.122807,9946.9,9888.6,True,True,True,True,True,"[608, 384]",98.81,4.189,23.59,50.38,2.643,19.06,98.45,3.805,25.87,50.38,2.488,20.25,0.908,0.941,1.097,1.062
37,False,,,,,,,,,,,,,,,,,,,,,,,,,,,,,,
