scene,band_m,depth_m,shutter,iso,category,row,width,height,distance,bytes,msgs,ssimulacra2,butteraugli_3norm,jpeg_q,jpeg_bytes,jpeg_msgs,jpeg_ssimulacra2,jpeg_butteraugli_3norm,d_s2,b3_ratio,pass,sig,prod_distance
study_cool_s+0_r0,,,,,,bayer,1600,900,4.726,54396,189,64.008,2.138,80,49343,172,68.676,1.529,-4.668,1.398,False,False,4.707
study_cool_s+0_r0,,,,,,bayer,1440,810,3.186,54246,189,52.669,2.884,80,49343,172,68.676,1.529,-16.007,1.886,False,False,3.249
study_cool_s+0_r0,,,,,,bayer,1360,764,2.778,54399,189,50.368,3.124,80,49343,172,68.676,1.529,-18.308,2.043,False,False,2.984
study_cool_s+0_r0,,,,,,bayer,1280,720,2.385,54443,190,50.233,3.187,80,49343,172,68.676,1.529,-18.443,2.084,False,False,2.369
study_cool_s+0_r0,,,,,,bayer,1200,674,2.066,54376,189,49.29,3.379,80,49343,172,68.676,1.529,-19.386,2.21,False,False,2.059
study_cool_s+0_r0,,,,,,bayer,1120,630,1.716,54232,189,45.306,3.716,80,49343,172,68.676,1.529,-23.37,2.43,False,False,1.706
study_cool_s+0_r0,,,,,,bayer,1000,562,1.265,54214,189,40.512,4.54,80,49343,172,68.676,1.529,-28.164,2.969,False,False,1.256
study_cool_s+0_r0,,,,,,rgb,1600,900,2.652,54290,189,60.729,2.064,80,49343,172,68.676,1.529,-7.947,1.35,False,False,
study_cool_s+0_r0,,,,,,rgb,1440,810,1.911,54475,190,54.434,1.837,80,49343,172,68.676,1.529,-14.242,1.201,False,False,
study_cool_s+0_r0,,,,,,rgb,1360,764,1.692,54471,190,54.202,1.785,80,49343,172,68.676,1.529,-14.474,1.167,False,False,
study_cool_s+0_r0,,,,,,rgb,1280,720,1.522,54319,189,51.269,1.856,80,49343,172,68.676,1.529,-17.407,1.214,False,False,
study_cool_s+0_r0,,,,,,rgb,1200,674,1.304,54297,189,53.312,1.794,80,49343,172,68.676,1.529,-15.364,1.173,False,False,
study_cool_s+0_r0,,,,,,rgb,1120,630,1.145,53749,187,54.39,1.813,80,49343,172,68.676,1.529,-14.286,1.186,False,False,
study_cool_s+0_r0,,,,,,rgb,1000,562,0.865,54261,189,55.291,1.858,80,49343,172,68.676,1.529,-13.385,1.215,False,False,
study_cool_s+0_r0,,,,,,rgbv,1600,900,2.192,54425,189,71.146,1.414,80,49343,172,68.676,1.529,2.47,0.925,True,False,
study_cool_s+0_r0,,,,,,rgbv,1440,810,1.728,54344,189,69.254,1.319,80,49343,172,68.676,1.529,0.578,0.863,True,False,
study_cool_s+0_r0,,,,,,rgbv,1360,764,1.559,54400,189,69.739,1.343,80,49343,172,68.676,1.529,1.063,0.878,True,False,
study_cool_s+0_r0,,,,,,rgbv,1280,720,1.316,54458,190,69.413,1.395,80,49343,172,68.676,1.529,0.737,0.912,True,False,
study_cool_s+0_r0,,,,,,rgbv,1200,674,1.23,54016,188,69.148,1.385,80,49343,172,68.676,1.529,0.472,0.906,True,False,
study_cool_s+0_r0,,,,,,rgbv,1120,630,1.073,54164,189,68.301,1.429,80,49343,172,68.676,1.529,-0.375,0.935,False,False,
study_cool_s+0_r0,,,,,,rgbv,1000,562,0.865,54216,189,69.088,1.44,80,49343,172,68.676,1.529,0.412,0.942,True,False,
study_cool_s+0_r0,,,,,,rgbw,1600,900,2.204,54350,189,17.066,18.933,80,49343,172,68.676,1.529,-51.61,12.383,False,False,
study_cool_s+0_r0,,,,,,rgbw,1440,810,1.753,54007,188,16.481,18.931,80,49343,172,68.676,1.529,-52.195,12.381,False,False,
study_cool_s+0_r0,,,,,,rgbw,1360,764,1.559,54245,189,16.284,18.93,80,49343,172,68.676,1.529,-52.392,12.381,False,False,
study_cool_s+0_r0,,,,,,rgbw,1280,720,1.341,54122,188,16.053,18.928,80,49343,172,68.676,1.529,-52.623,12.379,False,False,
study_cool_s+0_r0,,,,,,rgbw,1200,674,1.242,54112,188,16.343,18.928,80,49343,172,68.676,1.529,-52.333,12.379,False,False,
study_cool_s+0_r0,,,,,,rgbw,1120,630,1.109,53962,188,15.986,18.927,80,49343,172,68.676,1.529,-52.69,12.379,False,False,
study_cool_s+0_r0,,,,,,rgbw,1000,562,0.891,54102,188,15.939,18.929,80,49343,172,68.676,1.529,-52.737,12.38,False,False,
study_cool_s+0_r0,,,,,,rgbwi,1600,900,1.704,54253,189,74.068,1.244,80,49343,172,68.676,1.529,5.392,0.814,True,True,
study_cool_s+0_r0,,,,,,rgbwi,1440,810,1.304,54338,189,71.543,1.259,80,49343,172,68.676,1.529,2.867,0.823,True,False,
study_cool_s+0_r0,,,,,,rgbwi,1360,764,1.182,54249,189,72.032,1.268,80,49343,172,68.676,1.529,3.356,0.829,True,False,
study_cool_s+0_r0,,,,,,rgbwi,1280,720,1.012,54277,189,72.183,1.27,80,49343,172,68.676,1.529,3.507,0.831,True,False,
study_cool_s+0_r0,,,,,,rgbwi,1200,674,0.94,54412,189,71.891,1.324,80,49343,172,68.676,1.529,3.215,0.866,True,False,
study_cool_s+0_r0,,,,,,rgbwi,1120,630,0.841,54261,189,70.968,1.369,80,49343,172,68.676,1.529,2.292,0.895,True,False,
study_cool_s+0_r0,,,,,,rgbwi,1000,562,0.683,54468,190,70.999,1.369,80,49343,172,68.676,1.529,2.323,0.895,True,False,
study_cool_s+0_r0,,,,,,rgbwa,1600,900,1.825,54241,189,74.049,1.249,80,49343,172,68.676,1.529,5.373,0.817,True,True,
study_cool_s+0_r0,,,,,,rgbwa,1440,810,1.401,54240,189,71.529,1.278,80,49343,172,68.676,1.529,2.853,0.836,True,False,
study_cool_s+0_r0,,,,,,rgbwa,1360,764,1.28,54322,189,72.274,1.275,80,49343,172,68.676,1.529,3.598,0.834,True,False,
study_cool_s+0_r0,,,,,,rgbwa,1280,720,1.109,54347,189,72.234,1.277,80,49343,172,68.676,1.529,3.558,0.835,True,False,
study_cool_s+0_r0,,,,,,rgbwa,1200,674,1.036,54073,188,71.968,1.331,80,49343,172,68.676,1.529,3.292,0.871,True,False,
study_cool_s+0_r0,,,,,,rgbwa,1120,630,0.915,54457,190,71.166,1.366,80,49343,172,68.676,1.529,2.49,0.893,True,False,
study_cool_s+0_r0,,,,,,rgbwa,1000,562,0.756,54464,190,71.149,1.382,80,49343,172,68.676,1.529,2.473,0.904,True,False,
study_cool_s+1_r0,,,,,,bayer,1600,900,3.986,54430,189,64.943,2.188,80,50858,177,65.942,1.803,-0.999,1.214,False,False,3.871
study_cool_s+1_r0,,,,,,bayer,1440,810,2.618,54296,189,52.24,3.025,80,50858,177,65.942,1.803,-13.702,1.678,False,False,2.591
study_cool_s+1_r0,,,,,,bayer,1360,764,2.327,54463,190,51.664,3.149,80,50858,177,65.942,1.803,-14.278,1.747,False,False,2.299
study_cool_s+1_r0,,,,,,bayer,1280,720,1.963,54243,189,49.184,3.362,80,50858,177,65.942,1.803,-16.758,1.865,False,False,1.953
study_cool_s+1_r0,,,,,,bayer,1200,674,1.716,54142,188,49.016,3.343,80,50858,177,65.942,1.803,-16.926,1.854,False,False,1.696
study_cool_s+1_r0,,,,,,bayer,1120,630,1.395,54205,189,45.055,3.799,80,50858,177,65.942,1.803,-20.887,2.107,False,False,1.401
study_cool_s+1_r0,,,,,,bayer,1000,562,1.003,54276,189,37.079,4.41,80,50858,177,65.942,1.803,-28.863,2.446,False,False,1.031
study_cool_s+1_r0,,,,,,rgb,1600,900,2.24,54168,189,49.03,3.272,80,50858,177,65.942,1.803,-16.912,1.815,False,False,
study_cool_s+1_r0,,,,,,rgb,1440,810,1.619,54459,190,43.996,2.92,80,50858,177,65.942,1.803,-21.946,1.62,False,False,
study_cool_s+1_r0,,,,,,rgb,1360,764,1.425,54121,188,45.512,2.858,80,50858,177,65.942,1.803,-20.43,1.585,False,False,
study_cool_s+1_r0,,,,,,rgb,1280,720,1.254,54182,189,45.023,2.833,80,50858,177,65.942,1.803,-20.919,1.571,False,False,
study_cool_s+1_r0,,,,,,rgb,1200,674,1.097,54221,189,45.75,2.914,80,50858,177,65.942,1.803,-20.192,1.616,False,False,
study_cool_s+1_r0,,,,,,rgb,1120,630,0.927,54171,189,45.389,3.165,80,50858,177,65.942,1.803,-20.553,1.755,False,False,
study_cool_s+1_r0,,,,,,rgb,1000,562,0.696,54289,189,47.911,2.814,80,50858,177,65.942,1.803,-18.031,1.561,False,False,
study_cool_s+1_r0,,,,,,rgbv,1600,900,2.045,54275,189,64.033,2.038,80,50858,177,65.942,1.803,-1.909,1.13,False,False,
study_cool_s+1_r0,,,,,,rgbv,1440,810,1.522,54370,189,62.707,1.963,80,50858,177,65.942,1.803,-3.235,1.089,False,False,
study_cool_s+1_r0,,,,,,rgbv,1360,764,1.377,54298,189,63.018,1.91,80,50858,177,65.942,1.803,-2.924,1.059,False,False,
study_cool_s+1_r0,,,,,,rgbv,1280,720,1.182,54436,190,62.659,1.978,80,50858,177,65.942,1.803,-3.283,1.097,False,False,
study_cool_s+1_r0,,,,,,rgbv,1200,674,1.109,54101,188,62.701,1.977,80,50858,177,65.942,1.803,-3.241,1.097,False,False,
study_cool_s+1_r0,,,,,,rgbv,1120,630,0.976,54000,188,60.836,2.033,80,50858,177,65.942,1.803,-5.106,1.128,False,False,
study_cool_s+1_r0,,,,,,rgbv,1000,562,0.792,54233,189,62.842,2.01,80,50858,177,65.942,1.803,-3.1,1.115,False,False,
study_cool_s+1_r0,,,,,,rgbw,1600,900,1.813,54382,189,-72.711,128.316,80,50858,177,65.942,1.803,-138.653,71.168,False,False,
study_cool_s+1_r0,,,,,,rgbw,1440,810,1.341,54199,189,-73.079,128.314,80,50858,177,65.942,1.803,-139.021,71.167,False,False,
study_cool_s+1_r0,,,,,,rgbw,1360,764,1.23,54317,189,-73.089,128.315,80,50858,177,65.942,1.803,-139.031,71.167,False,False,
study_cool_s+1_r0,,,,,,rgbw,1280,720,1.06,54230,189,-73.159,128.316,80,50858,177,65.942,1.803,-139.101,71.168,False,False,
study_cool_s+1_r0,,,,,,rgbw,1200,674,1.0,54403,189,-73.16,128.315,80,50858,177,65.942,1.803,-139.102,71.167,False,False,
study_cool_s+1_r0,,,,,,rgbw,1120,630,0.891,54250,189,-73.297,128.314,80,50858,177,65.942,1.803,-139.239,71.167,False,False,
study_cool_s+1_r0,,,,,,rgbw,1000,562,0.744,53907,188,-73.347,128.315,80,50858,177,65.942,1.803,-139.289,71.167,False,False,
study_cool_s+1_r0,,,,,,rgbwi,1600,900,1.765,54397,189,64.601,2.153,80,50858,177,65.942,1.803,-1.341,1.194,False,False,
study_cool_s+1_r0,,,,,,rgbwi,1440,810,1.316,54388,189,63.291,1.954,80,50858,177,65.942,1.803,-2.651,1.084,False,False,
study_cool_s+1_r0,,,,,,rgbwi,1360,764,1.206,54425,189,63.597,1.998,80,50858,177,65.942,1.803,-2.345,1.108,False,False,
study_cool_s+1_r0,,,,,,rgbwi,1280,720,1.024,54398,189,63.81,1.969,80,50858,177,65.942,1.803,-2.132,1.092,False,False,
study_cool_s+1_r0,,,,,,rgbwi,1200,674,0.976,54283,189,63.069,2.07,80,50858,177,65.942,1.803,-2.873,1.148,False,False,
study_cool_s+1_r0,,,,,,rgbwi,1120,630,0.878,53921,188,60.902,2.09,80,50858,177,65.942,1.803,-5.04,1.159,False,False,
study_cool_s+1_r0,,,,,,rgbwi,1000,562,0.708,54065,188,62.127,2.128,80,50858,177,65.942,1.803,-3.815,1.18,False,False,
study_cool_s+1_r0,,,,,,rgbwa,1600,900,1.765,54397,189,64.601,2.153,80,50858,177,65.942,1.803,-1.341,1.194,False,False,
study_cool_s+1_r0,,,,,,rgbwa,1440,810,1.316,54388,189,63.291,1.954,80,50858,177,65.942,1.803,-2.651,1.084,False,False,
study_cool_s+1_r0,,,,,,rgbwa,1360,764,1.206,54425,189,63.597,1.998,80,50858,177,65.942,1.803,-2.345,1.108,False,False,
study_cool_s+1_r0,,,,,,rgbwa,1280,720,1.024,54398,189,63.81,1.969,80,50858,177,65.942,1.803,-2.132,1.092,False,False,
study_cool_s+1_r0,,,,,,rgbwa,1200,674,0.976,54283,189,63.069,2.07,80,50858,177,65.942,1.803,-2.873,1.148,False,False,
study_cool_s+1_r0,,,,,,rgbwa,1120,630,0.878,53921,188,60.902,2.09,80,50858,177,65.942,1.803,-5.04,1.159,False,False,
study_cool_s+1_r0,,,,,,rgbwa,1000,562,0.708,54065,188,62.127,2.128,80,50858,177,65.942,1.803,-3.815,1.18,False,False,
study_cool_s-1_r0,,,,,,bayer,1600,900,3.913,53858,188,65.413,1.967,80,46359,161,71.419,1.369,-6.006,1.437,False,False,3.812
study_cool_s-1_r0,,,,,,bayer,1440,810,2.618,54124,188,57.593,2.434,80,46359,161,71.419,1.369,-13.826,1.778,False,False,2.607
study_cool_s-1_r0,,,,,,bayer,1360,764,2.327,54367,189,57.026,2.506,80,46359,161,71.419,1.369,-14.393,1.831,False,False,2.33
study_cool_s-1_r0,,,,,,bayer,1280,720,2.007,54439,190,57.368,2.594,80,46359,161,71.419,1.369,-14.051,1.895,False,False,1.997
study_cool_s-1_r0,,,,,,bayer,1200,674,1.746,54391,189,57.083,2.752,80,46359,161,71.419,1.369,-14.336,2.01,False,False,1.737
study_cool_s-1_r0,,,,,,bayer,1120,630,1.44,54406,189,54.009,3.069,80,46359,161,71.419,1.369,-17.41,2.242,False,False,1.435
study_cool_s-1_r0,,,,,,bayer,1000,562,1.061,54202,189,49.705,3.629,80,46359,161,71.419,1.369,-21.714,2.651,False,False,1.07
study_cool_s-1_r0,,,,,,rgb,1600,900,2.386,54391,189,60.741,1.413,80,46359,161,71.419,1.369,-10.678,1.032,False,False,
study_cool_s-1_r0,,,,,,rgb,1440,810,1.74,54300,189,55.788,1.45,80,46359,161,71.419,1.369,-15.631,1.059,False,False,
study_cool_s-1_r0,,,,,,rgb,1360,764,1.559,54255,189,55.165,1.422,80,46359,161,71.419,1.369,-16.254,1.039,False,False,
study_cool_s-1_r0,,,,,,rgb,1280,720,1.389,54085,188,56.234,1.453,80,46359,161,71.419,1.369,-15.185,1.061,False,False,
study_cool_s-1_r0,,,,,,rgb,1200,674,1.23,54135,188,57.102,1.394,80,46359,161,71.419,1.369,-14.317,1.018,False,False,
study_cool_s-1_r0,,,,,,rgb,1120,630,1.048,54264,189,56.298,1.415,80,46359,161,71.419,1.369,-15.121,1.034,False,False,
study_cool_s-1_r0,,,,,,rgb,1000,562,0.817,54375,189,56.742,1.44,80,46359,161,71.419,1.369,-14.677,1.052,False,False,
study_cool_s-1_r0,,,,,,rgbv,1600,900,2.045,54090,188,72.428,1.063,80,46359,161,71.419,1.369,1.009,0.776,True,False,
study_cool_s-1_r0,,,,,,rgbv,1440,810,1.607,54473,190,72.186,1.114,80,46359,161,71.419,1.369,0.767,0.814,True,False,
study_cool_s-1_r0,,,,,,rgbv,1360,764,1.45,54274,189,71.956,1.101,80,46359,161,71.419,1.369,0.537,0.804,True,False,
study_cool_s-1_r0,,,,,,rgbv,1280,720,1.267,54381,189,72.541,1.089,80,46359,161,71.419,1.369,1.122,0.795,True,False,
study_cool_s-1_r0,,,,,,rgbv,1200,674,1.17,54465,190,72.301,1.11,80,46359,161,71.419,1.369,0.882,0.811,True,False,
study_cool_s-1_r0,,,,,,rgbv,1120,630,1.048,54048,188,71.835,1.185,80,46359,161,71.419,1.369,0.416,0.866,True,False,
study_cool_s-1_r0,,,,,,rgbv,1000,562,0.853,54030,188,72.151,1.165,80,46359,161,71.419,1.369,0.732,0.851,True,False,
study_cool_s-1_r0,,,,,,rgbw,1600,900,2.082,54397,189,76.444,1.2,80,46359,161,71.419,1.369,5.025,0.877,True,True,
study_cool_s-1_r0,,,,,,rgbw,1440,810,1.656,54339,189,74.763,1.146,80,46359,161,71.419,1.369,3.344,0.837,True,False,
study_cool_s-1_r0,,,,,,rgbw,1360,764,1.486,54262,189,75.283,1.091,80,46359,161,71.419,1.369,3.864,0.797,True,False,
study_cool_s-1_r0,,,,,,rgbw,1280,720,1.304,54382,189,75.672,1.107,80,46359,161,71.419,1.369,4.253,0.809,True,False,
study_cool_s-1_r0,,,,,,rgbw,1200,674,1.206,54189,189,75.551,1.18,80,46359,161,71.419,1.369,4.132,0.862,True,False,
study_cool_s-1_r0,,,,,,rgbw,1120,630,1.073,53910,188,74.372,1.294,80,46359,161,71.419,1.369,2.953,0.945,True,False,
study_cool_s-1_r0,,,,,,rgbw,1000,562,0.878,53721,187,75.052,1.199,80,46359,161,71.419,1.369,3.633,0.876,True,False,
study_cool_s-1_r0,,,,,,rgbwi,1600,900,1.474,54350,189,75.633,1.037,80,46359,161,71.419,1.369,4.214,0.757,True,False,
study_cool_s-1_r0,,,,,,rgbwi,1440,810,1.157,54427,189,74.859,1.066,80,46359,161,71.419,1.369,3.44,0.779,True,False,
study_cool_s-1_r0,,,,,,rgbwi,1360,764,1.036,54337,189,74.999,1.07,80,46359,161,71.419,1.369,3.58,0.782,True,False,
study_cool_s-1_r0,,,,,,rgbwi,1280,720,0.915,54451,190,75.153,1.062,80,46359,161,71.419,1.369,3.734,0.776,True,False,
study_cool_s-1_r0,,,,,,rgbwi,1200,674,0.853,53830,187,75.158,1.087,80,46359,161,71.419,1.369,3.739,0.794,True,False,
study_cool_s-1_r0,,,,,,rgbwi,1120,630,0.756,54208,189,74.17,1.115,80,46359,161,71.419,1.369,2.751,0.814,True,False,
study_cool_s-1_r0,,,,,,rgbwi,1000,562,0.623,54218,189,74.702,1.135,80,46359,161,71.419,1.369,3.283,0.829,True,False,
study_cool_s-1_r0,,,,,,rgbwa,1600,900,1.68,54146,189,76.05,1.033,80,46359,161,71.419,1.369,4.631,0.755,True,False,
study_cool_s-1_r0,,,,,,rgbwa,1440,810,1.341,54443,190,74.806,1.062,80,46359,161,71.419,1.369,3.387,0.776,True,False,
study_cool_s-1_r0,,,,,,rgbwa,1360,764,1.206,54340,189,75.364,1.056,80,46359,161,71.419,1.369,3.945,0.771,True,False,
study_cool_s-1_r0,,,,,,rgbwa,1280,720,1.06,53980,188,75.365,1.064,80,46359,161,71.419,1.369,3.946,0.777,True,False,
study_cool_s-1_r0,,,,,,rgbwa,1200,674,1.024,54219,189,75.268,1.082,80,46359,161,71.419,1.369,3.849,0.79,True,False,
study_cool_s-1_r0,,,,,,rgbwa,1120,630,0.903,54289,189,74.65,1.142,80,46359,161,71.419,1.369,3.231,0.834,True,False,
study_cool_s-1_r0,,,,,,rgbwa,1000,562,0.78,54349,189,74.996,1.138,80,46359,161,71.419,1.369,3.577,0.831,True,False,
study_warm_s+0_r0,,,,,,bayer,1600,900,4.654,54468,190,62.094,2.252,80,50229,175,68.859,1.513,-6.765,1.488,False,False,4.638
study_warm_s+0_r0,,,,,,bayer,1440,810,3.127,54473,190,50.687,2.823,80,50229,175,68.859,1.513,-18.172,1.866,False,False,3.219
study_warm_s+0_r0,,,,,,bayer,1360,764,2.735,54422,189,48.86,3.042,80,50229,175,68.859,1.513,-19.999,2.011,False,False,2.921
study_warm_s+0_r0,,,,,,bayer,1280,720,2.37,54225,189,47.808,3.286,80,50229,175,68.859,1.513,-21.051,2.172,False,False,2.338
study_warm_s+0_r0,,,,,,bayer,1200,674,2.037,54232,189,47.264,3.424,80,50229,175,68.859,1.513,-21.595,2.263,False,False,2.033
study_warm_s+0_r0,,,,,,bayer,1120,630,1.688,54389,189,44.022,3.649,80,50229,175,68.859,1.513,-24.837,2.412,False,False,1.681
study_warm_s+0_r0,,,,,,bayer,1000,562,1.221,54260,189,40.156,4.454,80,50229,175,68.859,1.513,-28.703,2.944,False,False,1.231
study_warm_s+0_r0,,,,,,rgb,1600,900,2.689,54250,189,46.179,2.981,80,50229,175,68.859,1.513,-22.68,1.97,False,False,
study_warm_s+0_r0,,,,,,rgb,1440,810,1.96,53675,187,39.59,2.71,80,50229,175,68.859,1.513,-29.269,1.791,False,False,
study_warm_s+0_r0,,,,,,rgb,1360,764,1.753,54154,189,39.494,2.663,80,50229,175,68.859,1.513,-29.365,1.76,False,False,
study_warm_s+0_r0,,,,,,rgb,1280,720,1.559,54105,188,37.957,2.672,80,50229,175,68.859,1.513,-30.902,1.766,False,False,
study_warm_s+0_r0,,,,,,rgb,1200,674,1.353,54196,189,38.265,2.604,80,50229,175,68.859,1.513,-30.594,1.721,False,False,
study_warm_s+0_r0,,,,,,rgb,1120,630,1.17,54122,188,38.255,2.717,80,50229,175,68.859,1.513,-30.604,1.796,False,False,
study_warm_s+0_r0,,,,,,rgb,1000,562,0.891,54319,189,39.092,2.802,80,50229,175,68.859,1.513,-29.767,1.852,False,False,
study_warm_s+0_r0,,,,,,rgbv,1600,900,2.192,54383,189,67.3,1.274,80,50229,175,68.859,1.513,-1.559,0.842,False,False,
study_warm_s+0_r0,,,,,,rgbv,1440,810,1.728,54054,188,64.809,1.39,80,50229,175,68.859,1.513,-4.05,0.919,False,False,
study_warm_s+0_r0,,,,,,rgbv,1360,764,1.559,54129,188,65.923,1.428,80,50229,175,68.859,1.513,-2.936,0.944,False,False,
study_warm_s+0_r0,,,,,,rgbv,1280,720,1.304,54186,189,65.756,1.455,80,50229,175,68.859,1.513,-3.103,0.962,False,False,
study_warm_s+0_r0,,,,,,rgbv,1200,674,1.218,54078,188,65.751,1.499,80,50229,175,68.859,1.513,-3.108,0.991,False,False,
study_warm_s+0_r0,,,,,,rgbv,1120,630,1.048,54473,190,65.321,1.523,80,50229,175,68.859,1.513,-3.538,1.007,False,False,
study_warm_s+0_r0,,,,,,rgbv,1000,562,0.853,54325,189,65.527,1.528,80,50229,175,68.859,1.513,-3.332,1.01,False,False,
study_warm_s+0_r0,,,,,,rgbw,1600,900,2.143,54264,189,14.636,19.098,80,50229,175,68.859,1.513,-54.223,12.623,False,False,
study_warm_s+0_r0,,,,,,rgbw,1440,810,1.668,54448,190,13.869,19.097,80,50229,175,68.859,1.513,-54.99,12.622,False,False,
study_warm_s+0_r0,,,,,,rgbw,1360,764,1.51,54278,189,13.66,19.096,80,50229,175,68.859,1.513,-55.199,12.621,False,False,
study_warm_s+0_r0,,,,,,rgbw,1280,720,1.267,54469,190,13.938,19.097,80,50229,175,68.859,1.513,-54.921,12.622,False,False,
study_warm_s+0_r0,,,,,,rgbw,1200,674,1.194,54320,189,13.687,19.097,80,50229,175,68.859,1.513,-55.172,12.622,False,False,
study_warm_s+0_r0,,,,,,rgbw,1120,630,1.048,54199,189,13.325,19.095,80,50229,175,68.859,1.513,-55.534,12.621,False,False,
study_warm_s+0_r0,,,,,,rgbw,1000,562,0.865,54072,188,13.2,19.1,80,50229,175,68.859,1.513,-55.659,12.624,False,False,
study_warm_s+0_r0,,,,,,rgbwi,1600,900,1.438,54465,190,72.559,1.221,80,50229,175,68.859,1.513,3.7,0.807,True,False,
study_warm_s+0_r0,,,,,,rgbwi,1440,810,1.121,54143,188,70.544,1.247,80,50229,175,68.859,1.513,1.685,0.824,True,False,
study_warm_s+0_r0,,,,,,rgbwi,1360,764,1.012,53896,188,71.065,1.253,80,50229,175,68.859,1.513,2.206,0.828,True,False,
study_warm_s+0_r0,,,,,,rgbwi,1280,720,0.878,53810,187,70.928,1.263,80,50229,175,68.859,1.513,2.069,0.835,True,False,
study_warm_s+0_r0,,,,,,rgbwi,1200,674,0.817,53829,187,71.022,1.297,80,50229,175,68.859,1.513,2.163,0.857,True,False,
study_warm_s+0_r0,,,,,,rgbwi,1120,630,0.72,54299,189,69.902,1.358,80,50229,175,68.859,1.513,1.043,0.898,True,False,
study_warm_s+0_r0,,,,,,rgbwi,1000,562,0.599,54058,188,69.844,1.38,80,50229,175,68.859,1.513,0.985,0.912,True,False,
study_warm_s+0_r0,,,,,,rgbwa,1600,900,1.948,54313,189,73.177,1.227,80,50229,175,68.859,1.513,4.318,0.811,True,False,
study_warm_s+0_r0,,,,,,rgbwa,1440,810,1.51,54171,189,70.824,1.25,80,50229,175,68.859,1.513,1.965,0.826,True,False,
study_warm_s+0_r0,,,,,,rgbwa,1360,764,1.365,54146,189,71.386,1.25,80,50229,175,68.859,1.513,2.527,0.826,True,False,
study_warm_s+0_r0,,,,,,rgbwa,1280,720,1.17,54193,189,71.2,1.263,80,50229,175,68.859,1.513,2.341,0.835,True,False,
study_warm_s+0_r0,,,,,,rgbwa,1200,674,1.085,54286,189,70.894,1.283,80,50229,175,68.859,1.513,2.035,0.848,True,False,
study_warm_s+0_r0,,,,,,rgbwa,1120,630,0.964,54047,188,70.195,1.322,80,50229,175,68.859,1.513,1.336,0.874,True,False,
study_warm_s+0_r0,,,,,,rgbwa,1000,562,0.792,54101,188,70.036,1.375,80,50229,175,68.859,1.513,1.177,0.909,True,False,
study_warm_s+1_r0,,,,,,bayer,1600,900,3.825,54451,190,61.599,2.471,70,47582,166,60.455,2.157,1.144,1.146,False,False,3.757
study_warm_s+1_r0,,,,,,bayer,1440,810,2.53,54279,189,50.485,3.04,70,47582,166,60.455,2.157,-9.97,1.409,False,False,2.512
study_warm_s+1_r0,,,,,,bayer,1360,764,2.24,54317,189,50.238,3.067,70,47582,166,60.455,2.157,-10.217,1.422,False,False,2.246
study_warm_s+1_r0,,,,,,bayer,1280,720,1.89,54429,189,48.002,3.229,70,47582,166,60.455,2.157,-12.453,1.497,False,False,1.879
study_warm_s+1_r0,,,,,,bayer,1200,674,1.629,54174,189,47.951,3.265,70,47582,166,60.455,2.157,-12.504,1.514,False,False,1.624
study_warm_s+1_r0,,,,,,bayer,1120,630,1.323,54333,189,44.805,3.673,70,47582,166,60.455,2.157,-15.65,1.703,False,False,1.333
study_warm_s+1_r0,,,,,,bayer,1000,562,0.96,54313,189,37.811,4.223,70,47582,166,60.455,2.157,-22.644,1.958,False,False,0.97
study_warm_s+1_r0,,,,,,rgb,1600,900,2.094,54349,189,31.254,4.256,70,47582,166,60.455,2.157,-29.201,1.973,False,False,
study_warm_s+1_r0,,,,,,rgb,1440,810,1.51,54257,189,29.167,4.039,70,47582,166,60.455,2.157,-31.288,1.873,False,False,
study_warm_s+1_r0,,,,,,rgb,1360,764,1.304,54384,189,29.387,3.921,70,47582,166,60.455,2.157,-31.068,1.818,False,False,
study_warm_s+1_r0,,,,,,rgb,1280,720,1.157,54243,189,30.658,3.816,70,47582,166,60.455,2.157,-29.797,1.769,False,False,
study_warm_s+1_r0,,,,,,rgb,1200,674,1.0,54239,189,32.713,3.743,70,47582,166,60.455,2.157,-27.742,1.735,False,False,
study_warm_s+1_r0,,,,,,rgb,1120,630,0.853,54266,189,32.614,3.868,70,47582,166,60.455,2.157,-27.841,1.793,False,False,
study_warm_s+1_r0,,,,,,rgb,1000,562,0.659,53439,186,31.584,3.769,70,47582,166,60.455,2.157,-28.871,1.747,False,False,
study_warm_s+1_r0,,,,,,rgbv,1600,900,1.96,54457,190,55.08,2.636,70,47582,166,60.455,2.157,-5.375,1.222,False,False,
study_warm_s+1_r0,,,,,,rgbv,1440,810,1.438,54431,189,54.508,2.378,70,47582,166,60.455,2.157,-5.947,1.102,False,False,
study_warm_s+1_r0,,,,,,rgbv,1360,764,1.329,54193,189,54.05,2.416,70,47582,166,60.455,2.157,-6.405,1.12,False,False,
study_warm_s+1_r0,,,,,,rgbv,1280,720,1.133,53850,187,54.409,2.513,70,47582,166,60.455,2.157,-6.046,1.165,False,False,
study_warm_s+1_r0,,,,,,rgbv,1200,674,1.06,54380,189,54.13,2.825,70,47582,166,60.455,2.157,-6.325,1.31,False,False,
study_warm_s+1_r0,,,,,,rgbv,1120,630,0.927,54317,189,53.05,2.53,70,47582,166,60.455,2.157,-7.405,1.173,False,False,
study_warm_s+1_r0,,,,,,rgbv,1000,562,0.768,53727,187,54.412,2.577,70,47582,166,60.455,2.157,-6.043,1.195,False,False,
study_warm_s+1_r0,,,,,,rgbw,1600,900,1.765,54156,189,-86.537,147.521,70,47582,166,60.455,2.157,-146.992,68.392,False,False,
study_warm_s+1_r0,,,,,,rgbw,1440,810,1.304,54142,188,-87.353,147.519,70,47582,166,60.455,2.157,-147.808,68.391,False,False,
study_warm_s+1_r0,,,,,,rgbw,1360,764,1.194,54261,189,-87.368,147.52,70,47582,166,60.455,2.157,-147.823,68.391,False,False,
study_warm_s+1_r0,,,,,,rgbw,1280,720,1.036,54300,189,-87.53,147.519,70,47582,166,60.455,2.157,-147.985,68.391,False,False,
study_warm_s+1_r0,,,,,,rgbw,1200,674,0.976,54295,189,-87.468,147.519,70,47582,166,60.455,2.157,-147.923,68.391,False,False,
study_warm_s+1_r0,,,,,,rgbw,1120,630,0.878,54138,188,-87.637,147.519,70,47582,166,60.455,2.157,-148.092,68.391,False,False,
study_warm_s+1_r0,,,,,,rgbw,1000,562,0.72,53964,188,-87.926,147.519,70,47582,166,60.455,2.157,-148.381,68.391,False,False,
study_warm_s+1_r0,,,,,,rgbwi,1600,900,1.534,54434,190,61.418,2.285,70,47582,166,60.455,2.157,0.963,1.059,False,False,
study_warm_s+1_r0,,,,,,rgbwi,1440,810,1.157,54439,190,59.93,2.209,70,47582,166,60.455,2.157,-0.525,1.024,False,False,
study_warm_s+1_r0,,,,,,rgbwi,1360,764,1.048,54415,189,59.88,2.198,70,47582,166,60.455,2.157,-0.575,1.019,False,False,
study_warm_s+1_r0,,,,,,rgbwi,1280,720,0.891,54407,189,60.96,2.167,70,47582,166,60.455,2.157,0.505,1.005,False,False,
study_warm_s+1_r0,,,,,,rgbwi,1200,674,0.853,54475,190,60.471,2.315,70,47582,166,60.455,2.157,0.016,1.073,False,False,
study_warm_s+1_r0,,,,,,rgbwi,1120,630,0.756,54225,189,59.284,2.225,70,47582,166,60.455,2.157,-1.171,1.032,False,False,
study_warm_s+1_r0,,,,,,rgbwi,1000,562,0.635,53688,187,60.839,2.278,70,47582,166,60.455,2.157,0.384,1.056,False,False,
study_warm_s+1_r0,,,,,,rgbwa,1600,900,1.583,54335,189,61.221,2.327,70,47582,166,60.455,2.157,0.766,1.079,False,False,
study_warm_s+1_r0,,,,,,rgbwa,1440,810,1.206,54226,189,59.578,2.244,70,47582,166,60.455,2.157,-0.877,1.04,False,False,
study_warm_s+1_r0,,,,,,rgbwa,1360,764,1.085,54229,189,59.868,2.233,70,47582,166,60.455,2.157,-0.587,1.035,False,False,
study_warm_s+1_r0,,,,,,rgbwa,1280,720,0.927,54149,189,60.69,2.171,70,47582,166,60.455,2.157,0.235,1.006,False,False,
study_warm_s+1_r0,,,,,,rgbwa,1200,674,0.878,54181,189,60.202,2.314,70,47582,166,60.455,2.157,-0.253,1.073,False,False,
study_warm_s+1_r0,,,,,,rgbwa,1120,630,0.792,54299,189,59.333,2.218,70,47582,166,60.455,2.157,-1.122,1.028,False,False,
study_warm_s+1_r0,,,,,,rgbwa,1000,562,0.647,53970,188,60.456,2.253,70,47582,166,60.455,2.157,0.001,1.045,False,False,
study_warm_s-1_r0,,,,,,bayer,1600,900,3.854,54454,190,63.978,2.04,80,46927,163,71.316,1.373,-7.338,1.486,False,False,3.779
study_warm_s-1_r0,,,,,,bayer,1440,810,2.618,53974,188,53.425,2.497,80,46927,163,71.316,1.373,-17.891,1.819,False,False,2.576
study_warm_s-1_r0,,,,,,bayer,1360,764,2.327,54305,189,53.95,2.561,80,46927,163,71.316,1.373,-17.366,1.865,False,False,2.308
study_warm_s-1_r0,,,,,,bayer,1280,720,2.007,54351,189,54.949,2.666,80,46927,163,71.316,1.373,-16.367,1.942,False,False,2.019
study_warm_s-1_r0,,,,,,bayer,1200,674,1.731,54382,189,55.311,2.807,80,46927,163,71.316,1.373,-16.005,2.044,False,False,1.725
study_warm_s-1_r0,,,,,,bayer,1120,630,1.425,54436,190,52.049,3.108,80,46927,163,71.316,1.373,-19.267,2.264,False,False,1.441
study_warm_s-1_r0,,,,,,bayer,1000,562,1.046,54455,190,48.143,3.678,80,46927,163,71.316,1.373,-23.173,2.679,False,False,1.06
study_warm_s-1_r0,,,,,,rgb,1600,900,2.446,54075,188,44.359,2.021,80,46927,163,71.316,1.373,-26.957,1.472,False,False,
study_warm_s-1_r0,,,,,,rgb,1440,810,1.801,53991,188,37.619,2.025,80,46927,163,71.316,1.373,-33.697,1.475,False,False,
study_warm_s-1_r0,,,,,,rgb,1360,764,1.595,54371,189,39.897,1.987,80,46927,163,71.316,1.373,-31.419,1.447,False,False,
study_warm_s-1_r0,,,,,,rgb,1280,720,1.425,53912,188,39.499,1.961,80,46927,163,71.316,1.373,-31.817,1.428,False,False,
study_warm_s-1_r0,,,,,,rgb,1200,674,1.254,54419,189,40.159,1.887,80,46927,163,71.316,1.373,-31.157,1.374,False,False,
study_warm_s-1_r0,,,,,,rgb,1120,630,1.073,54428,189,38.817,1.924,80,46927,163,71.316,1.373,-32.499,1.401,False,False,
study_warm_s-1_r0,,,,,,rgb,1000,562,0.841,53658,187,39.617,1.989,80,46927,163,71.316,1.373,-31.699,1.449,False,False,
study_warm_s-1_r0,,,,,,rgbv,1600,900,2.045,54233,189,67.593,1.078,80,46927,163,71.316,1.373,-3.723,0.785,False,False,
study_warm_s-1_r0,,,,,,rgbv,1440,810,1.631,54406,189,67.555,1.13,80,46927,163,71.316,1.373,-3.761,0.823,False,False,
study_warm_s-1_r0,,,,,,rgbv,1360,764,1.462,54353,189,67.604,1.142,80,46927,163,71.316,1.373,-3.712,0.832,False,False,
study_warm_s-1_r0,,,,,,rgbv,1280,720,1.28,54282,189,68.062,1.132,80,46927,163,71.316,1.373,-3.254,0.824,False,False,
study_warm_s-1_r0,,,,,,rgbv,1200,674,1.182,54318,189,68.499,1.143,80,46927,163,71.316,1.373,-2.817,0.832,False,False,
study_warm_s-1_r0,,,,,,rgbv,1120,630,1.048,53930,188,67.847,1.185,80,46927,163,71.316,1.373,-3.469,0.863,False,False,
study_warm_s-1_r0,,,,,,rgbv,1000,562,0.853,53852,187,68.043,1.216,80,46927,163,71.316,1.373,-3.273,0.886,False,False,
study_warm_s-1_r0,,,,,,rgbw,1600,900,2.094,54367,189,75.203,1.065,80,46927,163,71.316,1.373,3.887,0.776,True,False,
study_warm_s-1_r0,,,,,,rgbw,1440,810,1.68,54348,189,73.88,1.095,80,46927,163,71.316,1.373,2.564,0.798,True,False,
study_warm_s-1_r0,,,,,,rgbw,1360,764,1.498,54223,189,73.858,1.095,80,46927,163,71.316,1.373,2.542,0.798,True,False,
study_warm_s-1_r0,,,,,,rgbw,1280,720,1.316,54391,189,74.163,1.083,80,46927,163,71.316,1.373,2.847,0.789,True,False,
study_warm_s-1_r0,,,,,,rgbw,1200,674,1.218,54121,188,73.941,1.118,80,46927,163,71.316,1.373,2.625,0.814,True,False,
study_warm_s-1_r0,,,,,,rgbw,1120,630,1.073,54187,189,72.998,1.148,80,46927,163,71.316,1.373,1.682,0.836,True,False,
study_warm_s-1_r0,,,,,,rgbw,1000,562,0.878,54374,189,73.905,1.164,80,46927,163,71.316,1.373,2.589,0.848,True,False,
study_warm_s-1_r0,,,,,,rgbwi,1600,900,1.267,54420,189,73.56,1.067,80,46927,163,71.316,1.373,2.244,0.777,True,False,
study_warm_s-1_r0,,,,,,rgbwi,1440,810,1.012,53967,188,72.538,1.1,80,46927,163,71.316,1.373,1.222,0.801,True,False,
study_warm_s-1_r0,,,,,,rgbwi,1360,764,0.903,54139,188,73.005,1.098,80,46927,163,71.316,1.373,1.689,0.8,True,False,
study_warm_s-1_r0,,,,,,rgbwi,1280,720,0.792,54411,189,73.314,1.088,80,46927,163,71.316,1.373,1.998,0.792,True,False,
study_warm_s-1_r0,,,,,,rgbwi,1200,674,0.732,53978,188,73.257,1.109,80,46927,163,71.316,1.373,1.941,0.808,True,False,
study_warm_s-1_r0,,,,,,rgbwi,1120,630,0.659,53658,187,72.44,1.141,80,46927,163,71.316,1.373,1.124,0.831,True,False,
study_warm_s-1_r0,,,,,,rgbwi,1000,562,0.537,54243,189,73.091,1.163,80,46927,163,71.316,1.373,1.775,0.847,True,False,
study_warm_s-1_r0,,,,,,rgbwa,1600,900,1.863,54208,189,74.863,1.048,80,46927,163,71.316,1.373,3.547,0.763,True,False,
study_warm_s-1_r0,,,,,,rgbwa,1440,810,1.498,54173,189,73.632,1.091,80,46927,163,71.316,1.373,2.316,0.795,True,False,
study_warm_s-1_r0,,,,,,rgbwa,1360,764,1.341,54392,189,73.943,1.097,80,46927,163,71.316,1.373,2.627,0.799,True,False,
study_warm_s-1_r0,,,,,,rgbwa,1280,720,1.182,54383,189,74.072,1.082,80,46927,163,71.316,1.373,2.756,0.788,True,False,
study_warm_s-1_r0,,,,,,rgbwa,1200,674,1.121,54094,188,74.145,1.103,80,46927,163,71.316,1.373,2.829,0.803,True,False,
study_warm_s-1_r0,,,,,,rgbwa,1120,630,0.988,54032,188,72.852,1.14,80,46927,163,71.316,1.373,1.536,0.83,True,False,
study_warm_s-1_r0,,,,,,rgbwa,1000,562,0.841,54077,188,73.744,1.162,80,46927,163,71.316,1.373,2.428,0.846,True,False,
