scene,depth_m,band,e4_eq_bytes,e5_eq_bytes,e4_eq_s2,e5_eq_s2,e4_eq_b3,e5_eq_b3,e4_enc_s,e5_enc_s,e4_prod_s2,e5_prod_s2,e4_prod_b3,e5_prod_b3,e4_prod_msgs,e5_prod_msgs,e4_prod_att,e5_prod_att,e4_search_s,e5_search_s
tg7_P9160597,4.2,2-5,49646,54428,72.283,74.274,1.242,1.073,0.064,0.385,72.333,74.221,1.242,1.08,173,190,3,3,0.343,1.265
tg7_P9150419,4.3,2-5,54444,54453,68.151,69.219,1.421,1.278,0.063,0.38,66.417,69.314,1.476,1.282,172,190,3,3,0.334,1.212
tg7_P9150415,4.6,2-5,54428,54457,61.71,66.472,1.606,1.309,0.064,0.387,61.907,66.1,1.601,1.327,191,188,2,2,0.22,0.883
tg7_P9160558,4.6,2-5,54459,54463,60.393,64.529,1.66,1.402,0.063,0.385,60.193,64.59,1.66,1.401,190,190,2,2,0.226,0.888
tg7_P9160561,4.8,2-5,54439,54472,68.299,69.255,1.312,1.182,0.063,0.383,68.44,69.511,1.307,1.163,190,194,3,2,0.339,0.784
tg7_P9160564,4.8,2-5,54400,54475,61.927,66.205,1.536,1.266,0.063,0.382,61.488,65.82,1.548,1.273,188,190,1,2,0.115,0.832
tg7_P9160509,5.1,5-8,54464,54379,67.75,72.051,1.426,1.14,0.062,0.38,68.096,72.291,1.41,1.14,191,191,2,2,0.226,0.834
tg7_P9160634,5.9,5-8,54421,54456,68.028,70.793,1.311,1.118,0.06,0.385,66.642,69.83,1.352,1.148,182,183,2,1,0.176,0.448
tg7_P9160565,6.0,5-8,54430,54472,64.608,65.466,1.664,1.659,0.063,0.377,64.775,65.769,1.638,1.726,190,194,3,2,0.347,0.834
tg7_P9150405,6.3,5-8,54423,54466,65.906,70.126,1.529,1.243,0.062,0.378,65.174,70.327,1.567,1.232,185,193,2,2,0.236,0.877
tg7_P9160496,7.8,5-8,54460,54426,61.214,66.689,1.629,1.299,0.064,0.386,61.685,66.753,1.63,1.306,193,190,2,2,0.223,0.882
tg7_P9160601,7.8,5-8,54453,54444,66.939,72.009,1.399,1.06,0.062,0.383,66.991,71.912,1.401,1.064,190,190,2,2,0.18,0.888
tg7_P9160516,9.5,8-11,54457,54475,57.942,63.778,1.87,1.516,0.061,0.39,57.648,63.757,1.887,1.5,189,192,3,2,0.234,0.877
tg7_P9150382,9.6,8-11,54469,54440,53.829,58.471,2.144,1.73,0.061,0.385,54.187,57.674,2.117,1.855,194,186,2,2,0.174,0.885
tg7_P9160544,10.2,8-11,54461,54307,36.126,40.118,2.462,2.178,0.06,0.395,36.196,40.152,2.475,2.174,189,190,3,3,0.339,1.332
tg7_P9160650,10.4,8-11,54472,54470,43.464,43.37,2.054,1.904,0.061,0.378,42.077,43.883,2.078,1.888,184,192,2,1,0.177,0.446
tg7_P9150374,10.7,8-11,54461,54457,61.165,65.503,1.912,1.558,0.061,0.382,61.533,65.191,1.897,1.572,192,189,2,2,0.23,0.889
tg7_P9160527,10.8,8-11,54470,54460,30.88,34.579,2.676,2.525,0.062,0.395,30.557,35.492,2.684,2.421,189,194,3,2,0.338,0.888
tg7_P9160481,11.1,11-14,54444,54311,58.943,64.839,1.833,1.478,0.067,0.381,58.813,65.139,1.843,1.477,189,192,3,2,0.364,0.881
tg7_P9160546,11.1,11-14,54428,54464,71.978,73.517,1.298,1.165,0.062,0.384,72.213,73.816,1.312,1.138,191,193,3,2,0.346,0.889
tg7_P9160522,11.2,11-14,54448,54418,62.948,66.632,1.924,1.603,0.064,0.387,62.98,66.907,1.861,1.592,190,191,3,2,0.346,0.888
tg7_P9150363,12.9,11-14,54451,54413,53.206,55.975,2.076,1.835,0.06,0.384,52.055,55.799,2.128,1.871,182,189,1,1,0.061,0.442
tg7_P9160640,13.4,11-14,54449,54354,69.483,69.015,1.233,1.205,0.063,0.375,69.55,69.165,1.231,1.209,191,192,3,3,0.292,1.215
tg7_P9160438,13.9,11-14,54454,54284,62.829,62.999,1.518,1.423,0.061,0.376,62.978,62.976,1.535,1.423,191,190,3,3,0.344,1.231
tg7_P9160450,14.5,14-16.6,54457,54421,74.29,78.03,1.302,1.163,0.056,0.365,74.435,78.125,1.286,1.155,191,193,3,2,0.182,0.768
tg7_P9150344,15.5,14-16.6,54432,54470,72.098,74.404,1.312,1.141,0.06,0.384,72.574,74.419,1.303,1.136,192,190,3,3,0.345,1.331
tg7_P9150348,15.5,14-16.6,54467,54463,71.637,77.59,1.488,1.067,0.055,0.367,71.123,77.664,1.497,1.053,186,191,1,2,0.06,0.756
tg7_P9150352,15.6,14-16.6,54421,54474,63.62,68.434,1.712,1.364,0.061,0.37,63.72,68.614,1.709,1.354,191,191,2,2,0.228,0.786
tg7_P9160441,16.6,14-16.6,54456,54449,66.836,71.984,1.477,1.146,0.059,0.379,66.758,71.183,1.481,1.184,190,182,1,1,0.062,0.389
tg7_P9160578,16.6,14-16.6,54472,54463,61.744,67.701,1.789,1.421,0.06,0.382,62.334,67.592,1.772,1.422,193,190,2,2,0.176,0.881
