media_id,device_id,filename,stored_captured_at_utc,derived_captured_at_utc,delta_s
52700,BMCAM_004,2026-09-21T07-28-34Z_video_5s.h264,2026-09-21T07:46:00+00:00,2026-09-21T07:28:34+00:00,1046.0
52705,BMCAM_004,2026-09-21T07-43-35Z_video_5s.h264,2026-09-21T07:48:06+00:00,2026-09-21T07:43:35+00:00,271.0
52785,BMCAM_004,2026-09-21T20-07-34Z_video_5s.h264,2026-09-21T20:08:57+00:00,2026-09-21T20:07:34+00:00,83.0
52792,BMCAM_004,2026-09-21T20-20-34Z_video_5s.h264,2026-09-21T20:23:31+00:00,2026-09-21T20:20:34+00:00,177.0
52799,BMCAM_004,2026-09-21T20-40-34Z_video_5s.h264,2026-09-21T20:43:38+00:00,2026-09-21T20:40:34+00:00,184.0
52800,BMCAM_004,2026-09-21T21-00-34Z_video_5s.h264,2026-09-21T21:03:38+00:00,2026-09-21T21:00:34+00:00,184.0
52806,BMCAM_004,2026-09-21T21-20-34Z_video_5s.h264,2026-09-21T21:23:39+00:00,2026-09-21T21:20:34+00:00,185.0
52813,BMCAM_004,2026-09-21T21-40-33Z_video_5s.h264,2026-09-21T21:43:29+00:00,2026-09-21T21:40:33+00:00,176.0
52814,BMCAM_004,2026-09-21T22-00-33Z_video_5s.h264,2026-09-21T22:03:37+00:00,2026-09-21T22:00:33+00:00,184.0
52821,BMCAM_004,2026-09-21T22-20-33Z_video_5s.h264,2026-09-21T22:23:38+00:00,2026-09-21T22:20:33+00:00,185.0
52828,BMCAM_004,2026-09-21T22-40-33Z_video_5s.h264,2026-09-21T22:43:39+00:00,2026-09-21T22:40:33+00:00,186.0
52829,BMCAM_004,2026-09-21T23-00-33Z_video_5s.h264,2026-09-21T23:03:39+00:00,2026-09-21T23:00:33+00:00,186.0
52836,BMCAM_004,2026-09-21T23-20-33Z_video_5s.h264,2026-09-21T23:23:37+00:00,2026-09-21T23:20:33+00:00,184.0
52843,BMCAM_004,2026-09-21T23-40-32Z_video_5s.h264,2026-09-21T23:43:38+00:00,2026-09-21T23:40:32+00:00,186.0
52844,BMCAM_004,2026-09-22T00-00-32Z_video_5s.h264,2026-09-22T00:03:35+00:00,2026-09-22T00:00:32+00:00,183.0
52851,BMCAM_004,2026-09-22T00-20-32Z_video_5s.h264,2026-09-22T00:23:36+00:00,2026-09-22T00:20:32+00:00,184.0
52858,BMCAM_004,2026-09-22T00-40-32Z_video_5s.h264,2026-09-22T00:43:35+00:00,2026-09-22T00:40:32+00:00,183.0
52859,BMCAM_004,2026-09-22T01-00-32Z_video_5s.h264,2026-09-22T01:03:35+00:00,2026-09-22T01:00:32+00:00,183.0
52866,BMCAM_004,2026-09-22T01-20-31Z_video_5s.h264,2026-09-22T01:23:32+00:00,2026-09-22T01:20:31+00:00,181.0
52873,BMCAM_004,2026-09-22T01-40-31Z_video_5s.h264,2026-09-22T01:43:32+00:00,2026-09-22T01:40:31+00:00,181.0
52874,BMCAM_004,2026-09-22T02-00-31Z_video_5s.h264,2026-09-22T02:03:35+00:00,2026-09-22T02:00:31+00:00,184.0
52881,BMCAM_004,2026-09-22T02-20-31Z_video_5s.h264,2026-09-22T02:23:36+00:00,2026-09-22T02:20:31+00:00,185.0
52887,BMCAM_004,2026-09-22T02-40-31Z_video_5s.h264,2026-09-22T02:43:38+00:00,2026-09-22T02:40:31+00:00,187.0
52888,BMCAM_004,2026-09-22T03-00-30Z_video_5s.h264,2026-09-22T03:03:37+00:00,2026-09-22T03:00:30+00:00,187.0
52896,BMCAM_004,2026-09-22T03-20-30Z_video_5s.h264,2026-09-22T03:23:36+00:00,2026-09-22T03:20:30+00:00,186.0
52902,BMCAM_004,2026-09-22T03-40-30Z_video_5s.h264,2026-09-22T03:43:36+00:00,2026-09-22T03:40:30+00:00,186.0
52903,BMCAM_004,2026-09-22T04-00-30Z_video_5s.h264,2026-09-22T04:03:38+00:00,2026-09-22T04:00:30+00:00,188.0
52911,BMCAM_004,2026-09-22T04-20-40Z_video_5s.h264,2026-09-22T04:23:43+00:00,2026-09-22T04:20:40+00:00,183.0
52966,BMCAM_003,2026-09-21T18-49-23Z_video_5s.h264,2026-09-21T18:52:23+00:00,2026-09-21T18:49:23+00:00,180.0
52967,BMCAM_003,2026-09-21T20-07-34Z_video_5s.h264,2026-09-21T20:08:56+00:00,2026-09-21T20:07:34+00:00,82.0
52968,BMCAM_003,2026-09-21T20-20-34Z_video_5s.h264,2026-09-21T20:23:39+00:00,2026-09-21T20:20:34+00:00,185.0
52969,BMCAM_003,2026-09-21T20-40-33Z_video_5s.h264,2026-09-21T20:43:38+00:00,2026-09-21T20:40:33+00:00,185.0
52970,BMCAM_003,2026-09-21T21-00-33Z_video_5s.h264,2026-09-21T21:03:37+00:00,2026-09-21T21:00:33+00:00,184.0
52971,BMCAM_003,2026-09-21T21-20-33Z_video_5s.h264,2026-09-21T21:23:39+00:00,2026-09-21T21:20:33+00:00,186.0
52972,BMCAM_003,2026-09-21T21-40-33Z_video_5s.h264,2026-09-21T21:43:41+00:00,2026-09-21T21:40:33+00:00,188.0
52973,BMCAM_003,2026-09-21T22-00-33Z_video_5s.h264,2026-09-21T22:03:34+00:00,2026-09-21T22:00:33+00:00,181.0
52974,BMCAM_003,2026-09-21T22-20-32Z_video_5s.h264,2026-09-21T22:23:36+00:00,2026-09-21T22:20:32+00:00,184.0
52975,BMCAM_003,2026-09-21T22-40-32Z_video_5s.h264,2026-09-21T22:43:36+00:00,2026-09-21T22:40:32+00:00,184.0
52976,BMCAM_003,2026-09-21T23-00-32Z_video_5s.h264,2026-09-21T23:03:37+00:00,2026-09-21T23:00:32+00:00,185.0
52977,BMCAM_003,2026-09-21T23-20-32Z_video_5s.h264,2026-09-21T23:23:37+00:00,2026-09-21T23:20:32+00:00,185.0
52978,BMCAM_003,2026-09-21T23-40-32Z_video_5s.h264,2026-09-21T23:43:37+00:00,2026-09-21T23:40:32+00:00,185.0
52979,BMCAM_003,2026-09-22T00-00-31Z_video_5s.h264,2026-09-22T00:03:36+00:00,2026-09-22T00:00:31+00:00,185.0
52980,BMCAM_003,2026-09-22T00-20-31Z_video_5s.h264,2026-09-22T00:23:34+00:00,2026-09-22T00:20:31+00:00,183.0
52981,BMCAM_003,2026-09-22T04-40-38Z_video_5s.h264,2026-09-22T04:43:41+00:00,2026-09-22T04:40:38+00:00,183.0
52985,BMCAM_004,2026-09-22T04-40-29Z_video_5s.h264,2026-09-22T04:43:34+00:00,2026-09-22T04:40:29+00:00,185.0
52986,BMCAM_004,2026-09-22T05-00-39Z_video_5s.h264,2026-09-22T05:03:44+00:00,2026-09-22T05:00:39+00:00,185.0
52988,BMCAM_003,2026-09-22T05-00-38Z_video_5s.h264,2026-09-22T05:03:41+00:00,2026-09-22T05:00:38+00:00,183.0
52995,BMCAM_004,2026-09-22T05-20-39Z_video_5s.h264,2026-09-22T05:23:40+00:00,2026-09-22T05:20:39+00:00,181.0
52997,BMCAM_003,2026-09-22T05-20-38Z_video_5s.h264,2026-09-22T05:23:39+00:00,2026-09-22T05:20:38+00:00,181.0
52998,BMCAM_003,2026-09-22T05-40-38Z_video_5s.h264,2026-09-22T05:43:34+00:00,2026-09-22T05:40:38+00:00,176.0
53003,BMCAM_004,2026-09-22T05-40-39Z_video_5s.h264,2026-09-22T05:43:42+00:00,2026-09-22T05:40:39+00:00,183.0
53004,BMCAM_004,2026-09-22T06-00-39Z_video_5s.h264,2026-09-22T06:03:41+00:00,2026-09-22T06:00:39+00:00,182.0
53006,BMCAM_003,2026-09-22T06-00-38Z_video_5s.h264,2026-09-22T06:03:42+00:00,2026-09-22T06:00:38+00:00,184.0
53012,BMCAM_004,2026-09-22T06-20-38Z_video_5s.h264,2026-09-22T06:23:40+00:00,2026-09-22T06:20:38+00:00,182.0
53015,BMCAM_003,2026-09-22T06-20-37Z_video_5s.h264,2026-09-22T06:23:42+00:00,2026-09-22T06:20:37+00:00,185.0
53016,BMCAM_003,2026-09-22T06-40-37Z_video_5s.h264,2026-09-22T06:43:42+00:00,2026-09-22T06:40:37+00:00,185.0
53021,BMCAM_004,2026-09-22T06-40-38Z_video_5s.h264,2026-09-22T06:43:40+00:00,2026-09-22T06:40:38+00:00,182.0
53022,BMCAM_004,2026-09-22T07-00-38Z_video_5s.h264,2026-09-22T07:03:41+00:00,2026-09-22T07:00:38+00:00,183.0
53024,BMCAM_003,2026-09-22T07-00-37Z_video_5s.h264,2026-09-22T07:03:38+00:00,2026-09-22T07:00:37+00:00,181.0
53030,BMCAM_004,2026-09-22T07-20-38Z_video_5s.h264,2026-09-22T07:23:39+00:00,2026-09-22T07:20:38+00:00,181.0
53033,BMCAM_003,2026-09-22T07-20-37Z_video_5s.h264,2026-09-22T07:23:42+00:00,2026-09-22T07:20:37+00:00,185.0
53034,BMCAM_003,2026-09-22T07-40-37Z_video_5s.h264,2026-09-22T07:43:41+00:00,2026-09-22T07:40:37+00:00,184.0
53039,BMCAM_004,2026-09-22T07-40-38Z_video_5s.h264,2026-09-22T07:43:40+00:00,2026-09-22T07:40:38+00:00,182.0
53040,BMCAM_004,2026-09-22T08-00-37Z_video_5s.h264,2026-09-22T08:03:39+00:00,2026-09-22T08:00:37+00:00,182.0
53042,BMCAM_003,2026-09-22T08-00-37Z_video_5s.h264,2026-09-22T08:03:41+00:00,2026-09-22T08:00:37+00:00,184.0
53048,BMCAM_004,2026-09-22T08-20-37Z_video_5s.h264,2026-09-22T08:23:38+00:00,2026-09-22T08:20:37+00:00,181.0
53051,BMCAM_003,2026-09-22T08-20-36Z_video_5s.h264,2026-09-22T08:23:32+00:00,2026-09-22T08:20:36+00:00,176.0
53052,BMCAM_003,2026-09-22T08-40-32Z_video_5s.h264,2026-09-22T08:43:36+00:00,2026-09-22T08:40:32+00:00,184.0
53057,BMCAM_004,2026-09-22T08-40-37Z_video_5s.h264,2026-09-22T08:43:39+00:00,2026-09-22T08:40:37+00:00,182.0
53058,BMCAM_004,2026-09-22T09-00-37Z_video_5s.h264,2026-09-22T09:03:31+00:00,2026-09-22T09:00:37+00:00,174.0
53060,BMCAM_003,2026-09-22T09-00-32Z_video_5s.h264,2026-09-22T09:03:41+00:00,2026-09-22T09:00:32+00:00,189.0
53066,BMCAM_004,2026-09-22T09-20-37Z_video_5s.h264,2026-09-22T09:23:41+00:00,2026-09-22T09:20:37+00:00,184.0
53069,BMCAM_003,2026-09-22T09-20-32Z_video_5s.h264,2026-09-22T09:23:36+00:00,2026-09-22T09:20:32+00:00,184.0
53070,BMCAM_003,2026-09-22T09-40-32Z_video_5s.h264,2026-09-22T09:43:34+00:00,2026-09-22T09:40:32+00:00,182.0
53075,BMCAM_004,2026-09-22T09-40-36Z_video_5s.h264,2026-09-22T09:43:39+00:00,2026-09-22T09:40:36+00:00,183.0
53076,BMCAM_004,2026-09-22T10-00-36Z_video_5s.h264,2026-09-22T10:03:28+00:00,2026-09-22T10:00:36+00:00,172.0
53078,BMCAM_003,2026-09-22T10-00-31Z_video_5s.h264,2026-09-22T10:03:37+00:00,2026-09-22T10:00:31+00:00,186.0
53081,BMCAM_004,2026-09-22T10-20-36Z_video_5s.h264,2026-09-22T10:23:40+00:00,2026-09-22T10:20:36+00:00,184.0
53082,BMCAM_003,2026-09-22T10-20-31Z_video_5s.h264,2026-09-22T10:23:38+00:00,2026-09-22T10:20:31+00:00,187.0
53083,BMCAM_003,2026-09-22T10-40-31Z_video_5s.h264,2026-09-22T10:43:37+00:00,2026-09-22T10:40:31+00:00,186.0
53084,BMCAM_004,2026-09-22T10-40-36Z_video_5s.h264,2026-09-22T10:43:40+00:00,2026-09-22T10:40:36+00:00,184.0
53085,BMCAM_004,2026-09-22T11-00-36Z_video_5s.h264,2026-09-22T11:03:38+00:00,2026-09-22T11:00:36+00:00,182.0
53086,BMCAM_003,2026-09-22T11-00-31Z_video_5s.h264,2026-09-22T11:03:36+00:00,2026-09-22T11:00:31+00:00,185.0
53087,BMCAM_004,2026-09-22T11-20-35Z_video_5s.h264,2026-09-22T11:23:38+00:00,2026-09-22T11:20:35+00:00,183.0
53088,BMCAM_003,2026-09-22T11-20-31Z_video_5s.h264,2026-09-22T11:23:36+00:00,2026-09-22T11:20:31+00:00,185.0
53089,BMCAM_003,2026-09-22T11-40-30Z_video_5s.h264,2026-09-22T11:43:36+00:00,2026-09-22T11:40:30+00:00,186.0
53090,BMCAM_004,2026-09-22T11-40-35Z_video_5s.h264,2026-09-22T11:43:39+00:00,2026-09-22T11:40:35+00:00,184.0
53091,BMCAM_004,2026-09-22T12-00-35Z_video_5s.h264,2026-09-22T12:03:39+00:00,2026-09-22T12:00:35+00:00,184.0
53092,BMCAM_003,2026-09-22T12-00-30Z_video_5s.h264,2026-09-22T12:03:35+00:00,2026-09-22T12:00:30+00:00,185.0
53093,BMCAM_004,2026-09-22T12-20-35Z_video_5s.h264,2026-09-22T12:23:38+00:00,2026-09-22T12:20:35+00:00,183.0
53094,BMCAM_003,2026-09-22T12-20-30Z_video_5s.h264,2026-09-22T12:23:35+00:00,2026-09-22T12:20:30+00:00,185.0
53095,BMCAM_003,2026-09-22T12-40-30Z_video_5s.h264,2026-09-22T12:43:35+00:00,2026-09-22T12:40:30+00:00,185.0
53096,BMCAM_004,2026-09-22T12-40-35Z_video_5s.h264,2026-09-22T12:43:37+00:00,2026-09-22T12:40:35+00:00,182.0
53097,BMCAM_004,2026-09-22T13-00-35Z_video_5s.h264,2026-09-22T13:03:41+00:00,2026-09-22T13:00:35+00:00,186.0
53098,BMCAM_003,2026-09-22T13-00-30Z_video_5s.h264,2026-09-22T13:03:37+00:00,2026-09-22T13:00:30+00:00,187.0
53099,BMCAM_003,2026-09-22T13-20-39Z_video_5s.h264,2026-09-22T13:23:41+00:00,2026-09-22T13:20:39+00:00,182.0
53100,BMCAM_003,2026-09-22T13-28-09Z_video_5s.h264,2026-09-22T13:29:30+00:00,2026-09-22T13:28:09+00:00,81.0
53101,BMCAM_004,2026-09-22T13-20-34Z_video_5s.h264,2026-09-22T13:23:39+00:00,2026-09-22T13:20:34+00:00,185.0
53106,BMCAM_003,2026-09-22T13-40-39Z_video_5s.h264,2026-09-22T13:43:42+00:00,2026-09-22T13:40:39+00:00,183.0
53107,BMCAM_003,2026-09-22T14-00-39Z_video_5s.h264,2026-09-22T14:03:29+00:00,2026-09-22T14:00:39+00:00,170.0
53109,BMCAM_004,2026-09-22T13-40-34Z_video_5s.h264,2026-09-22T13:43:30+00:00,2026-09-22T13:40:34+00:00,176.0
53110,BMCAM_004,2026-09-22T14-00-34Z_video_5s.h264,2026-09-22T14:03:31+00:00,2026-09-22T14:00:34+00:00,177.0
53113,BMCAM_004,2026-09-22T14-20-34Z_video_5s.h264,2026-09-22T14:23:39+00:00,2026-09-22T14:20:34+00:00,185.0
53114,BMCAM_003,2026-09-22T14-20-39Z_video_5s.h264,2026-09-22T14:23:37+00:00,2026-09-22T14:20:39+00:00,178.0
53115,BMCAM_003,2026-09-22T14-40-39Z_video_5s.h264,2026-09-22T14:43:34+00:00,2026-09-22T14:40:39+00:00,175.0
53116,BMCAM_004,2026-09-22T14-40-34Z_video_5s.h264,2026-09-22T14:43:40+00:00,2026-09-22T14:40:34+00:00,186.0
53117,BMCAM_004,2026-09-22T15-00-33Z_video_5s.h264,2026-09-22T15:03:12+00:00,2026-09-22T15:00:33+00:00,159.0
53118,BMCAM_003,2026-09-22T15-00-38Z_video_5s.h264,2026-09-22T15:03:34+00:00,2026-09-22T15:00:38+00:00,176.0
53119,BMCAM_004,2026-09-22T15-20-33Z_video_5s.h264,2026-09-22T15:23:39+00:00,2026-09-22T15:20:33+00:00,186.0
53120,BMCAM_003,2026-09-22T16-00-31Z_video_5s.h264,2026-09-22T16:03:37+00:00,2026-09-22T16:00:31+00:00,186.0
53121,BMCAM_003,2026-09-22T16-20-31Z_video_5s.h264,2026-09-22T16:23:28+00:00,2026-09-22T16:20:31+00:00,177.0
53122,BMCAM_004,2026-09-22T16-00-31Z_video_5s.h264,2026-09-22T16:03:33+00:00,2026-09-22T16:00:31+00:00,182.0
53123,BMCAM_004,2026-09-22T16-20-30Z_video_5s.h264,2026-09-22T16:23:34+00:00,2026-09-22T16:20:30+00:00,184.0
53124,BMCAM_004,2026-09-22T16-40-30Z_video_5s.h264,2026-09-22T16:43:32+00:00,2026-09-22T16:40:30+00:00,182.0
53125,BMCAM_004,2026-09-22T17-00-30Z_video_5s.h264,2026-09-22T17:03:29+00:00,2026-09-22T17:00:30+00:00,179.0
53126,BMCAM_004,2026-09-22T17-20-30Z_video_5s.h264,2026-09-22T17:23:36+00:00,2026-09-22T17:20:30+00:00,186.0
53127,BMCAM_004,2026-09-22T17-40-30Z_video_5s.h264,2026-09-22T17:43:33+00:00,2026-09-22T17:40:30+00:00,183.0
53128,BMCAM_003,2026-09-22T17-10-35Z_video_5s.h264,2026-09-22T17:13:31+00:00,2026-09-22T17:10:35+00:00,176.0
53129,BMCAM_003,2026-09-22T16-50-35Z_video_5s.h264,2026-09-22T16:53:35+00:00,2026-09-22T16:50:35+00:00,180.0
53130,BMCAM_003,2026-09-22T17-30-35Z_video_5s.h264,2026-09-22T17:33:30+00:00,2026-09-22T17:30:35+00:00,175.0
53132,BMCAM_003,2026-09-22T17-50-35Z_video_5s.h264,2026-09-22T17:53:38+00:00,2026-09-22T17:50:35+00:00,183.0
53133,BMCAM_003,2026-09-22T18-10-34Z_video_5s.h264,2026-09-22T18:13:28+00:00,2026-09-22T18:10:34+00:00,174.0
53134,BMCAM_004,2026-09-22T18-00-29Z_video_5s.h264,2026-09-22T18:03:33+00:00,2026-09-22T18:00:29+00:00,184.0
53135,BMCAM_004,2026-09-22T18-20-29Z_video_5s.h264,2026-09-22T18:27:36+00:00,2026-09-22T18:20:29+00:00,427.0
53136,BMCAM_004,2026-09-22T18-27-09Z_video_5s.h264,2026-09-22T18:28:36+00:00,2026-09-22T18:27:09+00:00,87.0
53137,BMCAM_003,2026-09-22T18-27-14Z_video_5s.h264,2026-09-22T18:28:40+00:00,2026-09-22T18:27:14+00:00,86.0
53138,BMCAM_003,2026-09-22T18-40-34Z_video_5s.h264,2026-09-22T18:43:36+00:00,2026-09-22T18:40:34+00:00,182.0
53139,BMCAM_004,2026-09-22T18-40-39Z_video_5s.h264,2026-09-22T18:43:41+00:00,2026-09-22T18:40:39+00:00,182.0
53140,BMCAM_004,2026-09-22T19-05-37Z_video_5s.h264,2026-09-22T19:08:37+00:00,2026-09-22T19:05:37+00:00,180.0
53141,BMCAM_003,2026-09-22T19-05-33Z_video_5s.h264,2026-09-22T19:08:39+00:00,2026-09-22T19:05:33+00:00,186.0
53142,BMCAM_003,2026-09-22T19-20-33Z_video_5s.h264,2026-09-22T19:23:37+00:00,2026-09-22T19:20:33+00:00,184.0
53143,BMCAM_003,2026-09-22T19-35-33Z_video_5s.h264,2026-09-22T19:38:36+00:00,2026-09-22T19:35:33+00:00,183.0
53144,BMCAM_004,2026-09-22T19-20-37Z_video_5s.h264,2026-09-22T19:23:37+00:00,2026-09-22T19:20:37+00:00,180.0
53145,BMCAM_004,2026-09-22T19-35-37Z_video_5s.h264,2026-09-22T19:38:39+00:00,2026-09-22T19:35:37+00:00,182.0
53146,BMCAM_004,2026-09-22T19-50-36Z_video_5s.h264,2026-09-22T19:53:39+00:00,2026-09-22T19:50:36+00:00,183.0
53147,BMCAM_003,2026-09-22T19-50-32Z_video_5s.h264,2026-09-22T19:53:39+00:00,2026-09-22T19:50:32+00:00,187.0
53148,BMCAM_003,2026-09-22T20-05-32Z_video_5s.h264,2026-09-22T20:08:38+00:00,2026-09-22T20:05:32+00:00,186.0
53149,BMCAM_003,2026-09-22T20-20-32Z_video_5s.h264,2026-09-22T20:23:37+00:00,2026-09-22T20:20:32+00:00,185.0
53150,BMCAM_003,2026-09-22T20-35-32Z_video_5s.h264,2026-09-22T20:38:37+00:00,2026-09-22T20:35:32+00:00,185.0
53151,BMCAM_004,2026-09-22T20-05-36Z_video_5s.h264,2026-09-22T20:08:39+00:00,2026-09-22T20:05:36+00:00,183.0
53152,BMCAM_004,2026-09-22T20-20-36Z_video_5s.h264,2026-09-22T20:23:40+00:00,2026-09-22T20:20:36+00:00,184.0
53153,BMCAM_004,2026-09-22T20-35-36Z_video_5s.h264,2026-09-22T20:38:38+00:00,2026-09-22T20:35:36+00:00,182.0
53154,BMCAM_004,2026-09-22T20-50-36Z_video_5s.h264,2026-09-22T20:53:39+00:00,2026-09-22T20:50:36+00:00,183.0
53155,BMCAM_003,2026-09-22T20-50-32Z_video_5s.h264,2026-09-22T20:53:37+00:00,2026-09-22T20:50:32+00:00,185.0
53156,BMCAM_003,2026-09-22T21-05-32Z_video_5s.h264,2026-09-22T21:08:38+00:00,2026-09-22T21:05:32+00:00,186.0
53157,BMCAM_003,2026-09-22T21-20-32Z_video_5s.h264,2026-09-22T21:23:35+00:00,2026-09-22T21:20:32+00:00,183.0
53158,BMCAM_003,2026-09-22T21-35-31Z_video_5s.h264,2026-09-22T21:37:21+00:00,2026-09-22T21:35:31+00:00,110.0
53159,BMCAM_004,2026-09-22T21-05-36Z_video_5s.h264,2026-09-22T21:08:38+00:00,2026-09-22T21:05:36+00:00,182.0
53160,BMCAM_004,2026-09-22T21-20-36Z_video_5s.h264,2026-09-22T21:23:38+00:00,2026-09-22T21:20:36+00:00,182.0
53161,BMCAM_004,2026-09-22T21-35-36Z_video_5s.h264,2026-09-22T21:38:38+00:00,2026-09-22T21:35:36+00:00,182.0
53162,BMCAM_004,2026-09-22T21-50-35Z_video_5s.h264,2026-09-22T21:53:36+00:00,2026-09-22T21:50:35+00:00,181.0
53163,BMCAM_003,2026-09-22T22-35-38Z_video_5s.h264,2026-09-22T22:38:34+00:00,2026-09-22T22:35:38+00:00,176.0
53164,BMCAM_003,2026-09-22T22-50-38Z_video_5s.h264,2026-09-22T22:53:33+00:00,2026-09-22T22:50:38+00:00,175.0
53165,BMCAM_004,2026-09-22T22-35-32Z_video_5s.h264,2026-09-22T22:38:31+00:00,2026-09-22T22:35:32+00:00,179.0
53166,BMCAM_004,2026-09-22T22-50-32Z_video_5s.h264,2026-09-22T22:53:36+00:00,2026-09-22T22:50:32+00:00,184.0
53167,BMCAM_004,2026-09-22T23-05-32Z_video_5s.h264,2026-09-22T23:08:34+00:00,2026-09-22T23:05:32+00:00,182.0
53168,BMCAM_004,2026-09-22T23-20-32Z_video_5s.h264,2026-09-22T23:23:35+00:00,2026-09-22T23:20:32+00:00,183.0
53169,BMCAM_003,2026-09-22T23-05-38Z_video_5s.h264,2026-09-22T23:08:39+00:00,2026-09-22T23:05:38+00:00,181.0
53170,BMCAM_003,2026-09-22T23-20-38Z_video_5s.h264,2026-09-22T23:23:39+00:00,2026-09-22T23:20:38+00:00,181.0
53171,BMCAM_003,2026-09-22T23-35-38Z_video_5s.h264,2026-09-22T23:38:39+00:00,2026-09-22T23:35:38+00:00,181.0
53172,BMCAM_003,2026-09-22T23-50-37Z_video_5s.h264,2026-09-22T23:53:39+00:00,2026-09-22T23:50:37+00:00,182.0
53173,BMCAM_004,2026-09-22T23-35-32Z_video_5s.h264,2026-09-22T23:38:35+00:00,2026-09-22T23:35:32+00:00,183.0
53174,BMCAM_004,2026-09-22T23-50-32Z_video_5s.h264,2026-09-22T23:53:34+00:00,2026-09-22T23:50:32+00:00,182.0
53175,BMCAM_004,2026-09-23T00-05-31Z_video_5s.h264,2026-09-23T00:08:35+00:00,2026-09-23T00:05:31+00:00,184.0
53176,BMCAM_004,2026-09-23T00-20-31Z_video_5s.h264,2026-09-23T00:23:33+00:00,2026-09-23T00:20:31+00:00,182.0
53177,BMCAM_003,2026-09-23T00-05-37Z_video_5s.h264,2026-09-23T00:08:40+00:00,2026-09-23T00:05:37+00:00,183.0
53178,BMCAM_003,2026-09-23T00-20-37Z_video_5s.h264,2026-09-23T00:23:39+00:00,2026-09-23T00:20:37+00:00,182.0
53179,BMCAM_003,2026-09-23T00-35-37Z_video_5s.h264,2026-09-23T00:38:39+00:00,2026-09-23T00:35:37+00:00,182.0
53180,BMCAM_003,2026-09-23T00-50-37Z_video_5s.h264,2026-09-23T00:53:38+00:00,2026-09-23T00:50:37+00:00,181.0
53181,BMCAM_004,2026-09-23T00-35-31Z_video_5s.h264,2026-09-23T00:38:36+00:00,2026-09-23T00:35:31+00:00,185.0
53182,BMCAM_004,2026-09-23T00-50-31Z_video_5s.h264,2026-09-23T00:53:34+00:00,2026-09-23T00:50:31+00:00,183.0
53183,BMCAM_004,2026-09-23T01-05-31Z_video_5s.h264,2026-09-23T01:08:34+00:00,2026-09-23T01:05:31+00:00,183.0
53184,BMCAM_004,2026-09-23T01-20-31Z_video_5s.h264,2026-09-23T01:23:31+00:00,2026-09-23T01:20:31+00:00,180.0
53185,BMCAM_003,2026-09-23T01-05-37Z_video_5s.h264,2026-09-23T01:08:41+00:00,2026-09-23T01:05:37+00:00,184.0
53186,BMCAM_003,2026-09-23T01-20-37Z_video_5s.h264,2026-09-23T01:23:34+00:00,2026-09-23T01:20:37+00:00,177.0
53187,BMCAM_003,2026-09-23T01-35-36Z_video_5s.h264,2026-09-23T01:38:35+00:00,2026-09-23T01:35:36+00:00,179.0
53188,BMCAM_003,2026-09-23T01-50-36Z_video_5s.h264,2026-09-23T01:53:16+00:00,2026-09-23T01:50:36+00:00,160.0
53189,BMCAM_004,2026-09-23T01-35-31Z_video_5s.h264,2026-09-23T01:38:32+00:00,2026-09-23T01:35:31+00:00,181.0
53190,BMCAM_004,2026-09-23T01-50-31Z_video_5s.h264,2026-09-23T01:53:31+00:00,2026-09-23T01:50:31+00:00,180.0
53191,BMCAM_004,2026-09-23T02-05-30Z_video_5s.h264,2026-09-23T02:08:32+00:00,2026-09-23T02:05:30+00:00,182.0
53192,BMCAM_004,2026-09-23T02-20-30Z_video_5s.h264,2026-09-23T02:23:33+00:00,2026-09-23T02:20:30+00:00,183.0
53193,BMCAM_003,2026-09-23T02-05-36Z_video_5s.h264,2026-09-23T02:08:39+00:00,2026-09-23T02:05:36+00:00,183.0
53194,BMCAM_003,2026-09-23T02-20-36Z_video_5s.h264,2026-09-23T02:23:39+00:00,2026-09-23T02:20:36+00:00,183.0
53195,BMCAM_004,2026-09-23T04-00-35Z_video_5s.h264,2026-09-23T04:03:37+00:00,2026-09-23T04:00:35+00:00,182.0
53196,BMCAM_003,2026-09-23T04-00-33Z_video_5s.h264,2026-09-23T04:03:40+00:00,2026-09-23T04:00:33+00:00,187.0
53197,BMCAM_004,2026-09-23T04-15-35Z_video_5s.h264,2026-09-23T04:18:37+00:00,2026-09-23T04:15:35+00:00,182.0
53198,BMCAM_003,2026-09-23T04-15-33Z_video_5s.h264,2026-09-23T04:19:22+00:00,2026-09-23T04:15:33+00:00,229.0
53199,BMCAM_004,2026-09-23T04-30-35Z_video_5s.h264,2026-09-23T04:33:37+00:00,2026-09-23T04:30:35+00:00,182.0
53200,BMCAM_004,2026-09-23T04-45-35Z_video_5s.h264,2026-09-23T04:48:37+00:00,2026-09-23T04:45:35+00:00,182.0
53201,BMCAM_003,2026-09-23T04-50-05Z_video_5s.h264,2026-09-23T04:56:01+00:00,2026-09-23T04:50:05+00:00,356.0
53202,BMCAM_003,2026-09-23T04-55-35Z_video_5s.h264,2026-09-23T04:59:24+00:00,2026-09-23T04:55:35+00:00,229.0
53203,BMCAM_003,2026-09-23T05-10-35Z_video_5s.h264,2026-09-23T05:14:27+00:00,2026-09-23T05:10:35+00:00,232.0
53204,BMCAM_004,2026-09-23T05-00-35Z_video_5s.h264,2026-09-23T05:03:39+00:00,2026-09-23T05:00:35+00:00,184.0
53205,BMCAM_004,2026-09-23T05-15-35Z_video_5s.h264,2026-09-23T05:18:36+00:00,2026-09-23T05:15:35+00:00,181.0
53206,BMCAM_003,2026-09-23T05-25-34Z_video_5s.h264,2026-09-23T05:29:23+00:00,2026-09-23T05:25:34+00:00,229.0
53207,BMCAM_004,2026-09-23T05-30-34Z_video_5s.h264,2026-09-23T05:33:35+00:00,2026-09-23T05:30:34+00:00,181.0
53208,BMCAM_004,2026-09-23T05-45-34Z_video_5s.h264,2026-09-23T05:48:28+00:00,2026-09-23T05:45:34+00:00,174.0
53209,BMCAM_003,2026-09-23T05-40-34Z_video_5s.h264,2026-09-23T05:44:22+00:00,2026-09-23T05:40:34+00:00,228.0
53210,BMCAM_004,2026-09-23T06-00-34Z_video_5s.h264,2026-09-23T06:03:31+00:00,2026-09-23T06:00:34+00:00,177.0
53211,BMCAM_004,2026-09-23T06-15-34Z_video_5s.h264,2026-09-23T06:18:30+00:00,2026-09-23T06:15:34+00:00,176.0
53212,BMCAM_003,2026-09-23T05-55-34Z_video_5s.h264,2026-09-23T05:59:26+00:00,2026-09-23T05:55:34+00:00,232.0
53213,BMCAM_003,2026-09-23T06-10-34Z_video_5s.h264,2026-09-23T06:14:26+00:00,2026-09-23T06:10:34+00:00,232.0
53214,BMCAM_003,2026-09-23T06-25-34Z_video_5s.h264,2026-09-23T06:29:21+00:00,2026-09-23T06:25:34+00:00,227.0
53215,BMCAM_004,2026-09-23T06-30-34Z_video_5s.h264,2026-09-23T06:33:33+00:00,2026-09-23T06:30:34+00:00,179.0
53216,BMCAM_004,2026-09-23T06-45-34Z_video_5s.h264,2026-09-23T06:48:31+00:00,2026-09-23T06:45:34+00:00,177.0
53217,BMCAM_003,2026-09-23T06-40-34Z_video_5s.h264,2026-09-23T06:44:19+00:00,2026-09-23T06:40:34+00:00,225.0
53218,BMCAM_003,2026-09-23T06-55-34Z_video_5s.h264,2026-09-23T06:59:24+00:00,2026-09-23T06:55:34+00:00,230.0
53219,BMCAM_004,2026-09-23T07-00-34Z_video_5s.h264,2026-09-23T07:03:33+00:00,2026-09-23T07:00:34+00:00,179.0
53220,BMCAM_004,2026-09-23T07-15-33Z_video_5s.h264,2026-09-23T07:18:34+00:00,2026-09-23T07:15:33+00:00,181.0
53221,BMCAM_003,2026-09-23T07-10-34Z_video_5s.h264,2026-09-23T07:14:16+00:00,2026-09-23T07:10:34+00:00,222.0
53222,BMCAM_003,2026-09-23T07-25-33Z_video_5s.h264,2026-09-23T07:29:27+00:00,2026-09-23T07:25:33+00:00,234.0
53223,BMCAM_004,2026-09-23T07-30-33Z_video_5s.h264,2026-09-23T07:33:34+00:00,2026-09-23T07:30:33+00:00,181.0
53224,BMCAM_004,2026-09-23T07-45-33Z_video_5s.h264,2026-09-23T07:48:32+00:00,2026-09-23T07:45:33+00:00,179.0
53225,BMCAM_003,2026-09-23T07-40-33Z_video_5s.h264,2026-09-23T07:44:18+00:00,2026-09-23T07:40:33+00:00,225.0
53226,BMCAM_003,2026-09-23T07-55-33Z_video_5s.h264,2026-09-23T07:59:27+00:00,2026-09-23T07:55:33+00:00,234.0
53227,BMCAM_004,2026-09-23T08-00-33Z_video_5s.h264,2026-09-23T08:03:36+00:00,2026-09-23T08:00:33+00:00,183.0
53228,BMCAM_004,2026-09-23T08-15-33Z_video_5s.h264,2026-09-23T08:18:36+00:00,2026-09-23T08:15:33+00:00,183.0
53229,BMCAM_003,2026-09-23T08-10-33Z_video_5s.h264,2026-09-23T08:14:25+00:00,2026-09-23T08:10:33+00:00,232.0
53230,BMCAM_003,2026-09-23T08-25-33Z_video_5s.h264,2026-09-23T08:29:25+00:00,2026-09-23T08:25:33+00:00,232.0
53231,BMCAM_004,2026-09-23T08-30-33Z_video_5s.h264,2026-09-23T08:33:31+00:00,2026-09-23T08:30:33+00:00,178.0
53232,BMCAM_004,2026-09-23T08-45-33Z_video_5s.h264,2026-09-23T08:48:27+00:00,2026-09-23T08:45:33+00:00,174.0
53233,BMCAM_003,2026-09-23T08-40-33Z_video_5s.h264,2026-09-23T08:44:21+00:00,2026-09-23T08:40:33+00:00,228.0
53234,BMCAM_003,2026-09-23T08-55-32Z_video_5s.h264,2026-09-23T08:59:27+00:00,2026-09-23T08:55:32+00:00,235.0
53235,BMCAM_004,2026-09-23T09-00-32Z_video_5s.h264,2026-09-23T09:03:31+00:00,2026-09-23T09:00:32+00:00,179.0
53236,BMCAM_004,2026-09-23T09-15-32Z_video_5s.h264,2026-09-23T09:18:29+00:00,2026-09-23T09:15:32+00:00,177.0
53237,BMCAM_003,2026-09-23T09-10-32Z_video_5s.h264,2026-09-23T09:14:23+00:00,2026-09-23T09:10:32+00:00,231.0
53238,BMCAM_003,2026-09-23T09-25-32Z_video_5s.h264,2026-09-23T09:29:21+00:00,2026-09-23T09:25:32+00:00,229.0
53239,BMCAM_004,2026-09-23T09-30-32Z_video_5s.h264,2026-09-23T09:33:34+00:00,2026-09-23T09:30:32+00:00,182.0
53240,BMCAM_004,2026-09-23T09-45-32Z_video_5s.h264,2026-09-23T09:48:32+00:00,2026-09-23T09:45:32+00:00,180.0
53241,BMCAM_003,2026-09-23T09-40-32Z_video_5s.h264,2026-09-23T09:44:22+00:00,2026-09-23T09:40:32+00:00,230.0
53242,BMCAM_003,2026-09-23T09-55-32Z_video_5s.h264,2026-09-23T09:59:25+00:00,2026-09-23T09:55:32+00:00,233.0
53243,BMCAM_004,2026-09-23T10-00-32Z_video_5s.h264,2026-09-23T10:03:33+00:00,2026-09-23T10:00:32+00:00,181.0
53244,BMCAM_004,2026-09-23T10-15-32Z_video_5s.h264,2026-09-23T10:18:30+00:00,2026-09-23T10:15:32+00:00,178.0
53245,BMCAM_003,2026-09-23T10-10-32Z_video_5s.h264,2026-09-23T10:14:21+00:00,2026-09-23T10:10:32+00:00,229.0
53246,BMCAM_003,2026-09-23T10-25-32Z_video_5s.h264,2026-09-23T10:28:58+00:00,2026-09-23T10:25:32+00:00,206.0
53247,BMCAM_004,2026-09-23T10-30-32Z_video_5s.h264,2026-09-23T10:33:29+00:00,2026-09-23T10:30:32+00:00,177.0
53248,BMCAM_004,2026-09-23T10-45-31Z_video_5s.h264,2026-09-23T10:48:31+00:00,2026-09-23T10:45:31+00:00,180.0
53249,BMCAM_003,2026-09-23T10-40-32Z_video_5s.h264,2026-09-23T10:44:22+00:00,2026-09-23T10:40:32+00:00,230.0
53250,BMCAM_003,2026-09-23T10-55-31Z_video_5s.h264,2026-09-23T10:59:17+00:00,2026-09-23T10:55:31+00:00,226.0
53251,BMCAM_004,2026-09-23T11-00-31Z_video_5s.h264,2026-09-23T11:03:31+00:00,2026-09-23T11:00:31+00:00,180.0
53252,BMCAM_004,2026-09-23T11-15-31Z_video_5s.h264,2026-09-23T11:18:28+00:00,2026-09-23T11:15:31+00:00,177.0
53253,BMCAM_003,2026-09-23T11-10-31Z_video_5s.h264,2026-09-23T11:14:14+00:00,2026-09-23T11:10:31+00:00,223.0
53254,BMCAM_003,2026-09-23T11-25-31Z_video_5s.h264,2026-09-23T11:29:21+00:00,2026-09-23T11:25:31+00:00,230.0
53255,BMCAM_004,2026-09-23T11-30-31Z_video_5s.h264,2026-09-23T11:33:28+00:00,2026-09-23T11:30:31+00:00,177.0
53256,BMCAM_004,2026-09-23T11-45-31Z_video_5s.h264,2026-09-23T11:48:35+00:00,2026-09-23T11:45:31+00:00,184.0
53257,BMCAM_003,2026-09-23T11-40-31Z_video_5s.h264,2026-09-23T11:44:19+00:00,2026-09-23T11:40:31+00:00,228.0
53258,BMCAM_004,2026-09-23T12-00-31Z_video_5s.h264,2026-09-23T12:03:13+00:00,2026-09-23T12:00:31+00:00,162.0
53259,BMCAM_004,2026-09-23T12-15-31Z_video_5s.h264,2026-09-23T12:18:29+00:00,2026-09-23T12:15:31+00:00,178.0
53260,BMCAM_003,2026-09-23T11-55-31Z_video_5s.h264,2026-09-23T11:59:12+00:00,2026-09-23T11:55:31+00:00,221.0
53261,BMCAM_003,2026-09-23T12-10-31Z_video_5s.h264,2026-09-23T12:14:18+00:00,2026-09-23T12:10:31+00:00,227.0
53262,BMCAM_003,2026-09-23T12-25-30Z_video_5s.h264,2026-09-23T12:29:17+00:00,2026-09-23T12:25:30+00:00,227.0
53263,BMCAM_004,2026-09-23T12-30-31Z_video_5s.h264,2026-09-23T12:33:14+00:00,2026-09-23T12:30:31+00:00,163.0
53264,BMCAM_004,2026-09-23T12-45-30Z_video_5s.h264,2026-09-23T12:48:30+00:00,2026-09-23T12:45:30+00:00,180.0
53265,BMCAM_003,2026-09-23T12-40-30Z_video_5s.h264,2026-09-23T12:44:18+00:00,2026-09-23T12:40:30+00:00,228.0
53266,BMCAM_003,2026-09-23T12-55-30Z_video_5s.h264,2026-09-23T12:59:20+00:00,2026-09-23T12:55:30+00:00,230.0
53267,BMCAM_004,2026-09-23T13-00-30Z_video_5s.h264,2026-09-23T13:03:22+00:00,2026-09-23T13:00:30+00:00,172.0
53268,BMCAM_004,2026-09-23T13-15-30Z_video_5s.h264,2026-09-23T13:18:29+00:00,2026-09-23T13:15:30+00:00,179.0
53269,BMCAM_003,2026-09-23T13-10-30Z_video_5s.h264,2026-09-23T13:14:16+00:00,2026-09-23T13:10:30+00:00,226.0
53270,BMCAM_003,2026-09-23T13-25-30Z_video_5s.h264,2026-09-23T13:29:18+00:00,2026-09-23T13:25:30+00:00,228.0
53272,BMCAM_004,2026-09-23T13-30-30Z_video_5s.h264,2026-09-23T13:33:28+00:00,2026-09-23T13:30:30+00:00,178.0
53273,BMCAM_004,2026-09-23T13-45-30Z_video_5s.h264,2026-09-23T13:48:32+00:00,2026-09-23T13:45:30+00:00,182.0
53274,BMCAM_003,2026-09-23T13-40-40Z_video_5s.h264,2026-09-23T13:44:30+00:00,2026-09-23T13:40:40+00:00,230.0
53275,BMCAM_003,2026-09-23T13-55-40Z_video_5s.h264,2026-09-23T13:56:06+00:00,2026-09-23T13:55:40+00:00,26.0
