utc,total_b,used_b,avail_b,used_pct,mp4,natives,compressed,images_b,videos_b
2026-09-27T21:05:08Z,123174105088,92232687616,25900068864,74.880,2,0,0,0,9580309
2026-09-27T21:05:23Z,123174105088,92232683520,25900072960,74.880,2,0,0,0,9580309
2026-09-27T21:05:38Z,123174105088,92232687616,25900068864,74.880,2,0,0,0,9580309
2026-09-27T21:05:53Z,123174105088,92237262848,25895493632,74.884,2,0,0,0,14038423
2026-09-27T21:06:09Z,123174105088,92237393920,25895362560,74.884,3,0,0,0,14165958
2026-09-27T21:06:24Z,123174105088,92237393920,25895362560,74.884,3,0,0,0,14165958
2026-09-27T21:06:39Z,123174105088,92237393920,25895362560,74.884,3,0,0,0,14165958
2026-09-27T21:06:54Z,123174105088,92242173952,25890582528,74.888,3,0,0,0,18937978
2026-09-27T21:07:09Z,123174105088,92242305024,25890451456,74.888,4,0,0,0,19065836
2026-09-27T21:07:24Z,123174105088,92242305024,25890451456,74.888,4,0,0,0,19065836
2026-09-27T21:07:39Z,123174105088,92242305024,25890451456,74.888,4,0,0,0,19065836
2026-09-27T21:07:54Z,123174105088,92246700032,25886056448,74.891,4,0,0,0,23572621
2026-09-27T21:08:09Z,123174105088,92246831104,25885925376,74.891,5,0,0,0,23700966
2026-09-27T21:08:24Z,123174105088,92246831104,25885925376,74.891,5,0,0,0,23700966
2026-09-27T21:08:39Z,123174105088,92246831104,25885925376,74.891,5,0,0,0,23700966
2026-09-27T21:08:54Z,123174105088,92255825920,25876930560,74.899,5,0,0,0,32691336
2026-09-27T21:09:09Z,123174105088,92251459584,25881296896,74.895,6,0,0,0,28323612
2026-09-27T21:09:25Z,123174105088,92251459584,25881296896,74.895,6,0,0,0,28323612
2026-09-27T21:09:40Z,123174105088,92251459584,25881296896,74.895,6,0,0,0,28323612
2026-09-27T21:09:55Z,123174105088,92260978688,25871777792,74.903,6,0,0,0,37839812
2026-09-27T21:10:10Z,123174105088,92256358400,25876398080,74.899,7,0,0,0,33211040
2026-09-27T21:10:25Z,123174105088,92256358400,25876398080,74.899,7,0,0,0,33211040
2026-09-27T21:10:40Z,123174105088,92256358400,25876398080,74.899,7,0,0,0,33211040
2026-09-27T21:10:55Z,123174105088,92265971712,25866784768,74.907,7,0,0,0,42819188
2026-09-27T21:11:10Z,123174105088,92261298176,25871458304,74.903,8,0,0,0,38144060
2026-09-27T21:11:25Z,123174105088,92261298176,25871458304,74.903,8,0,0,0,38144060
2026-09-27T21:11:40Z,123174105088,92261298176,25871458304,74.903,8,0,0,0,38144060
2026-09-27T21:11:55Z,123174105088,92270882816,25861873664,74.911,8,0,0,0,47852783
2026-09-27T21:12:10Z,123174105088,92266221568,25866534912,74.907,9,0,0,0,43063784
2026-09-27T21:12:26Z,123174105088,92266221568,25866534912,74.907,9,0,0,0,43063784
2026-09-27T21:12:41Z,123174105088,92266221568,25866534912,74.907,9,0,0,0,43063784
2026-09-27T21:12:56Z,123174105088,92275945472,25856811008,74.915,10,0,0,0,47986482
2026-09-27T21:13:11Z,123174105088,92271153152,25861603328,74.911,10,0,0,0,47987852
2026-09-27T21:13:26Z,123174105088,92271153152,25861603328,74.911,10,0,0,0,47987852
2026-09-27T21:13:41Z,123174105088,92271157248,25861599232,74.911,10,0,0,0,47987852
2026-09-27T21:13:56Z,123174105088,92271431680,25861324800,74.911,10,0,0,0,48266015
2026-09-27T21:14:11Z,123174105088,92271435776,25861320704,74.911,10,0,0,0,48266015
2026-09-27T21:14:26Z,123174105088,92271435776,25861320704,74.911,10,0,0,0,48266015
2026-09-27T21:14:41Z,123174105088,92271435776,25861320704,74.911,10,0,0,0,48266015
2026-09-27T21:14:56Z,123174105088,92271435776,25861320704,74.911,10,0,0,0,48265688
2026-09-27T21:15:11Z,123174105088,92271435776,25861320704,74.911,10,0,0,0,48265688
2026-09-27T21:15:26Z,123174105088,92271435776,25861320704,74.911,10,0,0,0,48265688
2026-09-27T21:15:42Z,123174105088,92271435776,25861320704,74.911,10,0,0,0,48265688
2026-09-27T21:15:57Z,123174105088,92271775744,25860980736,74.912,10,0,0,0,48603003
2026-09-27T21:16:12Z,123174105088,92271779840,25860976640,74.912,10,0,0,0,48603003
2026-09-27T21:16:27Z,123174105088,92271779840,25860976640,74.912,10,0,0,0,48603003
2026-09-27T21:16:42Z,123174105088,92271779840,25860976640,74.912,10,0,0,0,48603003
2026-09-27T21:16:57Z,123174105088,92271804416,25860952064,74.912,10,0,0,0,48626361
2026-09-27T21:17:12Z,123174105088,92271804416,25860952064,74.912,10,0,0,0,48626361
2026-09-27T21:17:27Z,123174105088,92271808512,25860947968,74.912,10,0,0,0,48626361
2026-09-27T21:17:42Z,123174105088,92271812608,25860943872,74.912,10,0,0,0,48626361
2026-09-27T21:17:57Z,123174105088,92276879360,25855877120,74.916,10,0,0,0,48908468
2026-09-27T21:18:12Z,123174105088,92272091136,25860665344,74.912,10,0,0,0,48909530
2026-09-27T21:18:28Z,123174105088,92272091136,25860665344,74.912,10,0,0,0,48909530
2026-09-27T21:18:43Z,123174105088,92272091136,25860665344,74.912,10,0,0,0,48909530
2026-09-27T21:18:58Z,123174105088,92272390144,25860366336,74.912,10,0,0,0,49206808
2026-09-27T21:19:13Z,123174105088,92272390144,25860366336,74.912,10,0,0,0,49206808
2026-09-27T21:19:28Z,123174105088,92272390144,25860366336,74.912,10,0,0,0,49206808
2026-09-27T21:19:43Z,123174105088,92272390144,25860366336,74.912,10,0,0,0,49206808
2026-09-27T21:19:58Z,123174105088,92272431104,25860325376,74.912,10,0,0,0,49248016
2026-09-27T21:20:13Z,123174105088,92272431104,25860325376,74.912,10,0,0,0,49248016
2026-09-27T21:20:28Z,123174105088,92272431104,25860325376,74.912,10,0,0,0,49248016
2026-09-27T21:20:43Z,123174105088,92272431104,25860325376,74.912,10,0,0,0,49248016
2026-09-27T21:20:58Z,123174105088,92272410624,25860345856,74.912,10,0,0,0,49231019
2026-09-27T21:21:14Z,123174105088,92272410624,25860345856,74.912,10,0,0,0,49231019
2026-09-27T21:21:29Z,123174105088,92272410624,25860345856,74.912,10,0,0,0,49231019
2026-09-27T21:21:44Z,123174105088,92272410624,25860345856,74.912,10,0,0,0,49231019
2026-09-27T21:21:59Z,123174105088,92272427008,25860329472,74.912,10,0,0,0,49239723
2026-09-27T21:22:14Z,123174105088,92272427008,25860329472,74.912,10,0,0,0,49239723
2026-09-27T21:22:29Z,123174105088,92272427008,25860329472,74.912,10,0,0,0,49239723
2026-09-27T21:22:44Z,123174105088,92272431104,25860325376,74.912,10,0,0,0,49239723
2026-09-27T21:22:59Z,123174105088,92272431104,25860325376,74.912,10,0,0,0,49245951
2026-09-27T21:23:14Z,123174105088,92272431104,25860325376,74.912,10,0,0,0,49245951
2026-09-27T21:23:29Z,123174105088,92272431104,25860325376,74.912,10,0,0,0,49245951
2026-09-27T21:23:44Z,123174105088,92272431104,25860325376,74.912,10,0,0,0,49245951
2026-09-27T21:23:59Z,123174105088,92272431104,25860325376,74.912,10,0,0,0,49248538
2026-09-27T21:24:15Z,123174105088,92272431104,25860325376,74.912,10,0,0,0,49248538
2026-09-27T21:24:30Z,123174105088,92272431104,25860325376,74.912,10,0,0,0,49248538
2026-09-27T21:24:45Z,123174105088,92272431104,25860325376,74.912,10,0,0,0,49248538
2026-09-27T21:25:00Z,123174105088,92272435200,25860321280,74.912,10,0,0,0,49247068
2026-09-27T21:25:15Z,123174105088,92272435200,25860321280,74.912,10,0,0,0,49247068
2026-09-27T21:25:30Z,123174105088,92272435200,25860321280,74.912,10,0,0,0,49247068
2026-09-27T21:25:45Z,123174105088,92267507712,25865248768,74.908,9,0,0,0,44324411
2026-09-27T21:26:00Z,123174105088,92272472064,25860284416,74.912,10,0,0,0,49282130
2026-09-27T21:26:15Z,123174105088,92272472064,25860284416,74.912,10,0,0,0,49282130
2026-09-27T21:26:30Z,123174105088,92272472064,25860284416,74.912,10,0,0,0,49282130
2026-09-27T21:26:45Z,123174105088,92267544576,25865211904,74.908,9,0,0,0,44359201
2026-09-27T21:27:00Z,123174105088,92272459776,25860296704,74.912,10,0,0,0,49265467
2026-09-27T21:27:15Z,123174105088,92272459776,25860296704,74.912,10,0,0,0,49265467
2026-09-27T21:27:31Z,123174105088,92272459776,25860296704,74.912,10,0,0,0,49265467
2026-09-27T21:27:46Z,123174105088,92267540480,25865216000,74.908,9,0,0,0,44347475
2026-09-27T21:28:01Z,123174105088,92272455680,25860300800,74.912,10,0,0,0,49255214
2026-09-27T21:28:16Z,123174105088,92272455680,25860300800,74.912,10,0,0,0,49255214
2026-09-27T21:28:31Z,123174105088,92272455680,25860300800,74.912,10,0,0,0,49255214
2026-09-27T21:28:46Z,123174105088,92267560960,25865195520,74.908,9,0,0,0,44364269
2026-09-27T21:29:01Z,123174105088,92272472064,25860284416,74.912,10,0,0,0,49263634
2026-09-27T21:29:16Z,123174105088,92272472064,25860284416,74.912,10,0,0,0,49263634
2026-09-27T21:29:31Z,123174105088,92272472064,25860284416,74.912,10,0,0,0,49263634
2026-09-27T21:29:46Z,123174105088,92267618304,25865138176,74.908,9,0,0,0,44445897
2026-09-27T21:30:01Z,123174105088,92272472064,25860284416,74.912,10,0,0,0,49259514
2026-09-27T21:30:16Z,123174105088,92272472064,25860284416,74.912,10,0,0,0,49259514
2026-09-27T21:30:32Z,123174105088,92272472064,25860284416,74.912,10,0,0,0,49259514
2026-09-27T21:30:47Z,123174105088,92267859968,25864896512,74.908,9,0,0,0,44696054
2026-09-27T21:31:02Z,123174105088,92272492544,25860263936,74.912,10,0,0,0,49274368
2026-09-27T21:31:17Z,123174105088,92272492544,25860263936,74.912,10,0,0,0,49274368
2026-09-27T21:31:32Z,123174105088,92272492544,25860263936,74.912,10,0,0,0,49274368
2026-09-27T21:31:47Z,123174105088,92268081152,25864675328,74.909,9,0,0,0,44927879
2026-09-27T21:32:02Z,123174105088,92272492544,25860263936,74.912,10,0,0,0,49275015
2026-09-27T21:32:17Z,123174105088,92272492544,25860263936,74.912,10,0,0,0,49275015
2026-09-27T21:32:32Z,123174105088,92272492544,25860263936,74.912,10,0,0,0,49275015
2026-09-27T21:32:47Z,123174105088,92268367872,25864388608,74.909,9,0,0,0,45213379
2026-09-27T21:33:02Z,123174105088,92272484352,25860272128,74.912,10,0,0,0,49267051
2026-09-27T21:33:17Z,123174105088,92272484352,25860272128,74.912,10,0,0,0,49267051
2026-09-27T21:33:32Z,123174105088,92272484352,25860272128,74.912,10,0,0,0,49267051
2026-09-27T21:33:48Z,123174105088,92268650496,25864105984,74.909,9,0,0,0,45491340
2026-09-27T21:34:03Z,123174105088,92272488448,25860268032,74.912,10,0,0,0,49263040
2026-09-27T21:34:18Z,123174105088,92272488448,25860268032,74.912,10,0,0,0,49263040
2026-09-27T21:34:32Z,123174105088,92272488448,25860268032,74.912,10,0,0,0,49263040
2026-09-27T21:34:47Z,123174105088,92272500736,25860255744,74.912,10,0,0,2134,49263040
2026-09-27T21:35:03Z,123174105088,92274311168,25858445312,74.914,10,1,1,1802997,49263040
2026-09-27T21:35:18Z,123174105088,92274311168,25858445312,74.914,10,1,1,1802997,49263040
2026-09-27T21:35:33Z,123174105088,92274311168,25858445312,74.914,10,1,1,1802997,49263040
2026-09-27T21:35:48Z,123174105088,92274319360,25858437120,74.914,10,1,1,1805160,49263040
2026-09-27T21:36:03Z,123174105088,92276129792,25856626688,74.915,10,2,2,3607177,49263040
2026-09-27T21:36:18Z,123174105088,92276129792,25856626688,74.915,10,2,2,3607177,49263040
2026-09-27T21:36:33Z,123174105088,92276129792,25856626688,74.915,10,2,2,3607177,49263040
2026-09-27T21:36:48Z,123174105088,92277899264,25854857216,74.917,10,3,2,5360751,49263040
2026-09-27T21:37:03Z,123174105088,92277964800,25854791680,74.917,10,3,3,5421778,49263040
2026-09-27T21:37:18Z,123174105088,92277964800,25854791680,74.917,10,3,3,5421778,49263040
2026-09-27T21:37:33Z,123174105088,92277964800,25854791680,74.917,10,3,3,5421778,49263040
2026-09-27T21:37:48Z,123174105088,92279734272,25853022208,74.918,10,4,3,7181802,49263040
2026-09-27T21:38:04Z,123174105088,92279799808,25852956672,74.918,10,4,4,7242570,49263040
2026-09-27T21:38:19Z,123174105088,92279799808,25852956672,74.918,10,4,4,7242570,49263040
2026-09-27T21:38:34Z,123174105088,92279799808,25852956672,74.918,10,4,4,7242570,49263040
2026-09-27T21:38:49Z,123174105088,92281577472,25851179008,74.920,10,5,4,9003409,49263040
2026-09-27T21:39:04Z,123174105088,92281643008,25851113472,74.920,10,5,5,9063984,49263040
2026-09-27T21:39:19Z,123174105088,92281643008,25851113472,74.920,10,5,5,9063984,49263040
2026-09-27T21:39:34Z,123174105088,92281643008,25851113472,74.920,10,5,5,9063984,49263040
2026-09-27T21:39:49Z,123174105088,92283486208,25849270272,74.921,10,6,6,10887960,49263040
2026-09-27T21:40:04Z,123174105088,92283486208,25849270272,74.921,10,6,6,10887960,49263040
2026-09-27T21:40:19Z,123174105088,92283486208,25849270272,74.921,10,6,6,10887960,49263040
2026-09-27T21:40:34Z,123174105088,92283486208,25849270272,74.921,10,6,6,10887960,49263040
2026-09-27T21:40:49Z,123174105088,92285333504,25847422976,74.923,10,7,7,12713598,49263040
2026-09-27T21:41:04Z,123174105088,92285333504,25847422976,74.923,10,7,7,12713598,49263040
2026-09-27T21:41:20Z,123174105088,92285333504,25847422976,74.923,10,7,7,12713598,49263040
2026-09-27T21:41:35Z,123174105088,92285333504,25847422976,74.923,10,7,7,12713598,49263040
2026-09-27T21:41:50Z,123174105088,92287176704,25845579776,74.924,10,8,8,14536823,49263040
2026-09-27T21:42:05Z,123174105088,92287176704,25845579776,74.924,10,8,8,14536823,49263040
2026-09-27T21:42:20Z,123174105088,92287176704,25845579776,74.924,10,8,8,14536823,49263040
2026-09-27T21:42:35Z,123174105088,92287176704,25845579776,74.924,10,8,8,14536823,49263040
2026-09-27T21:42:50Z,123174105088,92289015808,25843740672,74.926,10,9,9,16355849,49263040
2026-09-27T21:43:05Z,123174105088,92289015808,25843740672,74.926,10,9,9,16355849,49263040
2026-09-27T21:43:20Z,123174105088,92289019904,25843736576,74.926,10,9,9,16355849,49263040
2026-09-27T21:43:35Z,123174105088,92289019904,25843736576,74.926,10,9,9,16355849,49263040
2026-09-27T21:43:50Z,123174105088,92290854912,25841901568,74.927,10,10,10,18172939,49263040
2026-09-27T21:44:06Z,123174105088,92290854912,25841901568,74.927,10,10,10,18172939,49263040
2026-09-27T21:44:21Z,123174105088,92290854912,25841901568,74.927,10,10,10,18172939,49263040
2026-09-27T21:44:36Z,123174105088,92290854912,25841901568,74.927,10,10,10,18172939,49263040
2026-09-27T21:44:51Z,123174105088,92292694016,25840062464,74.929,10,11,11,19990275,49263040
2026-09-27T21:45:06Z,123174105088,92292694016,25840062464,74.929,10,11,11,19990275,49263040
2026-09-27T21:45:21Z,123174105088,92292694016,25840062464,74.929,10,11,11,19990275,49263040
2026-09-27T21:45:36Z,123174105088,92294529024,25838227456,74.930,10,12,12,21804868,49263040
2026-09-27T21:45:51Z,123174105088,92296359936,25836396544,74.932,10,13,13,23619527,49263040
2026-09-27T21:46:06Z,123174105088,92296359936,25836396544,74.932,10,13,13,23619527,49263040
2026-09-27T21:46:21Z,123174105088,92296359936,25836396544,74.932,10,13,13,23619527,49263040
2026-09-27T21:46:37Z,123174105088,92296359936,25836396544,74.932,10,13,13,23619527,49263040
2026-09-27T21:46:52Z,123174105088,92298199040,25834557440,74.933,10,14,14,25437654,49263040
2026-09-27T21:47:07Z,123174105088,92298199040,25834557440,74.933,10,14,14,25437654,49263040
2026-09-27T21:47:22Z,123174105088,92298199040,25834557440,74.933,10,14,14,25437654,49263040
2026-09-27T21:47:37Z,123174105088,92298199040,25834557440,74.933,10,14,14,25437654,49263040
2026-09-27T21:47:52Z,123174105088,92300034048,25832722432,74.935,10,15,15,27255977,49263040
2026-09-27T21:48:07Z,123174105088,92300034048,25832722432,74.935,10,15,15,27255977,49263040
2026-09-27T21:48:22Z,123174105088,92300034048,25832722432,74.935,10,15,15,27255977,49263040
2026-09-27T21:48:37Z,123174105088,92300034048,25832722432,74.935,10,15,15,27255977,49263040
2026-09-27T21:48:52Z,123174105088,92301869056,25830887424,74.936,10,16,16,29070986,49263040
2026-09-27T21:49:07Z,123174105088,92301869056,25830887424,74.936,10,16,16,29070986,49263040
2026-09-27T21:49:23Z,123174105088,92301869056,25830887424,74.936,10,16,16,29070986,49263040
2026-09-27T21:49:38Z,123174105088,92301869056,25830887424,74.936,10,16,16,29070986,49263040
2026-09-27T21:49:53Z,123174105088,92301881344,25830875136,74.936,10,16,16,29081418,49263040
2026-09-27T21:50:08Z,123174105088,92301881344,25830875136,74.936,10,16,16,29081418,49263040
2026-09-27T21:50:23Z,123174105088,92301881344,25830875136,74.936,10,16,16,29081418,49263040
2026-09-27T21:50:38Z,123174105088,92301881344,25830875136,74.936,10,16,16,29081418,49263040
2026-09-27T21:50:53Z,123174105088,92301897728,25830858752,74.936,10,16,16,29088758,49263040
2026-09-27T21:51:08Z,123174105088,92301897728,25830858752,74.936,10,16,16,29088758,49263040
2026-09-27T21:51:23Z,123174105088,92301897728,25830858752,74.936,10,16,16,29088758,49263040
2026-09-27T21:51:38Z,123174105088,92301897728,25830858752,74.936,10,16,16,29088758,49263040
2026-09-27T21:51:54Z,123174105088,92301893632,25830862848,74.936,10,16,16,29086402,49263040
2026-09-27T21:52:09Z,123174105088,92301893632,25830862848,74.936,10,16,16,29086402,49263040
2026-09-27T21:52:24Z,123174105088,92301893632,25830862848,74.936,10,16,16,29086402,49263040
2026-09-27T21:52:39Z,123174105088,92301893632,25830862848,74.936,10,16,16,29086402,49263040
2026-09-27T21:52:54Z,123174105088,92301893632,25830862848,74.936,10,16,16,29080922,49263040
2026-09-27T21:53:09Z,123174105088,92301897728,25830858752,74.936,10,16,16,29080922,49263040
2026-09-27T21:53:24Z,123174105088,92301901824,25830854656,74.936,10,16,16,29080922,49263040
2026-09-27T21:53:39Z,123174105088,92301901824,25830854656,74.936,10,16,16,29080922,49263040
2026-09-27T21:53:54Z,123174105088,92301897728,25830858752,74.936,10,16,16,29079396,49263040
2026-09-27T21:54:09Z,123174105088,92301897728,25830858752,74.936,10,16,16,29079396,49263040
2026-09-27T21:54:24Z,123174105088,92301897728,25830858752,74.936,10,16,16,29079396,49263040
2026-09-27T21:54:40Z,123174105088,92301897728,25830858752,74.936,10,16,16,29079396,49263040
2026-09-27T21:54:55Z,123174105088,92301893632,25830862848,74.936,10,16,16,29070315,49263040
2026-09-27T21:55:10Z,123174105088,92301893632,25830862848,74.936,10,16,16,29070315,49263040
2026-09-27T21:55:25Z,123174105088,92301893632,25830862848,74.936,10,16,16,29070315,49263040
2026-09-27T21:55:40Z,123174105088,92301893632,25830862848,74.936,10,16,16,29070315,49263040
2026-09-27T21:55:55Z,123174105088,92301881344,25830875136,74.936,10,16,16,29057752,49263040
2026-09-27T21:56:10Z,123174105088,92301881344,25830875136,74.936,10,16,16,29057752,49263040
2026-09-27T21:56:25Z,123174105088,92301881344,25830875136,74.936,10,16,16,29057752,49263040
2026-09-27T21:56:40Z,123174105088,92301885440,25830871040,74.936,10,16,16,29057752,49263040
2026-09-27T21:56:55Z,123174105088,92301877248,25830879232,74.936,10,16,16,29048828,49263040
2026-09-27T21:57:10Z,123174105088,92301877248,25830879232,74.936,10,16,16,29048828,49263040
2026-09-27T21:57:26Z,123174105088,92301877248,25830879232,74.936,10,16,16,29048828,49263040
2026-09-27T21:57:41Z,123174105088,92301877248,25830879232,74.936,10,16,16,29048828,49263040
2026-09-27T21:57:56Z,123174105088,92301873152,25830883328,74.936,10,16,16,29041576,49263040
2026-09-27T21:58:11Z,123174105088,92301873152,25830883328,74.936,10,16,16,29041576,49263040
2026-09-27T21:58:26Z,123174105088,92301873152,25830883328,74.936,10,16,16,29041576,49263040
2026-09-27T21:58:41Z,123174105088,92301873152,25830883328,74.936,10,16,16,29041576,49263040
2026-09-27T21:58:56Z,123174105088,92301864960,25830891520,74.936,10,16,16,29035503,49263040
2026-09-27T21:59:11Z,123174105088,92301864960,25830891520,74.936,10,16,16,29035503,49263040
2026-09-27T21:59:26Z,123174105088,92301864960,25830891520,74.936,10,16,16,29035503,49263040
2026-09-27T21:59:41Z,123174105088,92301864960,25830891520,74.936,10,16,16,29035503,49263040
2026-09-27T21:59:56Z,123174105088,92301856768,25830899712,74.936,10,16,16,29026110,49263040
2026-09-27T22:00:11Z,123174105088,92301856768,25830899712,74.936,10,16,16,29026110,49263040
2026-09-27T22:00:27Z,123174105088,92301856768,25830899712,74.936,10,16,16,29026110,49263040
2026-09-27T22:00:42Z,123174105088,92301856768,25830899712,74.936,10,16,16,29026110,49263040
2026-09-27T22:00:57Z,123174105088,92301844480,25830912000,74.936,10,16,16,29012237,49263040
2026-09-27T22:01:12Z,123174105088,92301844480,25830912000,74.936,10,16,16,29012237,49263040
2026-09-27T22:01:27Z,123174105088,92301844480,25830912000,74.936,10,16,16,29012237,49263040
2026-09-27T22:01:42Z,123174105088,92301844480,25830912000,74.936,10,16,16,29012237,49263040
2026-09-27T22:01:57Z,123174105088,92301836288,25830920192,74.936,10,16,16,28999140,49263040
2026-09-27T22:02:12Z,123174105088,92301836288,25830920192,74.936,10,16,16,28999140,49263040
2026-09-27T22:02:27Z,123174105088,92301836288,25830920192,74.936,10,16,16,28999140,49263040
2026-09-27T22:02:42Z,123174105088,92301836288,25830920192,74.936,10,16,16,28999140,49263040
2026-09-27T22:02:57Z,123174105088,92301815808,25830940672,74.936,10,16,16,28976419,49263040
2026-09-27T22:03:12Z,123174105088,92301815808,25830940672,74.936,10,16,16,28976419,49263040
2026-09-27T22:03:28Z,123174105088,92301815808,25830940672,74.936,10,16,16,28976419,49263040
2026-09-27T22:03:43Z,123174105088,92301815808,25830940672,74.936,10,16,16,28976419,49263040
2026-09-27T22:03:58Z,123174105088,92301795328,25830961152,74.936,10,16,16,28954375,49263040
2026-09-27T22:04:13Z,123174105088,92301799424,25830957056,74.936,10,16,16,28954375,49263040
2026-09-27T22:04:28Z,123174105088,92301799424,25830957056,74.936,10,16,16,28954375,49263040
2026-09-27T22:04:43Z,123174105088,92301799424,25830957056,74.936,10,16,16,28954375,49263040
2026-09-27T22:04:58Z,123174105088,92301778944,25830977536,74.936,10,16,16,28935843,49263040
2026-09-27T22:05:13Z,123174105088,92301783040,25830973440,74.936,10,16,16,28935843,49263040
2026-09-27T22:05:28Z,123174105088,92301787136,25830969344,74.936,10,16,16,28935843,49263040
2026-09-27T22:05:43Z,123174105088,92306579456,25826177024,74.940,10,16,16,28935843,54054378
2026-09-27T22:05:58Z,123174105088,92306722816,25826033664,74.940,11,16,16,28935843,54187791
2026-09-27T22:06:13Z,123174105088,92306722816,25826033664,74.940,11,16,16,28935843,54187791
2026-09-27T22:06:28Z,123174105088,92306722816,25826033664,74.940,11,16,16,28935843,54187791
2026-09-27T22:06:44Z,123174105088,92306722816,25826033664,74.940,11,16,16,28935843,54187791
2026-09-27T22:06:59Z,123174105088,92306722816,25826033664,74.940,11,16,16,28935843,54187791
2026-09-27T22:07:14Z,123174105088,92306722816,25826033664,74.940,11,16,16,28935843,54187791
2026-09-27T22:07:29Z,123174105088,92306722816,25826033664,74.940,11,16,16,28935843,54187791
2026-09-27T22:07:44Z,123174105088,92306731008,25826025472,74.940,11,16,16,28935843,54187791
2026-09-27T22:07:59Z,123174105088,92306722816,25826033664,74.940,11,16,16,28935843,54187791
2026-09-27T22:08:14Z,123174105088,92306722816,25826033664,74.940,11,16,16,28935843,54187791
2026-09-27T22:08:29Z,123174105088,92306722816,25826033664,74.940,11,16,16,28935843,54187791
2026-09-27T22:08:44Z,123174105088,92306726912,25826029568,74.940,11,16,16,28935843,54187791
