id,app,args,exit_code,out_bytes,elapsed_s,last_line
p001,rpicam-vid,"--mode 2304:1296:10:P --width 1280 --height 720",0,1961872,2.7,"Halting: reached timeout of 2000 milliseconds."
p002,rpicam-vid,"--mode 2304:1296:10:P --width 1280 --height 720 --denoise cdn_off --denoise cdn_fast",255,0,0.2,"ERROR: *** option '--denoise' cannot be specified more than once ***"
p003,rpicam-vid,"--mode 2304:1296:10:P --width 1280 --height 720 --sharpness 1.0 --sharpness 2.0",255,0,0.2,"ERROR: *** option '--sharpness' cannot be specified more than once ***"
p004,rpicam-vid,"--mode 2304:1296:10:P --width 1280 --height 720 --sharpness -1.61",0,2003147,2.7,"Halting: reached timeout of 2000 milliseconds."
p005,rpicam-vid,"--mode 2304:1296:10:P --width 1280 --height 720 --sharpness 0",0,1995865,2.6,"Halting: reached timeout of 2000 milliseconds."
p006,rpicam-vid,"--mode 2304:1296:10:P --width 1280 --height 720 --sharpness 1",0,2042096,2.7,"Halting: reached timeout of 2000 milliseconds."
p007,rpicam-vid,"--mode 2304:1296:10:P --width 1280 --height 720 --sharpness 8",0,2129063,2.6,"Halting: reached timeout of 2000 milliseconds."
p008,rpicam-vid,"--mode 2304:1296:10:P --width 1280 --height 720 --sharpness 16",0,2106098,2.6,"Halting: reached timeout of 2000 milliseconds."
p009,rpicam-vid,"--mode 2304:1296:10:P --width 1280 --height 720 --sharpness 17.61",0,2111034,2.6,"Halting: reached timeout of 2000 milliseconds."
p010,rpicam-vid,"--mode 2304:1296:10:P --width 1280 --height 720 --contrast -3.21",0,37480,2.8,"Halting: reached timeout of 2000 milliseconds."
p011,rpicam-vid,"--mode 2304:1296:10:P --width 1280 --height 720 --contrast 0",0,38185,2.8,"Halting: reached timeout of 2000 milliseconds."
p012,rpicam-vid,"--mode 2304:1296:10:P --width 1280 --height 720 --contrast 1",0,2044480,2.7,"Halting: reached timeout of 2000 milliseconds."
p013,rpicam-vid,"--mode 2304:1296:10:P --width 1280 --height 720 --contrast 16",0,2120516,2.6,"Halting: reached timeout of 2000 milliseconds."
p014,rpicam-vid,"--mode 2304:1296:10:P --width 1280 --height 720 --contrast 32",0,2116613,2.6,"Halting: reached timeout of 2000 milliseconds."
p015,rpicam-vid,"--mode 2304:1296:10:P --width 1280 --height 720 --contrast 35.21",0,2120258,2.6,"Halting: reached timeout of 2000 milliseconds."
p016,rpicam-vid,"--mode 2304:1296:10:P --width 1280 --height 720 --saturation -3.21",0,1951017,2.7,"Halting: reached timeout of 2000 milliseconds."
p017,rpicam-vid,"--mode 2304:1296:10:P --width 1280 --height 720 --saturation 0",0,1947694,2.6,"Halting: reached timeout of 2000 milliseconds."
p018,rpicam-vid,"--mode 2304:1296:10:P --width 1280 --height 720 --saturation 1",0,2020678,2.6,"Halting: reached timeout of 2000 milliseconds."
p019,rpicam-vid,"--mode 2304:1296:10:P --width 1280 --height 720 --saturation 16",0,23718,2.8,"Halting: reached timeout of 2000 milliseconds."
p020,rpicam-vid,"--mode 2304:1296:10:P --width 1280 --height 720 --saturation 32",0,23317,2.8,"Halting: reached timeout of 2000 milliseconds."
p021,rpicam-vid,"--mode 2304:1296:10:P --width 1280 --height 720 --saturation 35.21",0,23609,2.8,"Halting: reached timeout of 2000 milliseconds."
p022,rpicam-vid,"--mode 2304:1296:10:P --width 1280 --height 720 --brightness -1.21",0,95599,2.8,"Halting: reached timeout of 2000 milliseconds."
p023,rpicam-vid,"--mode 2304:1296:10:P --width 1280 --height 720 --brightness -1",0,95482,2.8,"Halting: reached timeout of 2000 milliseconds."
p024,rpicam-vid,"--mode 2304:1296:10:P --width 1280 --height 720 --brightness 0",0,2046994,2.7,"Halting: reached timeout of 2000 milliseconds."
p025,rpicam-vid,"--mode 2304:1296:10:P --width 1280 --height 720 --brightness 1",0,2110,2.8,"Halting: reached timeout of 2000 milliseconds."
p026,rpicam-vid,"--mode 2304:1296:10:P --width 1280 --height 720 --brightness 1.21",0,2110,2.8,"Halting: reached timeout of 2000 milliseconds."
p027,rpicam-vid,"--mode 2304:1296:10:P --width 1280 --height 720 --denoise auto",0,2034035,2.6,"Halting: reached timeout of 2000 milliseconds."
p028,rpicam-vid,"--mode 2304:1296:10:P --width 1280 --height 720 --denoise off",0,2127070,2.6,"Halting: reached timeout of 2000 milliseconds."
p029,rpicam-vid,"--mode 2304:1296:10:P --width 1280 --height 720 --denoise cdn_off",0,2101811,2.6,"Halting: reached timeout of 2000 milliseconds."
p030,rpicam-vid,"--mode 2304:1296:10:P --width 1280 --height 720 --denoise cdn_fast",0,2056638,2.6,"Halting: reached timeout of 2000 milliseconds."
p031,rpicam-vid,"--mode 2304:1296:10:P --width 1280 --height 720 --denoise cdn_hq",0,1744113,2.6,"Halting: reached timeout of 2000 milliseconds."
p032,rpicam-vid,"--mode 2304:1296:10:P --width 1280 --height 720 --denoise bogus",255,0,0.3,"ERROR: *** Invalid denoise mode bogus ***"
p033,rpicam-vid,"--mode 2304:1296:10:P --width 1000 --height 562 --hdr off",0,539458,2.6,"Halting: reached timeout of 2000 milliseconds."
p034,rpicam-vid,"--mode 4608:2592:10:P --width 1000 --height 562 --hdr off",0,162571,3.2,"Halting: reached timeout of 2000 milliseconds."
p035,rpicam-vid,"--mode 2304:1296:10:P --width 1000 --height 562 --hdr auto",0,1516382,2.9,"Halting: reached timeout of 2000 milliseconds."
p036,rpicam-vid,"--mode 4608:2592:10:P --width 1000 --height 562 --hdr auto",0,1512066,2.7,"Halting: reached timeout of 2000 milliseconds."
p037,rpicam-vid,"--mode 2304:1296:10:P --width 1000 --height 562 --hdr sensor",0,1513546,2.7,"Halting: reached timeout of 2000 milliseconds."
p038,rpicam-vid,"--mode 4608:2592:10:P --width 1000 --height 562 --hdr sensor",0,1511690,2.7,"Halting: reached timeout of 2000 milliseconds."
p039,rpicam-vid,"--mode 2304:1296:10:P --width 1000 --height 562 --hdr single-exp",0,523230,2.7,"Halting: reached timeout of 2000 milliseconds."
p040,rpicam-vid,"--mode 4608:2592:10:P --width 1000 --height 562 --hdr single-exp",0,159444,2.9,"Halting: reached timeout of 2000 milliseconds."
p041,rpicam-vid,"--mode 2304:1296:10:P --width 1000 --height 562 --hdr bogus",255,0,0.2,"ERROR: *** Invalid HDR option provided: bogus ***"
p042,rpicam-vid,"--mode 4608:2592:10:P --width 1000 --height 562 --hdr bogus",255,0,0.2,"ERROR: *** Invalid HDR option provided: bogus ***"
p043,rpicam-still,"",0,1494100,2.4,"Still capture image received"
p044,rpicam-still,"--hdr off",0,1490099,2.3,"Still capture image received"
p045,rpicam-still,"--hdr auto",0,616298,2.0,"Still capture image received"
p046,rpicam-still,"--hdr sensor",0,612255,2.1,"Still capture image received"
p047,rpicam-still,"--hdr single-exp",0,1498110,2.4,"Still capture image received"
p048,rpicam-still,"--hdr bogus",255,0,0.2,"ERROR: *** Invalid HDR option provided: bogus ***"
p049,rpicam-still,"--denoise auto",0,1496429,2.4,"Still capture image received"
p050,rpicam-still,"--denoise off",0,2414222,2.1,"Still capture image received"
p051,rpicam-still,"--denoise cdn_off",0,1640271,2.1,"Still capture image received"
p052,rpicam-still,"--denoise cdn_fast",0,1476870,2.1,"Still capture image received"
p053,rpicam-still,"--denoise cdn_hq",0,1340426,2.3,"Still capture image received"
p054,rpicam-still,"--denoise bogus",255,0,0.3,"ERROR: *** Invalid denoise mode bogus ***"
p055,rpicam-still,"--sharpness -1.61",0,1445865,2.4,"Still capture image received"
p056,rpicam-still,"--sharpness 0",0,1455118,2.3,"Still capture image received"
p057,rpicam-still,"--sharpness 1",0,1498895,2.3,"Still capture image received"
p058,rpicam-still,"--sharpness 8",0,1856340,2.3,"Still capture image received"
p059,rpicam-still,"--sharpness 16",0,2239193,2.3,"Still capture image received"
p060,rpicam-still,"--sharpness 17.61",0,2209139,2.4,"Still capture image received"
p061,rpicam-still,"--contrast -3.21",0,245795,2.2,"Still capture image received"
p062,rpicam-still,"--contrast 0",0,245838,2.2,"Still capture image received"
p063,rpicam-still,"--contrast 1",0,1498802,2.3,"Still capture image received"
p064,rpicam-still,"--contrast 16",0,1635704,2.3,"Still capture image received"
p065,rpicam-still,"--contrast 32",0,1623844,2.4,"Still capture image received"
p066,rpicam-still,"--contrast 35.21",0,1646941,2.3,"Still capture image received"
p067,rpicam-still,"--saturation -3.21",0,1383549,2.3,"Still capture image received"
p068,rpicam-still,"--saturation 0",0,1379099,2.3,"Still capture image received"
p069,rpicam-still,"--saturation 1",0,1502439,2.3,"Still capture image received"
p070,rpicam-still,"--saturation 16",0,196239,2.2,"Still capture image received"
p071,rpicam-still,"--saturation 32",0,196592,2.2,"Still capture image received"
p072,rpicam-still,"--saturation 35.21",0,196297,2.3,"Still capture image received"
p073,rpicam-still,"--brightness -1.21",0,272784,2.2,"Still capture image received"
p074,rpicam-still,"--brightness -1",0,272986,2.2,"Still capture image received"
p075,rpicam-still,"--brightness 0",0,1503203,2.3,"Still capture image received"
p076,rpicam-still,"--brightness 1",0,189389,2.2,"Still capture image received"
p077,rpicam-still,"--brightness 1.21",0,189389,2.3,"Still capture image received"
