run,arm,shape,start,end,sent,accepted,rejected,sum_ok,nc_first,nc_max,nc_last,syncs,health,size,gap_s,accept_pct,drain_n,drain_p50_s,drain_p90_s,acc_bytes,acc_bytes_per_s
t1a28800,A288,steady,2026-10-06T21:30:00.013+00:00,2026-10-06T21:32:37.313+00:00,122,117,5,True,5.0,12.0,12.0,,,288,1.3,95.9,117,0.06,0.06,33696,214.2
t1a90001,A900,steady,2026-10-06T21:34:13.079+00:00,2026-10-06T21:35:02.479+00:00,39,20,20,False,13.0,15.0,15.0,,,900,1.3,51.3,20,2.29,10.88,18000,364.4
t1a9602,A96,steady,2026-10-06T21:36:39.003+00:00,2026-10-06T21:44:32.203+00:00,365,360,5,True,15.0,29.0,29.0,,,96,1.3,98.6,360,0.03,0.04,34560,73.0
t1a60003,A600,steady,2026-10-06T21:46:08.047+00:00,2026-10-06T21:47:22.147+00:00,58,37,21,True,2.0,6.0,6.0,,,600,1.3,63.8,37,1.44,10.61,22200,299.6
t1a22404,A224,steady,2026-10-06T21:48:59.006+00:00,2026-10-06T21:52:20.506+00:00,156,151,5,True,6.0,15.0,15.0,,,224,1.3,96.8,151,0.05,0.06,33824,167.9
t1a100005,A1000,steady,2026-10-06T21:53:57.090+00:00,2026-10-06T21:54:41.290+00:00,35,15,20,True,15.0,17.0,17.0,,,1000,1.3,42.9,15,5.37,6.35,15000,339.4
t1a16006,A160,steady,2026-10-06T21:56:17.004+00:00,2026-10-06T22:01:00.404+00:00,219,212,6,False,18.0,28.0,28.0,,,160,1.3,96.8,212,0.04,0.05,33920,119.7
t1a45007,A450,steady,2026-10-06T22:05:37.030+00:00,2026-10-06T22:07:17.130+00:00,78,67,9,False,28.0,34.0,34.0,,,450,1.3,85.9,67,0.09,0.1,30150,301.2
t1a38408,A384,steady,2026-10-06T22:11:53.023+00:00,2026-10-06T22:13:50.023+00:00,91,71,18,False,2.0,7.0,7.0,,,384,1.3,78.0,71,0.07,0.08,27264,233.0
t1f22409,F224,steady,2026-10-06T22:15:26.005+00:00,2026-10-06T22:16:59.005+00:00,156,109,29,False,8.0,14.0,14.0,,,224,0.6,69.9,109,0.33,1.63,24416,262.5
t1f9610,F96,steady,2026-10-06T22:18:35.003+00:00,2026-10-06T22:22:13.403+00:00,365,352,13,True,14.0,27.0,27.0,,,96,0.6,96.4,352,0.03,0.04,33792,154.7
t1f38411,F384,steady,2026-10-06T22:23:49.023+00:00,2026-10-06T22:24:43.023+00:00,91,67,24,True,27.0,32.0,32.0,,,384,0.6,73.6,67,1.31,1.58,25728,476.4
t1f16012,F160,steady,2026-10-06T22:26:19.004+00:00,2026-10-06T22:28:29.804+00:00,219,213,6,True,33.0,43.0,43.0,,,160,0.6,97.3,213,0.04,0.58,34080,260.6
t1f28813,F288,steady,2026-10-06T22:30:05.012+00:00,2026-10-06T22:31:17.612+00:00,122,117,5,True,51.0,51.0,51.0,,,288,0.6,95.9,117,0.71,0.96,33696,464.1
t1s60014,S600,steady,2026-10-06T22:32:53.047+00:00,2026-10-06T22:38:35.047+00:00,58,58,0,True,51.0,57.0,57.0,,,600,6.0,100.0,58,5.91,10.84,34800,101.8
t1s100015,S1000,steady,2026-10-06T22:40:16.090+00:00,2026-10-06T22:43:40.090+00:00,35,34,1,True,58.0,60.0,4.0,,,1000,6.0,97.1,34,7.97,10.84,34000,166.7
t1s45016,S450,steady,2026-10-06T22:45:21.030+00:00,2026-10-06T22:53:03.030+00:00,78,78,0,True,5.0,11.0,11.0,,,450,6.0,100.0,78,0.09,0.09,35100,76.0
t1s90017,S900,steady,2026-10-06T22:54:44.079+00:00,2026-10-06T22:58:32.079+00:00,39,25,15,False,11.0,15.0,15.0,,,900,6.0,64.1,25,14.55,19.2,22500,98.7
t1r38418,R384,steady,2026-10-06T23:05:43.023+00:00,2026-10-06T23:07:40.023+00:00,91,91,0,True,16.0,23.0,23.0,,,384,1.3,100.0,91,0.07,0.08,34944,298.7
t1r45019,R450,steady,2026-10-06T23:11:47.030+00:00,2026-10-06T23:13:27.130+00:00,78,69,9,True,2.0,8.0,8.0,,,450,1.3,88.5,69,0.09,0.1,31050,310.2
t1r16020,R160,steady,2026-10-06T23:15:03.004+00:00,2026-10-06T23:19:46.404+00:00,219,207,10,False,10.0,19.0,19.0,,,160,1.3,94.5,207,0.04,0.07,33120,116.9
t1r100021,R1000,steady,2026-10-06T23:21:23.090+00:00,2026-10-06T23:22:07.290+00:00,35,15,20,True,19.0,22.0,22.0,,,1000,1.3,42.9,15,5.29,6.09,15000,339.4
t1r22422,R224,steady,2026-10-06T23:23:43.006+00:00,2026-10-06T23:27:04.505+00:00,156,151,5,True,22.0,30.0,30.0,,,224,1.3,96.8,151,0.05,0.06,33824,167.9
t1r60023,R600,steady,2026-10-06T23:28:41.047+00:00,2026-10-06T23:29:55.147+00:00,58,32,26,True,30.0,35.0,35.0,,,600,1.3,55.2,32,1.16,10.83,19200,259.1
t1r9624,R96,steady,2026-10-06T23:31:31.003+00:00,2026-10-06T23:39:24.203+00:00,365,354,9,False,35.0,48.0,48.0,,,96,1.3,97.0,354,0.04,0.04,33984,71.8
t1r90025,R900,steady,2026-10-06T23:41:01.079+00:00,2026-10-06T23:41:50.479+00:00,39,16,22,False,49.0,50.0,50.0,,,900,1.3,41.0,16,2.59,14.53,14400,291.5
t1r28826,R288,steady,2026-10-06T23:43:27.012+00:00,2026-10-06T23:46:04.312+00:00,122,117,5,True,2.0,10.0,10.0,,,288,1.3,95.9,117,0.06,0.06,33696,214.2
