23011837	2026-09-24T08-10-37Z_video_5s	1
23012737	2026-09-24T08-25-37Z_video_5s	1
23013637	2026-09-24T08-40-37Z_video_5s	1
23014537	2026-09-24T08-55-37Z_video_5s	1
23015437	2026-09-24T09-10-37Z_video_5s	1
23016336	2026-09-24T09-25-36Z_video_5s	1
23017236	2026-09-24T09-40-36Z_video_5s	1
23018136	2026-09-24T09-55-36Z_video_5s	1
23019036	2026-09-24T10-10-36Z_video_5s	1
23019936	2026-09-24T10-25-36Z_video_5s	1
23020836	2026-09-24T10-40-36Z_video_5s	1
23021736	2026-09-24T10-55-36Z_video_5s	1
23022635	2026-09-24T11-10-35Z_video_5s	1
23023535	2026-09-24T11-25-35Z_video_5s	1
23024435	2026-09-24T11-40-35Z_video_5s	1
23025335	2026-09-24T11-55-35Z_video_5s	1
23026235	2026-09-24T12-10-35Z_video_5s	1
23027135	2026-09-24T12-25-35Z_video_5s	1
23028035	2026-09-24T12-40-35Z_video_5s	1
23028934	2026-09-24T12-55-34Z_video_5s	1
23029834	2026-09-24T13-10-34Z_video_5s	1
23030734	2026-09-24T13-25-34Z_video_5s	1
23031634	2026-09-24T13-40-34Z_video_5s	1
23032534	2026-09-24T13-55-34Z_video_5s	1
23033434	2026-09-24T14-10-34Z_video_5s	1
23034334	2026-09-24T14-25-34Z_video_5s	1
23035234	2026-09-24T14-40-34Z_video_5s	1
23036133	2026-09-24T14-55-33Z_video_5s	1
23037033	2026-09-24T15-10-33Z_video_5s	1
23037933	2026-09-24T15-25-33Z_video_5s	1
23038833	2026-09-24T15-40-33Z_video_5s	1
23039733	2026-09-24T15-55-33Z_video_5s	1
23040633	2026-09-24T16-10-33Z_video_5s	1
23041533	2026-09-24T16-25-33Z_video_5s	1
23042432	2026-09-24T16-40-32Z_video_5s	1
23043332	2026-09-24T16-55-32Z_video_5s	1
23044232	2026-09-24T17-10-32Z_video_5s	1
23045132	2026-09-24T17-25-32Z_video_5s	1
23046032	2026-09-24T17-40-32Z_video_5s	1
23046932	2026-09-24T17-55-32Z_video_5s	1
23047832	2026-09-24T18-10-32Z_video_5s	1
23050831	2026-09-24T19-00-31Z_video_5s	1
23054430	2026-09-24T20-00-30Z_video_5s	1
23058030	2026-09-24T21-00-30Z_video_5s	1
23061639	2026-09-24T22-00-39Z_video_5s	1
23065239	2026-09-24T23-00-39Z_video_5s	1
23068838	2026-09-25T00-00-38Z_video_5s	1
23072437	2026-09-25T01-00-37Z_video_5s	1
23076037	2026-09-25T02-00-37Z_video_5s	1
23079636	2026-09-25T03-00-36Z_video_5s	1
23083235	2026-09-25T04-00-35Z_video_5s	1
23086835	2026-09-25T05-00-35Z_video_5s	1
23090434	2026-09-25T06-00-34Z_video_5s	1
23094034	2026-09-25T07-00-34Z_video_5s	1
23097633	2026-09-25T08-00-33Z_video_5s	1
23101232	2026-09-25T09-00-32Z_video_5s	1
23104832	2026-09-25T10-00-32Z_video_5s	1
23108431	2026-09-25T11-00-31Z_video_5s	1
23112031	2026-09-25T12-00-31Z_video_5s	1
23115630	2026-09-25T13-00-30Z_video_5s	1
23119239	2026-09-25T14-00-39Z_video_5s	1
23122839	2026-09-25T15-00-39Z_video_5s	1
23126438	2026-09-25T16-00-38Z_video_5s	1
23130037	2026-09-25T17-00-37Z_video_5s	1
23133637	2026-09-25T18-00-37Z_video_5s	1
23137236	2026-09-25T19-00-36Z_video_5s	1
23138546	2026-09-25T19-22-26Z_video_5s	1
23139765	2026-09-25T19-42-45Z_video_5s	1
23140299	2026-09-25T19-51-38Z_video_5s	1
23139006	2026-09-25T19:29:57Z_image_compressed	0
23140759	2026-09-25T19:59:17Z_image_compressed	0
23144439	2026-09-25T21-00-39Z_video_5s	1
23148038	2026-09-25T22-00-38Z_video_5s	1
23149318	2026-09-25T22-21-58Z_video_5s	1
23151638	2026-09-25T23-00-38Z_video_5s	1
23155237	2026-09-26T00-00-37Z_video_5s	1
23156347	2026-09-26T00-19-06Z_video_5s	1
23156807	2026-09-26T00:26:39Z_image_compressed	0
23157417	2026-09-26T00:36:54Z_image_compressed	0
23158836	2026-09-26T01-00-36Z_video_5s	1
23160636	2026-09-26T01-30-36Z_video_5s	1
23162436	2026-09-26T02-00-36Z_video_5s	1
23164235	2026-09-26T02-30-35Z_video_5s	1
23166035	2026-09-26T03-00-35Z_video_5s	1
23167835	2026-09-26T03-30-35Z_video_5s	1
23169635	2026-09-26T04-00-35Z_video_5s	1
23171434	2026-09-26T04-30-34Z_video_5s	1
23173234	2026-09-26T05-00-34Z_video_5s	1
23175034	2026-09-26T05-30-34Z_video_5s	1
23176833	2026-09-26T06-00-33Z_video_5s	1
23178633	2026-09-26T06-30-33Z_video_5s	1
23180433	2026-09-26T07-00-33Z_video_5s	1
23182232	2026-09-26T07-30-32Z_video_5s	1
23184032	2026-09-26T08-00-32Z_video_5s	1
23185832	2026-09-26T08-30-32Z_video_5s	1
23187632	2026-09-26T09-00-32Z_video_5s	1
23189431	2026-09-26T09-30-31Z_video_5s	1
23191231	2026-09-26T10-00-31Z_video_5s	1
23193031	2026-09-26T10-30-31Z_video_5s	1
23194830	2026-09-26T11-00-30Z_video_5s	1
23196630	2026-09-26T11-30-30Z_video_5s	1
23198430	2026-09-26T12-00-30Z_video_5s	1
23200229	2026-09-26T12-30-29Z_video_5s	1
23202029	2026-09-26T13-00-29Z_video_5s	1
23203829	2026-09-26T13-30-29Z_video_5s	1
23205638	2026-09-26T14-00-38Z_video_5s	1
23207438	2026-09-26T14-30-38Z_video_5s	1
23209238	2026-09-26T15-00-38Z_video_5s	1
23211038	2026-09-26T15-30-38Z_video_5s	1
23212837	2026-09-26T16-00-37Z_video_5s	1
23214637	2026-09-26T16-30-37Z_video_5s	1
23216437	2026-09-26T17-00-37Z_video_5s	1
23218236	2026-09-26T17-30-36Z_video_5s	1
23220036	2026-09-26T18-00-36Z_video_5s	1
23221836	2026-09-26T18-30-36Z_video_5s	1
23223635	2026-09-26T19-00-35Z_video_5s	1
23227235	2026-09-26T20-00-35Z_video_5s	1
23230834	2026-09-26T21-00-34Z_video_5s	1
23233664	2026-09-26T21-47-41Z_video_5s	1
23234124	2026-09-26T21-55-24Z_video_5s	1
23234584	2026-09-26T22:02:56Z_image_compressed	0
23234994	2026-09-26T22:09:54Z_image_compressed	0
23238033	2026-09-26T23-00-33Z_video_5s	1
23241628	2026-09-27T00-00-28Z_video_5s	1
23245238	2026-09-27T01-00-38Z_video_5s	1
23248837	2026-09-27T02-00-37Z_video_5s	1
23252436	2026-09-27T03-00-36Z_video_5s	1
23256036	2026-09-27T04-00-36Z_video_5s	1
23259635	2026-09-27T05-00-35Z_video_5s	1
23260955	2026-09-27T05-22-36Z_video_5s	1
23261125	2026-09-27T05-25-26Z_video_5s	1
23261285	2026-09-27T05-28-06Z_video_5s	1
23261735	2026-09-27T05-35-36Z_video_5s	1
23261965	2026-09-27T05:39:25Z_image_compressed	0
23262085	2026-09-27T05:41:25Z_image_compressed	0
23262205	2026-09-27T05:43:25Z_image_compressed	0
23262325	2026-09-27T05:45:25Z_image_compressed	0
23262445	2026-09-27T05:47:25Z_image_compressed	0
23262565	2026-09-27T05:49:25Z_image_compressed	0
23262685	2026-09-27T05:51:25Z_image_compressed	0
23262805	2026-09-27T05:53:25Z_image_compressed	0
23262925	2026-09-27T05:55:25Z_image_compressed	0
23263045	2026-09-27T05:57:25Z_image_compressed	0
23263165	2026-09-27T05:59:25Z_image_compressed	0
23263285	2026-09-27T06:01:25Z_image_compressed	0
23263405	2026-09-27T06:03:25Z_image_compressed	0
23263525	2026-09-27T06:05:25Z_image_compressed	0
23263645	2026-09-27T06:07:25Z_image_compressed	0
23263765	2026-09-27T06:09:25Z_image_compressed	0
23263885	2026-09-27T06:11:25Z_image_compressed	0
23264005	2026-09-27T06:13:25Z_image_compressed	0
23264124	2026-09-27T06:15:25Z_image_compressed	0
23264244	2026-09-27T06:17:25Z_image_compressed	0
23264364	2026-09-27T06:19:25Z_image_compressed	0
23266834	2026-09-27T07-00-34Z_video_5s	1
23270433	2026-09-27T08-00-33Z_video_5s	1
23274033	2026-09-27T09-00-33Z_video_5s	1
23277632	2026-09-27T10-00-32Z_video_5s	1
23281232	2026-09-27T11-00-32Z_video_5s	1
23284831	2026-09-27T12-00-31Z_video_5s	1
23288430	2026-09-27T13-00-30Z_video_5s	1
23292030	2026-09-27T14-00-30Z_video_5s	1
23295629	2026-09-27T15-00-29Z_video_5s	1
23299238	2026-09-27T16-00-38Z_video_5s	1
23302838	2026-09-27T17-00-38Z_video_5s	1
23306437	2026-09-27T18-00-37Z_video_5s	1
23310037	2026-09-27T19-00-37Z_video_5s	1
23313636	2026-09-27T20-00-36Z_video_5s	1
23324434	2026-09-27T23-00-34Z_video_5s	1
23328033	2026-09-28T00-00-33Z_video_5s	1
23331633	2026-09-28T01-00-33Z_video_5s	1
23335232	2026-09-28T02-00-32Z_video_5s	1
23338832	2026-09-28T03-00-32Z_video_5s	1
23342431	2026-09-28T04-00-31Z_video_5s	1
23346030	2026-09-28T05-00-30Z_video_5s	1
23349630	2026-09-28T06-00-30Z_video_5s	1
23353229	2026-09-28T07-00-29Z_video_5s	1
23356838	2026-09-28T08-00-38Z_video_5s	1
23360438	2026-09-28T09-00-38Z_video_5s	1
23364037	2026-09-28T10-00-37Z_video_5s	1
23367637	2026-09-28T11-00-37Z_video_5s	1
23371236	2026-09-28T12-00-36Z_video_5s	1
23374835	2026-09-28T13-00-35Z_video_5s	1
23378435	2026-09-28T14-00-35Z_video_5s	1
23382034	2026-09-28T15-00-34Z_video_5s	1
23385634	2026-09-28T16-00-34Z_video_5s	1
23388023	2026-09-28T16-40-23Z_video_5s	1
23388593	2026-09-28T16-49-53Z_video_5s	1
23391013	2026-09-28T17-30-11Z_video_3s	1
23392182	2026-09-28T17-49-41Z_video_3s	1
23390583	2026-09-28T17:23:03Z_image_compressed	0
23392682	2026-09-28T17:58:01Z_image_compressed	0
23393962	2026-09-28T18-19-21Z_video_5s	1
23392972	2026-09-28T18:02:51Z_image_compressed	0
23396432	2026-09-28T19-00-32Z_video_5s	1
23400031	2026-09-28T20-00-31Z_video_5s	1
23401301	2026-09-28T20-21-41Z_video_5s	1
23401941	2026-09-28T20-32-19Z_video_5s	1
23403820	2026-09-28T21-03-39Z_video_5s	1
23405600	2026-09-28T21-33-18Z_video_5s	1
23407430	2026-09-28T22-03-48Z_video_5s	1
23409320	2026-09-28T22-35-18Z_video_5s	1
23411109	2026-09-28T23-05-08Z_video_5s	1
23412939	2026-09-28T23-35-37Z_video_5s	1
23414789	2026-09-29T00-06-27Z_video_5s	1
23416618	2026-09-29T00-36-57Z_video_5s	1
23418448	2026-09-29T01-07-26Z_video_5s	1
23420328	2026-09-29T01-38-46Z_video_5s	1
23422098	2026-09-29T02-08-16Z_video_5s	1
23423927	2026-09-29T02-38-45Z_video_5s	1
23425887	2026-09-29T03-11-25Z_video_5s	1
23427657	2026-09-29T03-40-55Z_video_5s	1
23429496	2026-09-29T04-11-34Z_video_5s	1
23431386	2026-09-29T04-43-06Z_video_5s	1
23433156	2026-09-29T05-12-36Z_video_5s	1
23434985	2026-09-29T05-43-05Z_video_5s	1
23436875	2026-09-29T06-14-35Z_video_5s	1
23438645	2026-09-29T06-44-05Z_video_5s	1
23440484	2026-09-29T07-14-44Z_video_5s	1
23442374	2026-09-29T07-46-14Z_video_5s	1
23444144	2026-09-29T08-15-44Z_video_5s	1
23445984	2026-09-29T08-46-24Z_video_5s	1
23447873	2026-09-29T09-17-53Z_video_5s	1
23449643	2026-09-29T09-47-23Z_video_5s	1
23451473	2026-09-29T10-17-53Z_video_5s	1
23453362	2026-09-29T10-49-22Z_video_5s	1
23455132	2026-09-29T11-18-52Z_video_5s	1
23456972	2026-09-29T11-49-32Z_video_5s	1
23458861	2026-09-29T12-21-01Z_video_5s	1
23460631	2026-09-29T12-50-31Z_video_5s	1
23462471	2026-09-29T13-21-11Z_video_5s	1
23464360	2026-09-29T13-52-40Z_video_5s	1
23466140	2026-09-29T14-22-20Z_video_5s	1
23467970	2026-09-29T14-52-50Z_video_5s	1
23469870	2026-09-29T15-24-30Z_video_5s	1
23473579	2026-09-29T16-26-19Z_video_5s	1
23475409	2026-09-29T16-56-49Z_video_5s	1
23479378	2026-09-29T18-02-55Z_video_5s	1
23479438	2026-09-29T18-03-58Z_video_5s	1
23481787	2026-09-29T18-43-07Z_video_5s	1
23485397	2026-09-29T19-43-17Z_video_5s	1
23606041	2026-10-01T05-14-01Z_video_5s	1
23607041	2026-10-01T05-30-41Z_video_5s	1
23608891	2026-10-01T06-01-30Z_video_5s	1
23610720	2026-10-01T06-32-00Z_video_5s	1
23612550	2026-10-01T07-02-30Z_video_5s	1
23614380	2026-10-01T07-32-59Z_video_5s	1
23616209	2026-10-01T08-03-29Z_video_5s	1
23618039	2026-10-01T08-33-59Z_video_5s	1
23619869	2026-10-01T09-04-28Z_video_5s	1
23621708	2026-10-01T09-35-08Z_video_5s	1
23623538	2026-10-01T10-05-38Z_video_5s	1
23625368	2026-10-01T10-36-07Z_video_5s	1
23627198	2026-10-01T11-06-37Z_video_5s	1
23629037	2026-10-01T11-37-17Z_video_5s	1
23630867	2026-10-01T12-07-46Z_video_5s	1
23632697	2026-10-01T12-38-16Z_video_5s	1
23634536	2026-10-01T13-08-56Z_video_5s	1
23636366	2026-10-01T13-39-25Z_video_5s	1
23638206	2026-10-01T14-10-05Z_video_5s	1
23640035	2026-10-01T14-40-35Z_video_5s	1
23641875	2026-10-01T15-11-14Z_video_5s	1
23643715	2026-10-01T15-41-54Z_video_5s	1
23645555	2026-10-01T16-12-34Z_video_5s	1
23647394	2026-10-01T16-43-13Z_video_5s	1
23649224	2026-10-01T17-13-43Z_video_5s	1
23651064	2026-10-01T17-44-23Z_video_5s	1
23652903	2026-10-01T18-15-02Z_video_5s	1
23654733	2026-10-01T18-45-32Z_video_5s	1
23656573	2026-10-01T19-16-12Z_video_5s	1
23658412	2026-10-01T19-46-51Z_video_5s	1
23660252	2026-10-01T20-17-31Z_video_5s	1
23662092	2026-10-01T20-48-11Z_video_5s	1
23663921	2026-10-01T21-18-40Z_video_5s	1
23665761	2026-10-01T21-49-20Z_video_5s	1
23667591	2026-10-01T22-19-50Z_video_5s	1
23669430	2026-10-01T22-50-29Z_video_5s	1
23671260	2026-10-01T23-20-59Z_video_5s	1
23673100	2026-10-01T23-51-39Z_video_5s	1
23674930	2026-10-02T00-22-08Z_video_5s	1
23676769	2026-10-02T00-52-48Z_video_5s	1
23678599	2026-10-02T01-23-18Z_video_5s	1
23680439	2026-10-02T01-53-57Z_video_5s	1
23682268	2026-10-02T02-24-27Z_video_5s	1
23684108	2026-10-02T02-55-07Z_video_5s	1
23685948	2026-10-02T03-25-46Z_video_5s	1
23687787	2026-10-02T03-56-26Z_video_5s	1
23689627	2026-10-02T04-27-06Z_video_5s	1
23691457	2026-10-02T04-57-35Z_video_5s	1
23693297	2026-10-02T05-28-15Z_video_5s	1
23701865	2026-10-02T07-51-03Z_video_5s	1
23702205	2026-10-02T07-56-43Z_video_5s	1
23701675	2026-10-02T07:47:53Z_image_compressed	0
23701775	2026-10-02T07:49:33Z_image_compressed	0
23702125	2026-10-02T07:55:23Z_image_compressed	0
23748657	2026-10-02T20-50-54Z_video_5s	1
23749217	2026-10-02T21-00-17Z_video_5s	1
23752836	2026-10-02T22-00-36Z_video_5s	1
23756709	2026-10-02T23-05-09Z_video_5s	1
23760039	2026-10-03T00-00-39Z_video_5s	1
23760313	2026-10-03T00-05-13Z_video_5s	1
23763632	2026-10-03T01-00-32Z_video_5s	1
23767232	2026-10-03T02-00-32Z_video_5s	1
23770831	2026-10-03T03-00-31Z_video_5s	1
23774431	2026-10-03T04-00-31Z_video_5s	1
23778030	2026-10-03T05-00-30Z_video_5s	1
23781630	2026-10-03T06-00-30Z_video_5s	1
23785229	2026-10-03T07-00-29Z_video_5s	1
23785609	2026-10-03T07-06-48Z_video_5s	1
23788838	2026-10-03T08:00:38Z_image_compressed	0
23792438	2026-10-03T09-00-38Z_video_5s	1
23796037	2026-10-03T10:00:37Z_image_compressed	0
23799636	2026-10-03T11-00-36Z_video_5s	1
23799916	2026-10-03T11-05-15Z_video_5s	1
23803236	2026-10-03T12:00:36Z_image_compressed	0
23806835	2026-10-03T13-00-35Z_video_5s	1
23810435	2026-10-03T14:00:35Z_image_compressed	0
23814034	2026-10-03T15-00-34Z_video_5s	1
23814274	2026-10-03T15-04-33Z_video_5s	1
23817633	2026-10-03T16:00:33Z_image_compressed	0
23821233	2026-10-03T17-00-33Z_video_5s	1
23824832	2026-10-03T18-00-32Z_video_5s	1
23828432	2026-10-03T19-00-32Z_video_5s	1
23832031	2026-10-03T20-00-31Z_video_5s	1
23835630	2026-10-03T21-00-30Z_video_5s	1
23835950	2026-10-03T21-05-49Z_video_5s	1
23839230	2026-10-03T22-00-30Z_video_5s	1
23842829	2026-10-03T23-00-29Z_video_5s	1
23846428	2026-10-04T00:00:28Z_image_compressed	0
23850038	2026-10-04T01-00-38Z_video_5s	1
23850318	2026-10-04T01-05-16Z_video_5s	1
23853637	2026-10-04T02:00:37Z_image_compressed	0
23857237	2026-10-04T03-00-37Z_video_5s	1
23860836	2026-10-04T04:00:36Z_image_compressed	0
23861026	2026-10-04T04:03:44Z_image_compressed	0
23868035	2026-10-04T06-00-36Z_video_5s	1
23871634	2026-10-04T07-00-34Z_video_5s	1
23875233	2026-10-04T08:00:34Z_image_compressed	0
23875393	2026-10-04T08:03:12Z_image_compressed	0
23878833	2026-10-04T09-00-35Z_video_5s	1
23882432	2026-10-04T10:00:34Z_image_compressed	0
23882592	2026-10-04T10:03:10Z_image_compressed	0
23886032	2026-10-04T11-00-34Z_video_5s	1
23889631	2026-10-04T12:00:33Z_image_compressed	0
23889801	2026-10-04T12:03:21Z_image_compressed	0
23893230	2026-10-04T13-00-32Z_video_5s	1
23896830	2026-10-04T14:00:32Z_image_compressed	0
23897100	2026-10-04T14:05:00Z_image_compressed	0
23900429	2026-10-04T15-00-31Z_video_5s	1
23904039	2026-10-04T16:00:41Z_image_compressed	0
23904308	2026-10-04T16:05:08Z_image_compressed	0
23907638	2026-10-04T17-00-40Z_video_5s	1
23911237	2026-10-04T18:00:39Z_image_compressed	0
23911517	2026-10-04T18:05:15Z_image_compressed	0
23914837	2026-10-04T19-00-40Z_video_5s	1
23918436	2026-10-04T20:00:39Z_image_compressed	0
23918746	2026-10-04T20:05:44Z_image_compressed	0
23922035	2026-10-04T21-00-37Z_video_5s	1
23925635	2026-10-04T22:00:37Z_image_compressed	0
23925895	2026-10-04T22:04:52Z_image_compressed	0
23929234	2026-10-04T23-00-37Z_video_5s	1
23932834	2026-10-05T00:00:37Z_image_compressed	0
23933114	2026-10-05T00:05:14Z_image_compressed	0
23936433	2026-10-05T01-00-35Z_video_5s	1
23940032	2026-10-05T02:00:34Z_image_compressed	0
23940312	2026-10-05T02:05:12Z_image_compressed	0
23943632	2026-10-05T03-00-35Z_video_5s	1
23947231	2026-10-05T04:00:34Z_image_compressed	0
23947461	2026-10-05T04:04:21Z_image_compressed	0
23950831	2026-10-05T05-00-33Z_video_5s	1
23954430	2026-10-05T06:00:32Z_image_compressed	0
23954670	2026-10-05T06:04:27Z_image_compressed	0
23958029	2026-10-05T07:00:31Z_image_compressed	0
23961635	2026-10-05T08:00:37Z_image_compressed	0
23961855	2026-10-05T08:04:16Z_image_compressed	0
23965234	2026-10-05T09-00-36Z_video_5s	1
23968833	2026-10-05T10:00:35Z_image_compressed	0
23969053	2026-10-05T10:04:14Z_image_compressed	0
23972433	2026-10-05T11-00-35Z_video_5s	1
23976032	2026-10-05T12:00:34Z_image_compressed	0
23976242	2026-10-05T12:04:03Z_image_compressed	0
23979632	2026-10-05T13-00-34Z_video_5s	1
23979942	2026-10-05T13-05-42Z_video_5s	1
23983231	2026-10-05T14-00-35Z_video_5s	1
23986830	2026-10-05T15:00:33Z_image_compressed	0
23990430	2026-10-05T16:00:30Z_image_compressed	0
23990670	2026-10-05T16:04:30Z_image_compressed	0
23994029	2026-10-05T17:00:31Z_image_compressed	0
23994319	2026-10-05T17:05:20Z_image_compressed	0
23997638	2026-10-05T18-00-42Z_video_5s	1
24001238	2026-10-05T19-00-39Z_video_5s	1
24004837	2026-10-05T20:00:42Z_image_compressed	0
24005087	2026-10-05T20:04:48Z_image_compressed	0
24008437	2026-10-05T21-00-42Z_video_5s	1
24012036	2026-10-05T22:00:38Z_image_compressed	0
24012286	2026-10-05T22:04:46Z_image_compressed	0
24015635	2026-10-05T23-00-37Z_video_5s	1
24019235	2026-10-06T00:00:37Z_image_compressed	0
24019505	2026-10-06T00:05:05Z_image_compressed	0
24022834	2026-10-06T01-00-36Z_video_5s	1
24026433	2026-10-06T02:00:35Z_image_compressed	0
24026683	2026-10-06T02:04:44Z_image_compressed	0
24030033	2026-10-06T03-00-35Z_video_5s	1
24033632	2026-10-06T04:00:34Z_image_compressed	0
24033792	2026-10-06T04:03:12Z_image_compressed	0
24037232	2026-10-06T05-00-34Z_video_5s	1
24040831	2026-10-06T06:00:33Z_image_compressed	0
24040991	2026-10-06T06:03:11Z_image_compressed	0
24044430	2026-10-06T07-00-32Z_video_5s	1
24048030	2026-10-06T08:00:32Z_image_compressed	0
24048190	2026-10-06T08:03:10Z_image_compressed	0
24051629	2026-10-06T09-00-31Z_video_5s	1
24055238	2026-10-06T10:00:40Z_image_compressed	0
24055418	2026-10-06T10:03:38Z_image_compressed	0
24058838	2026-10-06T11-00-40Z_video_5s	1
24062437	2026-10-06T12:00:39Z_image_compressed	0
24062597	2026-10-06T12:03:17Z_image_compressed	0
24066037	2026-10-06T13-00-39Z_video_5s	1
24069636	2026-10-06T14:00:38Z_image_compressed	0
24069916	2026-10-06T14:05:16Z_image_compressed	0
24073235	2026-10-06T15:00:38Z_image_compressed	0
24073525	2026-10-06T15:05:25Z_image_compressed	0
24087873	2026-10-06T19-04-34Z_video_5s	1
24091232	2026-10-06T20-00-32Z_video_5s	1
24094832	2026-10-06T21:00:33Z_image_compressed	0
24095492	2026-10-06T21:11:33Z_image_compressed	0
24106680	2026-10-07T00:18:01Z_image_compressed	0
24109229	2026-10-07T01:00:30Z_image_compressed	0
24112839	2026-10-07T02:00:40Z_image_compressed	0
24113099	2026-10-07T02:04:58Z_image_compressed	0
24116438	2026-10-07T03-00-41Z_video_5s	1
24116728	2026-10-07T03-05-27Z_video_5s	1
24120037	2026-10-07T04-00-42Z_video_5s	1
24123637	2026-10-07T05:00:40Z_image_compressed	0
24127236	2026-10-07T06:00:36Z_image_compressed	0
24127356	2026-10-07T06:02:35Z_image_compressed	0
24130835	2026-10-07T07:00:37Z_image_compressed	0
24134435	2026-10-07T08:00:37Z_image_compressed	0
24138034	2026-10-07T09:00:34Z_image_compressed	0
24141634	2026-10-07T10:00:34Z_image_compressed	0
24145233	2026-10-07T11:00:33Z_image_compressed	0
24148832	2026-10-07T12:00:32Z_image_compressed	0
24152432	2026-10-07T13:00:32Z_image_compressed	0
24156031	2026-10-07T14:00:31Z_image_compressed	0
24159630	2026-10-07T15:00:30Z_image_compressed	0
24163230	2026-10-07T16:00:30Z_image_compressed	0
24166829	2026-10-07T17:00:29Z_image_compressed	0
24170439	2026-10-07T18:00:39Z_image_compressed	0
24174038	2026-10-07T19:00:38Z_image_compressed	0
24177637	2026-10-07T20:00:37Z_image_compressed	0
24181237	2026-10-07T21:00:37Z_image_compressed	0
24184836	2026-10-07T22:00:36Z_image_compressed	0
24188436	2026-10-07T23:00:36Z_image_compressed	0
24192035	2026-10-08T00:00:35Z_image_compressed	0
24195634	2026-10-08T01:00:34Z_image_compressed	0
24199234	2026-10-08T02:00:34Z_image_compressed	0
24202833	2026-10-08T03:00:33Z_image_compressed	0
24206432	2026-10-08T04:00:32Z_image_compressed	0
24210032	2026-10-08T05:00:32Z_image_compressed	0
24213631	2026-10-08T06:00:32Z_image_compressed	0
24217230	2026-10-08T07:00:31Z_image_compressed	0
24220830	2026-10-08T08:00:31Z_image_compressed	0
