row,width,height,distance,quality,bytes,msgs,fits,ssimulacra2,butteraugli_3norm,d_s2,b3_ratio,pass,sig,prod_distance,prod_bytes,prod_msgs,prod_attempts,prod_rfb,clip_pct,headroom_scale
jpeg,1000,562,,80,46359,161,,71.419,1.369,,,,,,,,,,,
bayer,1600,900,3.913,,53858,188,True,65.413,1.967,-6.006,1.437,False,False,3.812,55205,192,2,,,
bayer,1440,810,2.618,,54124,188,True,57.593,2.434,-13.826,1.778,False,False,2.607,54192,189,3,,,
bayer,1360,764,2.327,,54367,189,True,57.026,2.506,-14.393,1.831,False,False,2.33,54324,189,3,,,
bayer,1280,720,2.007,,54439,190,True,57.368,2.594,-14.051,1.895,False,False,1.997,54523,190,3,,,
bayer,1200,674,1.746,,54391,189,True,57.083,2.752,-14.336,2.01,False,False,1.737,54474,190,3,,,
bayer,1120,630,1.44,,54406,189,True,54.009,3.069,-17.41,2.242,False,False,1.435,54441,190,3,,,
bayer,1000,562,1.061,,54202,189,True,49.705,3.629,-21.714,2.651,False,False,1.07,54040,188,3,,,
rgb,1600,900,2.386,,54391,189,True,60.741,1.413,-10.678,1.032,False,False,,,,,,,
rgb,1440,810,1.74,,54300,189,True,55.788,1.45,-15.631,1.059,False,False,,,,,,,
rgb,1360,764,1.559,,54255,189,True,55.165,1.422,-16.254,1.039,False,False,,,,,,,
rgb,1280,720,1.389,,54085,188,True,56.234,1.453,-15.185,1.061,False,False,,,,,,,
rgb,1200,674,1.23,,54135,188,True,57.102,1.394,-14.317,1.018,False,False,,,,,,,
rgb,1120,630,1.048,,54264,189,True,56.298,1.415,-15.121,1.034,False,False,,,,,,,
rgb,1000,562,0.817,,54375,189,True,56.742,1.44,-14.677,1.052,False,False,,,,,,,
rgbv,1600,900,2.045,,54090,188,True,72.428,1.063,1.009,0.776,True,False,,,,,,,
rgbv,1440,810,1.607,,54473,190,True,72.186,1.114,0.767,0.814,True,False,,,,,,,
rgbv,1360,764,1.45,,54274,189,True,71.956,1.101,0.537,0.804,True,False,,,,,,,
rgbv,1280,720,1.267,,54381,189,True,72.541,1.089,1.122,0.795,True,False,,,,,,,
rgbv,1200,674,1.17,,54465,190,True,72.301,1.11,0.882,0.811,True,False,,,,,,,
rgbv,1120,630,1.048,,54048,188,True,71.835,1.185,0.416,0.866,True,False,,,,,,,
rgbv,1000,562,0.853,,54030,188,True,72.151,1.165,0.732,0.851,True,False,,,,,,,
rgbw,1600,900,2.082,,54397,189,True,76.444,1.2,5.025,0.877,True,True,,,,,,0.0013,
rgbw,1440,810,1.656,,54339,189,True,74.763,1.146,3.344,0.837,True,False,,,,,,0.0012,
rgbw,1360,764,1.486,,54262,189,True,75.283,1.091,3.864,0.797,True,False,,,,,,0.0013,
rgbw,1280,720,1.304,,54382,189,True,75.672,1.107,4.253,0.809,True,False,,,,,,0.0011,
rgbw,1200,674,1.206,,54189,189,True,75.551,1.18,4.132,0.862,True,False,,,,,,0.0012,
rgbw,1120,630,1.073,,53910,188,True,74.372,1.294,2.953,0.945,True,False,,,,,,0.0011,
rgbw,1000,562,0.878,,53721,187,True,75.052,1.199,3.633,0.876,True,False,,,,,,0.0009,
rgbwi,1600,900,1.474,,54350,189,True,75.633,1.037,4.214,0.757,True,False,,,,,,,2.4144
rgbwi,1440,810,1.157,,54427,189,True,74.859,1.066,3.44,0.779,True,False,,,,,,,2.4144
rgbwi,1360,764,1.036,,54337,189,True,74.999,1.07,3.58,0.782,True,False,,,,,,,2.4144
rgbwi,1280,720,0.915,,54451,190,True,75.153,1.062,3.734,0.776,True,False,,,,,,,2.4144
rgbwi,1200,674,0.853,,53830,187,True,75.158,1.087,3.739,0.794,True,False,,,,,,,2.4144
rgbwi,1120,630,0.756,,54208,189,True,74.17,1.115,2.751,0.814,True,False,,,,,,,2.4144
rgbwi,1000,562,0.623,,54218,189,True,74.702,1.135,3.283,0.829,True,False,,,,,,,2.4144
rgbwa,1600,900,1.68,,54146,189,True,76.05,1.033,4.631,0.755,True,False,,,,,,,1.8076
rgbwa,1440,810,1.341,,54443,190,True,74.806,1.062,3.387,0.776,True,False,,,,,,,1.6613
rgbwa,1360,764,1.206,,54340,189,True,75.364,1.056,3.945,0.771,True,False,,,,,,,1.684
rgbwa,1280,720,1.06,,53980,188,True,75.365,1.064,3.946,0.777,True,False,,,,,,,1.6945
rgbwa,1200,674,1.024,,54219,189,True,75.268,1.082,3.849,0.79,True,False,,,,,,,1.5242
rgbwa,1120,630,0.903,,54289,189,True,74.65,1.142,3.231,0.834,True,False,,,,,,,1.5565
rgbwa,1000,562,0.78,,54349,189,True,74.996,1.138,3.577,0.831,True,False,,,,,,,1.3761
